image,occlusion,cited_drop,control_drop,n_features,dataset,effect_over_control
MHIST_aad.png,black,0.164895753065745,0.25557961447371375,3,MHIST,-0.09068386140796875
MHIST_aad.png,blur,0.12038842837015784,0.2179742043217023,3,MHIST,-0.09758577595154447
MHIST_aad.png,mean,0.14061703284581498,0.26139867520994603,3,MHIST,-0.12078164236413105
MHIST_aag.png,black,0.1304594874382019,0.40125019848346705,2,MHIST,-0.27079071104526514
MHIST_aag.png,blur,0.11478286981582635,0.23802731484174727,2,MHIST,-0.12324444502592093
MHIST_aag.png,mean,0.09159463644027704,0.31286564469337463,2,MHIST,-0.2212710082530976
MHIST_aah.png,black,0.1724432110786438,0.3260236332813899,2,MHIST,-0.1535804222027461
MHIST_aah.png,blur,0.0569448471069335,0.2339185244507259,2,MHIST,-0.17697367734379238
MHIST_aah.png,mean,0.1120203137397766,0.3672575619485643,2,MHIST,-0.2552372482087877
MHIST_aaq.png,black,0.2992742508649826,0.36934923902153965,2,MHIST,-0.07007498815655705
MHIST_aaq.png,blur,0.16225990653038025,0.2913808494806289,2,MHIST,-0.12912094295024867
MHIST_aaq.png,mean,0.20673462748527524,0.3318888783454894,2,MHIST,-0.12515425086021417
MHIST_aar.png,black,0.20181492964426673,0.26892396261294677,3,MHIST,-0.06710903296868004
MHIST_aar.png,blur,0.17801853020985922,0.2371819168329238,3,MHIST,-0.059163386623064584
MHIST_aar.png,mean,0.18272254864374793,0.2842427293459574,3,MHIST,-0.10152018070220947
MHIST_aay.png,black,0.21582256754239393,0.4082219292720159,3,MHIST,-0.19239936172962196
MHIST_aay.png,blur,0.2049382925033569,0.41165350427230196,3,MHIST,-0.20671521176894506
MHIST_aay.png,mean,0.17246907949447632,0.411794202029705,3,MHIST,-0.2393251225352287
MHIST_aaz.png,black,0.29422714312871295,0.3935649702946345,3,MHIST,-0.09933782716592154
MHIST_aaz.png,blur,0.17777131001154578,0.18596267054478322,3,MHIST,-0.008191360533237435
MHIST_aaz.png,mean,0.25380372007687885,0.27921376824378963,3,MHIST,-0.02541004816691078
MHIST_abb.png,black,0.2279004057248433,0.3232131501941969,3,MHIST,-0.09531274446935359
MHIST_abb.png,blur,0.2079905271530151,0.2550988980766498,3,MHIST,-0.04710837092363471
MHIST_abb.png,mean,0.23231639464696244,0.3114044800400733,3,MHIST,-0.07908808539311088
MHIST_abe.png,black,0.16180749734242753,0.2444916273156802,3,MHIST,-0.08268412997325267
MHIST_abe.png,blur,0.12416547536849971,0.18156655927499132,3,MHIST,-0.05740108390649161
MHIST_abe.png,mean,0.08148525158564243,0.18661569952964782,3,MHIST,-0.10513044794400539
MHIST_abs.png,black,0.17143031954765314,0.30733840316534045,2,MHIST,-0.1359080836176873
MHIST_abs.png,blur,0.23942914605140686,0.29796441793441775,2,MHIST,-0.058535271883010886
MHIST_abs.png,mean,0.21988424658775324,0.3247490175068378,2,MHIST,-0.10486477091908458
MHIST_abx.png,black,-0.03182186683018997,-0.04283843139807377,3,MHIST,0.011016564567883802
MHIST_abx.png,blur,-0.0350550611813863,-0.021769767006238266,3,MHIST,-0.013285294175148035
MHIST_abx.png,mean,-0.04710801442464186,-0.037940157453219034,3,MHIST,-0.009167856971422826
MHIST_acb.png,black,0.2791200131177902,0.39857017658650873,2,MHIST,-0.1194501634687185
MHIST_acb.png,blur,0.24123159050941467,0.2591580733656883,2,MHIST,-0.01792648285627363
MHIST_acb.png,mean,0.2462290078401565,0.3285918332636356,2,MHIST,-0.08236282542347911
MHIST_acg.png,black,0.1915433009465535,0.3173768902818362,3,MHIST,-0.1258335893352827
MHIST_acg.png,blur,0.12218874692916866,0.13708992054065067,3,MHIST,-0.014901173611482008
MHIST_acg.png,mean,0.11257320642471307,0.16643356879552199,3,MHIST,-0.05386036237080892
MHIST_aco.png,black,0.2791786938905716,0.3431776691228151,2,MHIST,-0.06399897523224352
MHIST_aco.png,blur,0.255730539560318,0.2970918647944927,2,MHIST,-0.041361325234174684
MHIST_aco.png,mean,0.30135926604270935,0.32982504442334176,2,MHIST,-0.02846577838063241
MHIST_acq.png,black,0.14907179276148474,0.3069772943854332,3,MHIST,-0.15790550162394845
MHIST_acq.png,blur,0.050797720750172894,0.22533958206574115,3,MHIST,-0.17454186131556826
MHIST_acq.png,mean,0.0799090464909871,0.29763943602641424,3,MHIST,-0.21773038953542714
MHIST_acw.png,black,0.19238649308681485,0.3345543285210927,2,MHIST,-0.14216783543427783
MHIST_acw.png,blur,0.20187990367412564,0.36250891834497445,2,MHIST,-0.1606290146708488
MHIST_acw.png,mean,0.18751928210258478,0.42101103762785586,2,MHIST,-0.23349175552527107
MHIST_acy.png,black,-0.14297533035278312,-0.21436283489068345,3,MHIST,0.07138750453790033
MHIST_acy.png,blur,-0.05505265792210897,-0.19854681094487503,3,MHIST,0.14349415302276605
MHIST_acy.png,mean,-0.054567396640777595,-0.20057432452837623,3,MHIST,0.14600692788759864
MHIST_adc.png,black,0.17241750160853067,0.277502259115378,3,MHIST,-0.10508475750684734
MHIST_adc.png,blur,0.20033949613571164,0.24171121567487716,3,MHIST,-0.04137171953916552
MHIST_adc.png,mean,0.22126843531926474,0.3237007727225621,3,MHIST,-0.10243233740329735
MHIST_add.png,black,0.2705940008163452,0.4044039981232748,3,MHIST,-0.1338099973069296
MHIST_add.png,blur,0.2948670784632365,0.31634131073951716,3,MHIST,-0.021474232276280647
MHIST_add.png,mean,0.3037633498509725,0.36165349715285827,3,MHIST,-0.0578901473018858
MHIST_adj.png,black,0.1517860144376754,0.35133612267673014,2,MHIST,-0.19955010823905475
MHIST_adj.png,blur,0.17942166328430173,0.2896456845104694,2,MHIST,-0.11022402122616767
MHIST_adj.png,mean,0.24345263838768005,0.3875486213713884,2,MHIST,-0.14409598298370835
MHIST_ado.png,black,0.21035367250442505,0.266891960799694,3,MHIST,-0.05653828829526897
MHIST_ado.png,blur,0.204336941242218,0.22633473724126815,3,MHIST,-0.021997795999050163
MHIST_ado.png,mean,0.20160712798436478,0.24985021849473313,3,MHIST,-0.04824309051036835
MHIST_adx.png,black,0.15353277325630185,0.25990084665162216,2,MHIST,-0.10636807339532031
MHIST_adx.png,blur,0.061043232679366996,0.1493081911688759,2,MHIST,-0.0882649584895089
MHIST_adx.png,mean,0.0899073183536529,0.19228334701250466,2,MHIST,-0.10237602865885176
MHIST_ady.png,black,0.37731511394182843,0.336283278465271,3,MHIST,0.04103183547655742
MHIST_ady.png,blur,0.25600520769755036,0.2481375599900881,3,MHIST,0.00786764770746226
MHIST_ady.png,mean,0.292281707127889,0.2786984677116076,3,MHIST,0.013583239416281367
MHIST_aeb.png,black,-0.19576224684715268,-0.25626046806573866,2,MHIST,0.060498221218585974
MHIST_aeb.png,blur,-0.1333629488945007,-0.24070502370595925,2,MHIST,0.10734207481145855
MHIST_aeb.png,mean,-0.1354698836803436,-0.24389654994010923,2,MHIST,0.10842666625976563
MHIST_aec.png,black,0.31971444686253864,0.3754522867500782,3,MHIST,-0.05573783988753955
MHIST_aec.png,blur,0.3004698753356933,0.3367583706974983,3,MHIST,-0.03628849536180501
MHIST_aec.png,mean,0.36908675233523053,0.38458234220743176,3,MHIST,-0.015495589872201232
MHIST_aee.png,black,0.21186397969722745,0.34546303376555443,2,MHIST,-0.13359905406832698
MHIST_aee.png,blur,0.05781900882720945,0.2295296885073185,2,MHIST,-0.17171067968010906
MHIST_aee.png,mean,0.0493643283843994,0.2393918745219707,2,MHIST,-0.19002754613757128
MHIST_aej.png,black,0.3926021506388982,0.4409804419924815,3,MHIST,-0.04837829135358329
MHIST_aej.png,blur,0.32735393444697064,0.41887881706158314,3,MHIST,-0.0915248826146125
MHIST_aej.png,mean,0.33467810352643323,0.39877838119864456,3,MHIST,-0.06410027767221133
MHIST_aek.png,black,0.23680454492568964,0.3250060919672251,2,MHIST,-0.08820154704153543
MHIST_aek.png,blur,0.24088597297668454,0.219169296324253,2,MHIST,0.021716676652431544
MHIST_aek.png,mean,0.1701646745204925,0.19997126311063765,2,MHIST,-0.02980658859014515
MHIST_aep.png,black,0.17077022790908808,0.15038858652114862,2,MHIST,0.020381641387939464
MHIST_aep.png,blur,0.13726204633712766,0.17849172502756117,2,MHIST,-0.04122967869043351
MHIST_aep.png,mean,0.2237419337034225,0.21319910287857055,2,MHIST,0.01054283082485194
MHIST_aeq.png,black,0.3714707568287849,0.43456035703420637,2,MHIST,-0.06308960020542148
MHIST_aeq.png,blur,0.2918538302183151,0.33237182274460786,2,MHIST,-0.040517992526292734
MHIST_aeq.png,mean,0.3253231644630432,0.40070523917675016,2,MHIST,-0.07538207471370695
MHIST_aes.png,black,0.22791480024655655,0.36838908394177755,3,MHIST,-0.140474283695221
MHIST_aes.png,blur,0.16064461072285965,0.27189290374517444,3,MHIST,-0.11124829302231479
MHIST_aes.png,mean,0.18278590838114414,0.3692655459046364,3,MHIST,-0.18647963752349225
MHIST_aez.png,black,0.19254715243975315,0.34523813898364697,3,MHIST,-0.15269098654389382
MHIST_aez.png,blur,0.23737671971321103,0.29740258480111753,3,MHIST,-0.0600258650879065
MHIST_aez.png,mean,0.18946496645609537,0.30930346027016636,3,MHIST,-0.119838493814071
MHIST_afc.png,black,0.16498243808746335,0.15254903286695476,2,MHIST,0.012433405220508592
MHIST_afc.png,blur,0.1122955381870269,0.1065086737275123,2,MHIST,0.005786864459514596
MHIST_afc.png,mean,0.1171678304672241,0.20324180126190183,2,MHIST,-0.08607397079467774
MHIST_aff.png,black,0.1305800378322601,0.2369698911905288,2,MHIST,-0.1063898533582687
MHIST_aff.png,blur,0.10542398691177365,0.1503971517086029,2,MHIST,-0.04497316479682925
MHIST_aff.png,mean,0.1243214607238769,0.243563662469387,2,MHIST,-0.11924220174551009
MHIST_afg.png,black,0.11894199252128596,0.2765762197652033,2,MHIST,-0.15763422724391735
MHIST_afg.png,blur,0.11358293890953061,0.1893812817122255,2,MHIST,-0.0757983428026949
MHIST_afg.png,mean,0.20624466240406034,0.2899905463946717,2,MHIST,-0.08374588399061136
MHIST_afm.png,black,0.2389122694730758,0.31379711180925374,2,MHIST,-0.07488484233617793
MHIST_afm.png,blur,0.19599072635173795,0.25043308585882185,2,MHIST,-0.0544423595070839
MHIST_afm.png,mean,0.3309847563505173,0.3504344701766967,2,MHIST,-0.019449713826179438
MHIST_afn.png,black,0.1604653149843216,0.1604653149843216,2,MHIST,0.0
MHIST_afn.png,blur,0.3193445429205894,0.3193445429205894,2,MHIST,0.0
MHIST_afn.png,mean,0.2635176926851272,0.2635176926851272,2,MHIST,0.0
MHIST_afo.png,black,0.2724996705849965,0.35385123863816254,3,MHIST,-0.08135156805316601
MHIST_afo.png,blur,0.1296463012695312,0.1782749891281127,3,MHIST,-0.048628687858581515
MHIST_afo.png,mean,0.16316729784011832,0.25506874918937683,3,MHIST,-0.0919014513492585
MHIST_afs.png,black,-0.03745162487030025,-0.15237419456243512,2,MHIST,0.11492256969213487
MHIST_afs.png,blur,-0.09473407268524164,-0.17244123220443724,2,MHIST,0.0777071595191956
MHIST_afs.png,mean,-0.0809276103973388,-0.20235361158847803,2,MHIST,0.12142600119113924
MHIST_agb.png,black,0.32209787766138703,0.36429748733838396,3,MHIST,-0.04219960967699693
MHIST_agb.png,blur,0.22856428225835165,0.25037987480560936,3,MHIST,-0.021815592547257706
MHIST_agb.png,mean,0.2268172800540924,0.2508411452174186,3,MHIST,-0.02402386516332622
MHIST_agd.png,black,0.20614339907964066,0.18308248172203698,3,MHIST,0.023060917357603683
MHIST_agd.png,blur,0.06842299302419019,0.12975255350271855,3,MHIST,-0.06132956047852836
MHIST_agd.png,mean,0.1075691978136698,0.18604251113202833,3,MHIST,-0.07847331331835852
MHIST_agh.png,black,0.3285062611103058,0.3604286633431911,2,MHIST,-0.03192240223288534
MHIST_agh.png,blur,0.1403368860483169,0.2037322141230106,2,MHIST,-0.0633953280746937
MHIST_agh.png,mean,0.1813140213489532,0.26815857887268063,2,MHIST,-0.08684455752372744
MHIST_agi.png,black,0.1589063704013824,0.2394813358783722,2,MHIST,-0.08057496547698981
MHIST_agi.png,blur,0.0423708856105804,0.09698104262351985,2,MHIST,-0.05461015701293945
MHIST_agi.png,mean,0.09363770484924311,0.1812410846352577,2,MHIST,-0.0876033797860146
MHIST_agk.png,black,0.15776169300079343,0.26217202420035995,3,MHIST,-0.10441033119956653
MHIST_agk.png,blur,0.08675165971120197,0.17685602655013397,3,MHIST,-0.090104366838932
MHIST_agk.png,mean,0.10937155286471047,0.19916763131817175,3,MHIST,-0.08979607845346128
MHIST_agu.png,black,0.12710746129353842,0.34787745724121727,3,MHIST,-0.22076999594767885
MHIST_agu.png,blur,0.10853050152460735,0.2889461497465769,3,MHIST,-0.18041564822196954
MHIST_agu.png,mean,0.14652490615844718,0.27961075554291404,3,MHIST,-0.13308584938446685
MHIST_agy.png,black,0.26857835054397583,0.42430526968091725,2,MHIST,-0.15572691913694142
MHIST_agy.png,blur,0.1928907930850982,0.2972470648586749,2,MHIST,-0.1043562717735767
MHIST_agy.png,mean,0.16493535041809076,0.32539363130927085,2,MHIST,-0.16045828089118008
MHIST_aha.png,black,0.2314628958702087,0.2859271279639668,3,MHIST,-0.054464232093758086
MHIST_aha.png,blur,0.17087932427724195,0.30131655964586473,3,MHIST,-0.13043723536862278
MHIST_aha.png,mean,0.20786521832148233,0.2821019743879636,3,MHIST,-0.07423675606648125
MHIST_ahb.png,black,0.28391110897064203,0.3378292348235845,2,MHIST,-0.05391812585294248
MHIST_ahb.png,blur,0.2567917108535766,0.13835650682449335,2,MHIST,0.11843520402908325
MHIST_ahb.png,mean,0.33335521817207336,0.2393823519349098,2,MHIST,0.09397286623716355
MHIST_ahd.png,black,0.16555818915367124,0.2603882337609926,3,MHIST,-0.09483004460732139
MHIST_ahd.png,blur,0.10246789455413813,0.2428730101102874,3,MHIST,-0.14040511555614926
MHIST_ahd.png,mean,0.17362225055694572,0.28335348481223693,3,MHIST,-0.10973123425529122
MHIST_aho.png,black,0.20773771405220026,0.3401854410767555,2,MHIST,-0.13244772702455526
MHIST_aho.png,blur,0.17731472849845886,0.2851553924381733,2,MHIST,-0.10784066393971442
MHIST_aho.png,mean,0.22880932688713068,0.3286718524992466,2,MHIST,-0.0998625256121159
MHIST_ahq.png,black,0.31980754931767774,0.3850711000462373,3,MHIST,-0.06526355072855955
MHIST_ahq.png,blur,0.2182537913322448,0.2879289507865906,3,MHIST,-0.0696751594543458
MHIST_ahq.png,mean,0.2404341200987498,0.3196107114354769,3,MHIST,-0.07917659133672714
MHIST_ahr.png,black,0.28053295612335205,0.3597688347101211,2,MHIST,-0.07923587858676906
MHIST_ahr.png,blur,0.30194358527660364,0.34314223006367683,2,MHIST,-0.04119864478707319
MHIST_ahr.png,mean,0.2955235242843628,0.3802677102386951,2,MHIST,-0.08474418595433231
MHIST_ahw.png,black,0.2332307994365692,0.3110102919240792,3,MHIST,-0.07777949248750998
MHIST_ahw.png,blur,0.20818695425987244,0.27412857388456663,3,MHIST,-0.06594161962469419
MHIST_ahw.png,mean,0.28152309854825336,0.3424872674047947,3,MHIST,-0.06096416885654132
MHIST_aie.png,black,-0.1234998106956482,-0.15236211518446605,3,MHIST,0.028862304488817853
MHIST_aie.png,blur,-0.0659785270690918,-0.13483931422233578,3,MHIST,0.06886078715324398
MHIST_aie.png,mean,-0.0657489895820617,-0.14474962552388504,3,MHIST,0.07900063594182334
MHIST_aif.png,black,0.18928925196329752,0.2914111062884331,3,MHIST,-0.10212185432513557
MHIST_aif.png,blur,0.17601446310679117,0.22119762798150377,3,MHIST,-0.045183164874712606
MHIST_aif.png,mean,0.1577622294425964,0.22711685051520658,3,MHIST,-0.06935462107261017
MHIST_aim.png,black,0.29334263006846106,0.33520005991061524,3,MHIST,-0.04185742984215418
MHIST_aim.png,blur,0.266278733809789,0.31450518121321996,3,MHIST,-0.04822644740343096
MHIST_aim.png,mean,0.26108364264170325,0.30749629636605574,3,MHIST,-0.04641265372435249
MHIST_ain.png,black,0.153895358244578,0.33248723993698753,3,MHIST,-0.17859188169240953
MHIST_ain.png,blur,0.13090475400288895,0.12903742094834644,3,MHIST,0.0018673330545425082
MHIST_ain.png,mean,0.21827673912048337,0.2762336800495783,3,MHIST,-0.05795694092909495
MHIST_ais.png,black,0.24396383762359614,0.24000513702630988,2,MHIST,0.003958700597286258
MHIST_ais.png,blur,0.2324937880039215,0.2310679048299789,2,MHIST,0.0014258831739425992
MHIST_ais.png,mean,0.2690418362617492,0.23035656958818435,2,MHIST,0.038685266673564866
MHIST_ajc.png,black,0.21826523542404172,0.1958347638448079,3,MHIST,0.022430471579233807
MHIST_ajc.png,blur,0.1261012554168701,0.17295830448468522,3,MHIST,-0.046857049067815126
MHIST_ajc.png,mean,0.14961810906728107,0.20740531682968136,3,MHIST,-0.05778720776240029
MHIST_ajd.png,black,0.20910865068435666,0.2965149488300085,2,MHIST,-0.08740629814565185
MHIST_ajd.png,blur,0.32396993041038513,0.31613792255520823,2,MHIST,0.007832007855176903
MHIST_ajd.png,mean,0.2134401798248291,0.3075289532542229,2,MHIST,-0.09408877342939381
MHIST_ajn.png,black,0.2656850914160411,0.37984411915143323,3,MHIST,-0.11415902773539216
MHIST_ajn.png,blur,0.2288585205872853,0.18923610399166738,3,MHIST,0.03962241659561794
MHIST_ajn.png,mean,0.26193078358968097,0.3067223543922106,3,MHIST,-0.04479157080252966
MHIST_ajo.png,black,0.2287489672501882,0.2670832062760989,3,MHIST,-0.03833423902591068
MHIST_ajo.png,blur,0.24313986301422116,0.24190290172894793,3,MHIST,0.0012369612852732303
MHIST_ajo.png,mean,0.20716816186904904,0.2591523776451746,3,MHIST,-0.05198421577612558
MHIST_ajp.png,black,-0.08873134851455683,-0.10267204940319057,3,MHIST,0.013940700888633736
MHIST_ajp.png,blur,-0.09520024061202999,-0.08406303922335302,3,MHIST,-0.011137201388676965
MHIST_ajp.png,mean,-0.09162743886311843,-0.10666759312152857,3,MHIST,0.01504015425841014
MHIST_aju.png,black,0.15605189402898148,0.27037049482266107,3,MHIST,-0.11431860079367959
MHIST_aju.png,blur,0.15885941187540686,0.22670551836490624,3,MHIST,-0.06784610648949937
MHIST_aju.png,mean,0.15958241621653232,0.2525059143702189,3,MHIST,-0.09292349815368658
MHIST_ajy.png,black,0.23606151342391965,0.2264919504523277,2,MHIST,0.00956956297159195
MHIST_ajy.png,blur,0.2973361909389496,0.21607512980699534,2,MHIST,0.08126106113195425
MHIST_ajy.png,mean,0.30062273144721985,0.250668966025114,2,MHIST,0.049953765422105834
MHIST_ajz.png,black,0.1584219137827555,0.27498876303434366,3,MHIST,-0.11656684925158817
MHIST_ajz.png,blur,0.14874203999837235,0.25201055871115785,3,MHIST,-0.1032685187127855
MHIST_ajz.png,mean,0.14222643772761023,0.24323690897888603,3,MHIST,-0.1010104712512758
MHIST_akc.png,black,0.15467820564905796,0.32988880863265385,3,MHIST,-0.1752106029835959
MHIST_akc.png,blur,0.1636940240859985,0.22751949703882612,3,MHIST,-0.06382547295282762
MHIST_akc.png,mean,0.14803131421407056,0.29954125077005417,3,MHIST,-0.1515099365559836
MHIST_akd.png,black,0.2249111384153366,0.2488378370446818,2,MHIST,-0.023926698629345183
MHIST_akd.png,blur,0.2504366487264633,0.2290667615830898,2,MHIST,0.02136988714337351
MHIST_akd.png,mean,0.28993964195251465,0.30240670229707445,2,MHIST,-0.0124670603445598
MHIST_aki.png,black,0.20020452141761774,0.2790511164527673,2,MHIST,-0.07884659503514957
MHIST_aki.png,blur,0.1057873964309692,0.2591484125417012,2,MHIST,-0.153361016110732
MHIST_aki.png,mean,0.1619610786437988,0.32047607778356624,2,MHIST,-0.15851499913976744
MHIST_akk.png,black,0.21349760890007013,0.3616037877306105,2,MHIST,-0.1481061788305404
MHIST_akk.png,blur,0.1395810842514038,0.18749137719472245,2,MHIST,-0.04791029294331864
MHIST_akk.png,mean,0.22213843464851374,0.2506250857360779,2,MHIST,-0.028486651087564152
MHIST_akl.png,black,0.2693079560995102,0.4312496230006218,2,MHIST,-0.16194166690111161
MHIST_akl.png,blur,0.20521119236946106,0.30424492135643955,2,MHIST,-0.09903372898697849
MHIST_akl.png,mean,0.19913107156753534,0.36462059244513506,2,MHIST,-0.16548952087759972
MHIST_akn.png,black,0.25409439206123346,0.3163821160793304,2,MHIST,-0.06228772401809696
MHIST_akn.png,blur,0.1521679461002349,0.2452005565166473,2,MHIST,-0.09303261041641239
MHIST_akn.png,mean,0.21842187643051147,0.30103823021054266,2,MHIST,-0.08261635378003118
MHIST_akp.png,black,0.10627470413843787,0.20982006948303292,3,MHIST,-0.10354536534459505
MHIST_akp.png,blur,0.15196605523427323,0.21169565728417147,3,MHIST,-0.059729602049898245
MHIST_akp.png,mean,0.11605358123779293,0.2325599468554612,3,MHIST,-0.11650636561766826
MHIST_akv.png,black,0.2646485765775044,0.2987269988977442,3,MHIST,-0.034078422320239776
MHIST_akv.png,blur,0.11289948225021357,0.22340082765794264,3,MHIST,-0.11050134540772907
MHIST_akv.png,mean,0.14446133375167844,0.2591817059061106,3,MHIST,-0.11472037215443218
MHIST_akx.png,black,0.3460482060909271,0.3116276610642671,2,MHIST,0.03442054502666003
MHIST_akx.png,blur,0.13936793804168696,0.2590522032231092,2,MHIST,-0.11968426518142222
MHIST_akx.png,mean,0.18367725610733027,0.29620767273008825,2,MHIST,-0.11253041662275798
MHIST_aky.png,black,0.1087446212768554,0.2598476896160527,2,MHIST,-0.1511030683391973
MHIST_aky.png,blur,0.0381661653518676,0.1541077651475605,2,MHIST,-0.1159415997956929
MHIST_aky.png,mean,0.0844027996063232,0.1761537507960671,2,MHIST,-0.0917509511897439
MHIST_alc.png,black,0.21640108029047644,0.26433290342489874,3,MHIST,-0.04793182313442229
MHIST_alc.png,blur,0.2523045539855957,0.33234052360057825,3,MHIST,-0.08003596961498255
MHIST_alc.png,mean,0.2585635781288147,0.3245627989371618,3,MHIST,-0.06599922080834708
MHIST_ale.png,black,0.3689604699611664,0.33213094539112514,2,MHIST,0.03682952457004124
MHIST_ale.png,blur,0.159319132566452,0.19861959252092565,2,MHIST,-0.03930045995447365
MHIST_ale.png,mean,0.27903062105178833,0.26606722258859206,2,MHIST,0.012963398463196274
MHIST_alg.png,black,0.27916948994000745,0.3319639772176743,3,MHIST,-0.052794487277666835
MHIST_alg.png,blur,0.3212327162424723,0.34886469331880415,3,MHIST,-0.02763197707633186
MHIST_alg.png,mean,0.34117210408051807,0.37175016241768993,3,MHIST,-0.030578058337171865
MHIST_ali.png,black,0.14609996477762857,0.2771667495369911,3,MHIST,-0.13106678475936254
MHIST_ali.png,blur,0.1910713712374369,0.22777202874422073,3,MHIST,-0.036700657506783835
MHIST_ali.png,mean,0.13229569792747498,0.2419508223732312,3,MHIST,-0.10965512444575623
MHIST_alo.png,black,0.2602241784334182,0.21158335843966117,3,MHIST,0.04864081999375705
MHIST_alo.png,blur,0.21736436088879899,0.14977177984657739,3,MHIST,0.0675925810422216
MHIST_alo.png,mean,0.2820453147093455,0.2310875502370652,3,MHIST,0.050957764472280315
MHIST_alr.png,black,0.09208149711290993,0.0953639916247792,3,MHIST,-0.003282494511869266
MHIST_alr.png,blur,0.23434204856554663,0.18358663524742477,3,MHIST,0.05075541331812186
MHIST_alr.png,mean,0.18242503205935157,0.17960104445616398,3,MHIST,0.0028239876031875832
MHIST_als.png,black,0.2331246733665466,0.3072168938815593,2,MHIST,-0.07409222051501271
MHIST_als.png,blur,0.1367195546627044,0.1574796333909034,2,MHIST,-0.02076007872819899
MHIST_als.png,mean,0.1628115475177765,0.3112851895391941,2,MHIST,-0.1484736420214176
MHIST_alt.png,black,0.25000132620334625,0.2564665084083875,2,MHIST,-0.00646518220504122
MHIST_alt.png,blur,0.16444277763366694,0.10873007799188289,2,MHIST,0.05571269964178405
MHIST_alt.png,mean,0.2612641006708145,0.18279122610886883,2,MHIST,0.07847287456194568
MHIST_alv.png,black,-0.18654731909433997,-0.17570786376794176,3,MHIST,-0.010839455326398212
MHIST_alv.png,blur,-0.1535904804865519,-0.14847042659918464,3,MHIST,-0.005120053887367276
MHIST_alv.png,mean,-0.20113980770111076,-0.23244045178095496,3,MHIST,0.0313006440798442
MHIST_ame.png,black,-0.15900149941444391,-0.17251079976558686,2,MHIST,0.01350930035114295
MHIST_ame.png,blur,-0.2215749621391296,-0.20838418155908578,2,MHIST,-0.013190780580043832
MHIST_ame.png,mean,-0.1902684271335601,-0.20425157248973846,2,MHIST,0.013983145356178367
MHIST_ami.png,black,0.22398331761360163,0.2615451328456402,2,MHIST,-0.03756181523203855
MHIST_ami.png,blur,0.1263563930988311,0.24534243792295454,2,MHIST,-0.11898604482412345
MHIST_ami.png,mean,0.12625220417976374,0.26700362414121626,2,MHIST,-0.14075141996145252
MHIST_amm.png,black,0.23661963144938147,0.327841746310393,3,MHIST,-0.0912221148610115
MHIST_amm.png,blur,0.14663024743398023,0.24698427021503444,3,MHIST,-0.10035402278105421
MHIST_amm.png,mean,0.14667842785517368,0.24139459629853563,3,MHIST,-0.09471616844336195
MHIST_amo.png,black,0.36941015720367426,0.38799825236201285,3,MHIST,-0.01858809515833859
MHIST_amo.png,blur,0.2364693979422251,0.2776563281814257,3,MHIST,-0.041186930239200614
MHIST_amo.png,mean,0.24638070662816366,0.3377077351013819,3,MHIST,-0.09132702847321825
MHIST_amq.png,black,0.2391906181971232,0.3683728401859601,3,MHIST,-0.12918222198883691
MHIST_amq.png,blur,0.17148075501124063,0.31856810152530673,3,MHIST,-0.1470873465140661
MHIST_amq.png,mean,0.21759853760401404,0.4059035720924536,3,MHIST,-0.18830503448843955
MHIST_amv.png,black,0.30385011434555054,0.2178862385451793,2,MHIST,0.08596387580037124
MHIST_amv.png,blur,0.1492572426795959,0.1694034412503242,2,MHIST,-0.020146198570728302
MHIST_amv.png,mean,0.17152628302574155,0.19471414834260936,2,MHIST,-0.02318786531686781
MHIST_amw.png,black,-0.1483227411905924,-0.23231977025667824,3,MHIST,0.08399702906608583
MHIST_amw.png,blur,-0.1064289808273315,-0.22226467033227282,3,MHIST,0.11583568950494132
MHIST_amw.png,mean,-0.11802939573923743,-0.2407396674156189,3,MHIST,0.12271027167638146
MHIST_amz.png,black,0.2022363543510437,0.4194364314277967,3,MHIST,-0.21720007707675298
MHIST_amz.png,blur,0.09542063872019446,0.2888922333717346,3,MHIST,-0.19347159465154012
MHIST_amz.png,mean,0.12495134274164833,0.294135969877243,3,MHIST,-0.16918462713559468
MHIST_ana.png,black,0.3254152685403824,0.3134275443851948,2,MHIST,0.011987724155187562
MHIST_ana.png,blur,0.1336306035518646,0.23776903152465814,2,MHIST,-0.10413842797279355
MHIST_ana.png,mean,0.1832799315452575,0.2583036288619041,2,MHIST,-0.0750236973166466
MHIST_anc.png,black,0.462993785738945,0.40566756079594296,3,MHIST,0.057326224943002047
MHIST_anc.png,blur,0.37451561788717896,0.3262015183766683,3,MHIST,0.04831409951051069
MHIST_anc.png,mean,0.4258751223484675,0.3633334033191204,3,MHIST,0.06254171902934713
MHIST_and.png,black,0.1734214127063751,0.38078297935426236,2,MHIST,-0.20736156664788727
MHIST_and.png,blur,0.1683156490325927,0.3042546600103378,2,MHIST,-0.1359390109777451
MHIST_and.png,mean,0.1407036483287811,0.3344935320317745,2,MHIST,-0.1937898837029934
MHIST_ane.png,black,0.2267011702060699,0.42195858284831045,2,MHIST,-0.19525741264224056
MHIST_ane.png,blur,0.14198046922683716,0.20076223462820048,2,MHIST,-0.05878176540136332
MHIST_ane.png,mean,0.2589439451694488,0.33767165467143057,2,MHIST,-0.07872770950198177
MHIST_ank.png,black,0.28143511712551117,0.37148338705301287,2,MHIST,-0.0900482699275017
MHIST_ank.png,blur,0.16599097847938535,0.17124580591917035,2,MHIST,-0.005254827439785004
MHIST_ank.png,mean,0.2403883337974548,0.2341165632009506,2,MHIST,0.006271770596504217
MHIST_anm.png,black,0.25212450822194415,0.25377052724361415,3,MHIST,-0.0016460190216699977
MHIST_anm.png,blur,0.11506718397140499,0.19481873909632363,3,MHIST,-0.07975155512491865
MHIST_anm.png,mean,0.17386349042256674,0.2107371717691421,3,MHIST,-0.03687368134657537
MHIST_ann.png,black,0.32244348526000977,0.3779001571238041,2,MHIST,-0.05545667186379433
MHIST_ann.png,blur,0.2071588635444641,0.3125494331121444,2,MHIST,-0.10539056956768028
MHIST_ann.png,mean,0.1802563667297363,0.3670871943235397,2,MHIST,-0.1868308275938034
MHIST_ano.png,black,0.15112755695978797,0.2166096319754918,3,MHIST,-0.06548207501570383
MHIST_ano.png,blur,0.11372828483581536,0.1066790640354156,3,MHIST,0.007049220800399755
MHIST_ano.png,mean,0.11898926893870028,0.13804514507452645,3,MHIST,-0.01905587613582617
MHIST_anr.png,black,0.4109634757041931,0.3041516378521919,2,MHIST,0.10681183785200121
MHIST_anr.png,blur,0.23565790057182306,0.16297836452722544,2,MHIST,0.07267953604459762
MHIST_anr.png,mean,0.27525255084037775,0.2149089857935905,2,MHIST,0.060343565046787256
MHIST_ans.png,black,0.2278249263763427,0.4054987634221712,3,MHIST,-0.17767383704582854
MHIST_ans.png,blur,0.17926414807637528,0.22890572448571522,3,MHIST,-0.049641576409339944
MHIST_ans.png,mean,0.19963924090067542,0.2879588946700096,3,MHIST,-0.0883196537693342
MHIST_ant.png,black,0.2866417864958445,0.36968133822083465,3,MHIST,-0.08303955172499017
MHIST_ant.png,blur,0.2901823023955027,0.3419063108662764,3,MHIST,-0.051724008470773686
MHIST_ant.png,mean,0.262827455997467,0.36351459696888916,3,MHIST,-0.10068714097142217
MHIST_anw.png,black,0.2769400378068288,0.3455953508615493,3,MHIST,-0.0686553130547205
MHIST_anw.png,blur,0.19252338012059525,0.2255453844865163,3,MHIST,-0.03302200436592104
MHIST_anw.png,mean,0.20199060440063468,0.2741536478201548,3,MHIST,-0.0721630434195201
MHIST_aod.png,black,0.3028040428956349,0.4322999969124794,3,MHIST,-0.1294959540168445
MHIST_aod.png,blur,0.180385023355484,0.24177478949228923,3,MHIST,-0.06138976613680522
MHIST_aod.png,mean,0.23292666673660278,0.35519605403145155,3,MHIST,-0.12226938729484876
MHIST_aol.png,black,0.1860934495925903,0.2650123919049899,3,MHIST,-0.07891894231239957
MHIST_aol.png,blur,0.13138530651728308,0.23230266869068142,3,MHIST,-0.10091736217339833
MHIST_aol.png,mean,0.14937011400858555,0.2617576013008753,3,MHIST,-0.11238748729228973
MHIST_aoo.png,black,0.32999707758426666,0.4435405683788386,2,MHIST,-0.11354349079457193
MHIST_aoo.png,blur,0.189159482717514,0.3456090837717056,2,MHIST,-0.15644960105419162
MHIST_aoo.png,mean,0.25201320648193354,0.48043971068479796,2,MHIST,-0.22842650420286442
MHIST_aop.png,black,0.3439248862365882,0.38959990448007975,3,MHIST,-0.04567501824349157
MHIST_aop.png,blur,0.3274931460618972,0.2590310166279475,3,MHIST,0.06846212943394975
MHIST_aop.png,mean,0.30957975238561625,0.2758158215632041,3,MHIST,0.033763930822412136
MHIST_aow.png,black,0.046453058719634954,0.15379523336887355,2,MHIST,-0.10734217464923859
MHIST_aow.png,blur,0.042808860540389945,0.1318973913788795,2,MHIST,-0.08908853083848957
MHIST_aow.png,mean,0.037754029035568154,0.1336708560585975,2,MHIST,-0.09591682702302934
MHIST_apa.png,black,0.27816568811734516,0.35270405631689794,3,MHIST,-0.07453836819955278
MHIST_apa.png,blur,0.3163875838120778,0.2815758671079363,3,MHIST,0.034811716704141515
MHIST_apa.png,mean,0.2827831606070201,0.3374215815038908,3,MHIST,-0.05463842089687071
MHIST_apc.png,black,0.14569471279780066,0.21756066183249154,3,MHIST,-0.07186594903469087
MHIST_apc.png,blur,0.09467458724975582,0.09082413017749784,3,MHIST,0.003850457072257979
MHIST_apc.png,mean,0.12430638074874871,0.13398781617482503,3,MHIST,-0.009681435426076315
MHIST_apk.png,black,0.3421351015567779,0.29071297057800816,3,MHIST,0.05142213097876974
MHIST_apk.png,blur,0.3108899195988973,0.39736127075221805,3,MHIST,-0.08647135115332077
MHIST_apk.png,mean,0.3553393582503001,0.44869959478576976,3,MHIST,-0.09336023653546965
MHIST_apm.png,black,0.20850896835327146,0.35914928242564204,2,MHIST,-0.15064031407237058
MHIST_apm.png,blur,0.24510556459426874,0.3262308061122894,2,MHIST,-0.08112524151802064
MHIST_apm.png,mean,0.2525516450405121,0.35340742841362954,2,MHIST,-0.10085578337311746
MHIST_aps.png,black,0.3213068743546803,0.3181416767575438,3,MHIST,0.0031651975971365154
MHIST_aps.png,blur,0.28385331233342487,0.28932339492298303,3,MHIST,-0.005470082589558167
MHIST_aps.png,mean,0.29875558614730835,0.3398155158474332,3,MHIST,-0.04105992970012484
MHIST_apu.png,black,0.24035745859146118,0.25728823393583294,2,MHIST,-0.016930775344371762
MHIST_apu.png,blur,0.15855553746223444,0.17571785449981686,2,MHIST,-0.01716231703758242
MHIST_apu.png,mean,0.17634743452072138,0.2214170858263969,2,MHIST,-0.04506965130567553
MHIST_aqh.png,black,0.27448117733001703,0.3864929887983534,3,MHIST,-0.11201181146833639
MHIST_aqh.png,blur,0.13718948761622107,0.14339769085248308,3,MHIST,-0.006208203236262005
MHIST_aqh.png,mean,0.21698615948359168,0.28077165169848334,3,MHIST,-0.06378549221489166
MHIST_aqi.png,black,0.2096786648035049,0.3470848076045513,2,MHIST,-0.1374061428010464
MHIST_aqi.png,blur,0.20617265999317164,0.36108829267323017,2,MHIST,-0.15491563268005853
MHIST_aqi.png,mean,0.16042739152908325,0.36726784370839594,2,MHIST,-0.20684045217931268
MHIST_aqj.png,black,0.34705445170402527,0.36616148501634593,2,MHIST,-0.019107033312320665
MHIST_aqj.png,blur,0.21161687374114985,0.34077406376600267,2,MHIST,-0.12915719002485282
MHIST_aqj.png,mean,0.266325980424881,0.36667784601449965,2,MHIST,-0.10035186558961867
MHIST_aqk.png,black,0.13133530318737024,0.2863792726770043,2,MHIST,-0.15504396948963406
MHIST_aqk.png,blur,0.0703381448984146,0.1713341649621725,2,MHIST,-0.1009960200637579
MHIST_aqk.png,mean,0.1521609649062156,0.24846927523612977,2,MHIST,-0.09630831032991416
MHIST_aqm.png,black,0.2561371525128682,0.26442661210894586,3,MHIST,-0.00828945959607763
MHIST_aqm.png,blur,0.14926928281784055,0.17049201975266134,3,MHIST,-0.021222736934820796
MHIST_aqm.png,mean,0.1705175836881002,0.18948292558391885,3,MHIST,-0.018965341895818666
MHIST_aqr.png,black,0.23911595344543454,0.14253090173006056,2,MHIST,0.09658505171537399
MHIST_aqr.png,blur,0.1440856456756591,0.1470947757363319,2,MHIST,-0.003009130060672799
MHIST_aqr.png,mean,0.19874170422554016,0.16692700237035746,2,MHIST,0.0318147018551827
MHIST_aqv.png,black,0.08125827709833777,0.13766972124576562,3,MHIST,-0.05641144414742785
MHIST_aqv.png,blur,0.07707575956980384,0.0764191309611002,3,MHIST,0.0006566286087036355
MHIST_aqv.png,mean,0.08816313743591307,0.12261290450890854,3,MHIST,-0.03444976707299546
MHIST_aqy.png,black,0.2421487867832183,0.27019363393386203,3,MHIST,-0.02804484715064373
MHIST_aqy.png,blur,0.09083886941274007,0.22425007820129395,3,MHIST,-0.1334112087885539
MHIST_aqy.png,mean,0.17933001120885209,0.29303440501292544,3,MHIST,-0.11370439380407335
MHIST_arf.png,black,0.5386000871658325,0.5936053439974784,2,MHIST,-0.05500525683164592
MHIST_arf.png,blur,0.38686332106590265,0.4129271417856216,2,MHIST,-0.026063820719718966
MHIST_arf.png,mean,0.4629646837711334,0.479098042845726,2,MHIST,-0.016133359074592568
MHIST_arp.png,black,0.21266472339630124,0.32864843954642614,3,MHIST,-0.1159837161501249
MHIST_arp.png,blur,0.20287442207336417,0.2608149255315463,3,MHIST,-0.05794050345818211
MHIST_arp.png,mean,0.27210303147633863,0.33320664167404174,3,MHIST,-0.06110361019770311
MHIST_arq.png,black,-0.26390409469604487,-0.3254348705212275,3,MHIST,0.061530775825182626
MHIST_arq.png,blur,-0.20622432231903068,-0.3199323842922846,3,MHIST,0.11370806197325392
MHIST_arq.png,mean,-0.18928327163060502,-0.3134091079235077,3,MHIST,0.12412583629290266
MHIST_arw.png,black,0.4341037720441818,0.35426235422492025,2,MHIST,0.07984141781926157
MHIST_arw.png,blur,0.3273221105337143,0.27179680317640303,2,MHIST,0.05552530735731126
MHIST_arw.png,mean,0.3951101750135422,0.3760840993374586,2,MHIST,0.019026075676083554
MHIST_asa.png,black,0.2831560373306274,0.40952783003449433,2,MHIST,-0.12637179270386695
MHIST_asa.png,blur,0.20861257612705225,0.3165433943271637,2,MHIST,-0.10793081820011147
MHIST_asa.png,mean,0.2287614345550537,0.3847046419978142,2,MHIST,-0.15594320744276047
MHIST_asb.png,black,0.15663561224937433,0.20377540141344064,2,MHIST,-0.047139789164066304
MHIST_asb.png,blur,0.12675774097442621,0.09711999744176861,2,MHIST,0.029637743532657607
MHIST_asb.png,mean,0.1693243682384491,0.18598874211311334,2,MHIST,-0.01666437387466424
MHIST_asc.png,black,0.21545246243476865,0.29351677373051643,2,MHIST,-0.07806431129574778
MHIST_asc.png,blur,0.2723447829484939,0.1785536468029022,2,MHIST,0.0937911361455917
MHIST_asc.png,mean,0.25254030525684357,0.29457081109285355,2,MHIST,-0.04203050583600998
MHIST_asd.png,black,0.2204799850781758,0.29131150692701335,3,MHIST,-0.07083152184883756
MHIST_asd.png,blur,0.20651855071385697,0.29574057708183915,3,MHIST,-0.08922202636798218
MHIST_asd.png,mean,0.2185004949569702,0.34769658595323555,3,MHIST,-0.12919609099626536
MHIST_ase.png,black,0.2917590737342834,0.3020837150514126,2,MHIST,-0.010324641317129235
MHIST_ase.png,blur,0.3233299851417541,0.2822881653904915,2,MHIST,0.04104181975126259
MHIST_ase.png,mean,0.3334096670150757,0.344636669754982,2,MHIST,-0.011227002739906289
MHIST_asg.png,black,0.31228718161582947,0.3677274212241173,2,MHIST,-0.05544023960828781
MHIST_asg.png,blur,0.2806185483932495,0.2950271055102348,2,MHIST,-0.014408557116985299
MHIST_asg.png,mean,0.4118755981326103,0.45793500505387785,2,MHIST,-0.04605940692126753
MHIST_ash.png,black,0.10262766480445856,0.291352491825819,2,MHIST,-0.18872482702136045
MHIST_ash.png,blur,0.07542511820793149,0.1321977853775024,2,MHIST,-0.05677266716957091
MHIST_ash.png,mean,0.13156589865684504,0.2866529785096645,2,MHIST,-0.15508707985281944
MHIST_asi.png,black,0.2163044065237045,0.3163869865238666,2,MHIST,-0.1000825800001621
MHIST_asi.png,blur,0.11324852705001831,0.21053370684385295,2,MHIST,-0.09728517979383464
MHIST_asi.png,mean,0.28964143991470337,0.3884403351694345,2,MHIST,-0.09879889525473112
MHIST_aso.png,black,0.2256125807762146,0.2635857805609703,2,MHIST,-0.03797319978475572
MHIST_aso.png,blur,0.3111872971057892,0.23173525035381315,2,MHIST,0.07945204675197604
MHIST_aso.png,mean,0.2453621327877044,0.2646081149578094,2,MHIST,-0.01924598217010498
MHIST_asu.png,black,0.20659999052683506,0.21200631186366078,3,MHIST,-0.005406321336825726
MHIST_asu.png,blur,0.12444821993509926,0.19704492961366968,3,MHIST,-0.07259670967857042
MHIST_asu.png,mean,0.16798438628514603,0.24192867875099178,3,MHIST,-0.07394429246584575
MHIST_asw.png,black,-0.05292562643686924,-0.08295290569464364,3,MHIST,0.030027279257774403
MHIST_asw.png,blur,-0.0251789093017578,-0.05149200757344557,3,MHIST,0.02631309827168777
MHIST_asw.png,mean,-0.0927173296610514,-0.09042223195234927,3,MHIST,-0.0022950977087021207
MHIST_ata.png,black,0.36125607788562775,0.3472019739449024,2,MHIST,0.014054103940725371
MHIST_ata.png,blur,0.3050069510936737,0.2267967298626899,2,MHIST,0.07821022123098381
MHIST_ata.png,mean,0.34626394510269165,0.30917094871401785,2,MHIST,0.037092996388673805
MHIST_atb.png,black,0.2539326747258504,0.3470382496714592,3,MHIST,-0.09310557494560878
MHIST_atb.png,blur,0.26882030566533405,0.34687668085098267,3,MHIST,-0.07805637518564862
MHIST_atb.png,mean,0.26812086502710974,0.3586052998900413,3,MHIST,-0.09048443486293156
MHIST_atd.png,black,0.24043033520380655,0.37385306606690083,3,MHIST,-0.13342273086309428
MHIST_atd.png,blur,0.26073223352432245,0.27908711036046335,3,MHIST,-0.0183548768361409
MHIST_atd.png,mean,0.2553317546844482,0.3345223784446716,3,MHIST,-0.0791906237602234
MHIST_ath.png,black,0.2925148457288742,0.3969535235315561,2,MHIST,-0.1044386778026819
MHIST_ath.png,blur,0.21870662271976465,0.3687163267284631,2,MHIST,-0.15000970400869845
MHIST_ath.png,mean,0.19073542952537534,0.3568941980600357,2,MHIST,-0.16615876853466036
MHIST_ato.png,black,0.21667126814524332,0.3087608970701694,3,MHIST,-0.09208962892492609
MHIST_ato.png,blur,0.2148284614086151,0.2590647508700689,3,MHIST,-0.044236289461453804
MHIST_ato.png,mean,0.2347843448321024,0.26165808737277985,3,MHIST,-0.026873742540677453
MHIST_atq.png,black,0.28722268342971796,0.3324203605453173,3,MHIST,-0.045197677115599355
MHIST_atq.png,blur,0.31067831317583716,0.32904093091686565,3,MHIST,-0.018362617741028486
MHIST_atq.png,mean,0.2895286977291107,0.34705103834470113,3,MHIST,-0.05752234061559042
MHIST_atu.png,black,0.1475081940491994,0.2187715798616409,3,MHIST,-0.07126338581244149
MHIST_atu.png,blur,0.18784822026888526,0.27052317808071774,3,MHIST,-0.08267495781183248
MHIST_atu.png,mean,0.18367885549863175,0.2553387927512327,3,MHIST,-0.07165993725260097
MHIST_aty.png,black,0.061271727085113456,0.1285622008875304,2,MHIST,-0.06729047380241694
MHIST_aty.png,blur,0.12057015299797055,0.0774967629535525,2,MHIST,0.043073390044418056
MHIST_aty.png,mean,0.11725959181785575,0.1234536802067476,2,MHIST,-0.00619408838889185
MHIST_aua.png,black,0.17357131838798517,0.2811894617974757,2,MHIST,-0.10761814340949055
MHIST_aua.png,blur,0.17959231138229365,0.2046913594007492,2,MHIST,-0.025099048018455555
MHIST_aua.png,mean,0.1706389784812927,0.22796043455600734,2,MHIST,-0.057321456074714644
MHIST_aub.png,black,0.21971420943737024,0.24649216979742045,2,MHIST,-0.0267779603600502
MHIST_aub.png,blur,0.30813567340373993,0.187822538614273,2,MHIST,0.12031313478946692
MHIST_aub.png,mean,0.31427226960659027,0.3385350520412127,2,MHIST,-0.024262782434622432
MHIST_auc.png,black,0.12041559815406795,0.1463223181664943,2,MHIST,-0.025906720012426346
MHIST_auc.png,blur,0.21522624790668485,0.25968243330717083,2,MHIST,-0.04445618540048599
MHIST_auc.png,mean,0.17877458035945887,0.21623543873429296,2,MHIST,-0.037460858374834094
MHIST_aug.png,black,0.16729766130447385,0.19388088633616762,3,MHIST,-0.026583225031693775
MHIST_aug.png,blur,0.15851054588953647,0.11853199998537696,3,MHIST,0.039978545904159515
MHIST_aug.png,mean,0.16011196374893183,0.15849848190943397,3,MHIST,0.00161348183949786
MHIST_auh.png,black,0.26544062296549475,0.36399371127287544,3,MHIST,-0.09855308830738069
MHIST_auh.png,blur,0.217349499464035,0.2795965939760208,3,MHIST,-0.06224709451198582
MHIST_auh.png,mean,0.271642545859019,0.32295093635718025,3,MHIST,-0.05130839049816127
MHIST_auk.png,black,0.14102915922800693,0.26071587651968003,3,MHIST,-0.1196867172916731
MHIST_auk.png,blur,0.14366424083709714,0.23269649942715961,3,MHIST,-0.08903225859006247
MHIST_auk.png,mean,0.1770677169164022,0.2800897041956583,3,MHIST,-0.10302198727925613
MHIST_aus.png,black,0.27800008654594416,0.35790575854480267,2,MHIST,-0.07990567199885851
MHIST_aus.png,blur,0.22409257292747495,0.24102112427353856,2,MHIST,-0.01692855134606361
MHIST_aus.png,mean,0.21372121572494507,0.3036812093108892,2,MHIST,-0.08995999358594414
MHIST_aut.png,black,0.16457398732503253,0.21443707942962642,3,MHIST,-0.04986309210459389
MHIST_aut.png,blur,0.08887352546056104,0.11952885588010147,3,MHIST,-0.030655330419540425
MHIST_aut.png,mean,0.0933178265889485,0.1667011802395184,3,MHIST,-0.07338335365056992
MHIST_auu.png,black,0.29913342495759326,0.3393850748737653,3,MHIST,-0.04025164991617203
MHIST_auu.png,blur,0.32536818583806354,0.27475409631927805,3,MHIST,0.05061408951878549
MHIST_auu.png,mean,0.3546513964732488,0.3424430429935455,3,MHIST,0.012208353479703282
MHIST_auw.png,black,0.16666767001152036,0.204331346684032,2,MHIST,-0.03766367667251164
MHIST_auw.png,blur,0.134071946144104,0.18406296057833565,2,MHIST,-0.04999101443423165
MHIST_auw.png,mean,0.11574611067771906,0.16093993352519137,2,MHIST,-0.04519382284747231
MHIST_aux.png,black,-0.20909482240676877,-0.20438728332519526,3,MHIST,-0.0047075390815735085
MHIST_aux.png,blur,-0.17929518222808835,-0.177053494254748,3,MHIST,-0.002241687973340345
MHIST_aux.png,mean,-0.15982570250829062,-0.1981475442647933,3,MHIST,0.03832184175650269
MHIST_auy.png,black,0.24301852285861963,0.4488645777106285,2,MHIST,-0.20584605485200885
MHIST_auy.png,blur,0.19894939661026,0.3608958207070827,2,MHIST,-0.1619464240968227
MHIST_auy.png,mean,0.27021938562393183,0.4541945837438106,2,MHIST,-0.18397519811987878
MHIST_avd.png,black,0.3536147475242615,0.39538545981049533,2,MHIST,-0.04177071228623386
MHIST_avd.png,blur,0.3028538525104522,0.3097832895815372,2,MHIST,-0.0069294370710850095
MHIST_avd.png,mean,0.2607582807540893,0.33911417871713634,2,MHIST,-0.07835589796304704
MHIST_ave.png,black,0.11734199523925777,0.16116300523281094,3,MHIST,-0.043821009993553164
MHIST_ave.png,blur,0.08314176400502517,0.11780798137187953,3,MHIST,-0.034666217366854366
MHIST_ave.png,mean,0.10868823528289791,0.13810825347900388,3,MHIST,-0.02942001819610597
MHIST_avf.png,black,-0.19095769524574274,-0.1723042234778404,2,MHIST,-0.01865347176790233
MHIST_avf.png,blur,-0.18592157959938044,-0.10721273571252819,2,MHIST,-0.07870884388685224
MHIST_avf.png,mean,-0.17559939622879026,-0.12778346538543695,2,MHIST,-0.04781593084335331
MHIST_avg.png,black,0.19017417232195533,0.3746047635873158,3,MHIST,-0.1844305912653605
MHIST_avg.png,blur,0.13937791188557935,0.252179771165053,3,MHIST,-0.11280185927947367
MHIST_avg.png,mean,0.19115479787190748,0.33366161361336705,3,MHIST,-0.14250681574145957
MHIST_avp.png,black,0.2493290305137634,0.28980834136406575,3,MHIST,-0.04047931085030235
MHIST_avp.png,blur,0.2155124545097351,0.2305215820670127,3,MHIST,-0.015009127557277596
MHIST_avp.png,mean,0.20253924528757727,0.23793958574533458,3,MHIST,-0.03540034045775731
MHIST_avw.png,black,0.253003050883611,0.3827801905572414,3,MHIST,-0.12977713967363036
MHIST_avw.png,blur,0.21933545668919882,0.23567401270071664,3,MHIST,-0.01633855601151782
MHIST_avw.png,mean,0.20295838514963782,0.29688325325647985,3,MHIST,-0.09392486810684203
MHIST_avx.png,black,0.00866386294364925,-0.14069943726062775,2,MHIST,0.14936330020427702
MHIST_avx.png,blur,0.0378701090812683,-0.0171173885464668,2,MHIST,0.054987497627735096
MHIST_avx.png,mean,0.027525514364242595,-0.07299367189407345,2,MHIST,0.10051918625831605
MHIST_avz.png,black,0.18995916843414307,0.2526083280642827,3,MHIST,-0.06264915963013962
MHIST_avz.png,blur,0.13745037714640296,0.2892677262425422,3,MHIST,-0.15181734909613925
MHIST_avz.png,mean,0.1818747321764628,0.31434002617994944,3,MHIST,-0.13246529400348664
MHIST_awh.png,black,0.2588838636875152,0.3404620572924614,2,MHIST,-0.08157819360494617
MHIST_awh.png,blur,0.0824410021305084,0.2173894859850406,2,MHIST,-0.1349484838545322
MHIST_awh.png,mean,0.08182489871978754,0.21300581544637676,2,MHIST,-0.13118091672658921
MHIST_awk.png,black,0.08700893322626746,0.2774480716701139,3,MHIST,-0.19043913844384647
MHIST_awk.png,blur,0.060206532478332464,0.1862321702534692,3,MHIST,-0.12602563777513673
MHIST_awk.png,mean,0.08999613920847573,0.20674749197144252,3,MHIST,-0.11675135276296679
MHIST_awm.png,black,-0.34855085611343384,-0.34911709725856777,2,MHIST,0.0005662411451339278
MHIST_awm.png,blur,-0.3011358678340912,-0.3249103873968124,2,MHIST,0.023774519562721197
MHIST_awm.png,mean,-0.33456486463546753,-0.3384050622582435,2,MHIST,0.003840197622775987
MHIST_awu.png,black,0.11841634909311922,0.20640436510245005,3,MHIST,-0.08798801600933083
MHIST_awu.png,blur,0.08421562115351357,0.12038487295309701,3,MHIST,-0.03616925179958344
MHIST_awu.png,mean,0.13348682721455887,0.18211330473423,3,MHIST,-0.04862647751967114
MHIST_awz.png,black,0.16041117906570432,0.2546334048112233,3,MHIST,-0.094222225745519
MHIST_awz.png,blur,0.24991261959075928,0.34996583610773085,3,MHIST,-0.10005321651697158
MHIST_awz.png,mean,0.22900130351384476,0.3482684547702471,3,MHIST,-0.11926715125640233
MHIST_axb.png,black,0.18851236502329508,0.25270380526781083,3,MHIST,-0.06419144024451576
MHIST_axb.png,blur,0.16109653313954667,0.15411837200323739,3,MHIST,0.00697816113630928
MHIST_axb.png,mean,0.1885687708854675,0.19876667956511174,3,MHIST,-0.010197908679644235
MHIST_axc.png,black,0.2657137811183929,0.4149634143337607,2,MHIST,-0.14924963321536783
MHIST_axc.png,blur,0.2522017657756805,0.31499800346791745,2,MHIST,-0.06279623769223697
MHIST_axc.png,mean,0.28008680045604706,0.3490110654383898,2,MHIST,-0.06892426498234272
MHIST_axg.png,black,0.17119634151458735,0.1928612112998962,2,MHIST,-0.02166486978530885
MHIST_axg.png,blur,0.21976032853126526,0.23113077133893967,2,MHIST,-0.011370442807674408
MHIST_axg.png,mean,0.21051496267318726,0.2951560698449611,2,MHIST,-0.08464110717177387
MHIST_axj.png,black,0.2684957683086395,0.31524004861712457,2,MHIST,-0.04674428030848504
MHIST_axj.png,blur,0.27430541813373566,0.30036369562149046,2,MHIST,-0.0260582774877548
MHIST_axj.png,mean,0.34815049171447754,0.3854197390377522,2,MHIST,-0.037269247323274635
MHIST_axm.png,black,0.3763236701488495,0.3959928431858619,3,MHIST,-0.019669173037012433
MHIST_axm.png,blur,0.2634197970231374,0.3384577590972185,3,MHIST,-0.07503796207408109
MHIST_axm.png,mean,0.25243230660756427,0.3345270949105421,3,MHIST,-0.08209478830297784
MHIST_aye.png,black,0.2146634757518768,0.3430082974334558,3,MHIST,-0.12834482168157899
MHIST_aye.png,blur,0.09688172737757363,0.18139845430850976,3,MHIST,-0.08451672693093613
MHIST_aye.png,mean,0.1354685425758362,0.23055933266878123,3,MHIST,-0.09509079009294502
MHIST_ayf.png,black,0.2431072394053141,0.23169382187453183,3,MHIST,0.01141341753078226
MHIST_ayf.png,blur,0.18355291088422135,0.16745720537322936,3,MHIST,0.016095705510991987
MHIST_ayf.png,mean,0.20571224888165787,0.17694419265696493,3,MHIST,0.028768056224692945
MHIST_ayh.png,black,0.138104240099589,0.2919114680753814,3,MHIST,-0.15380722797579238
MHIST_ayh.png,blur,0.09609931707382197,0.2521118717061149,3,MHIST,-0.1560125546322929
MHIST_ayh.png,mean,0.10245275497436519,0.3424989059567451,3,MHIST,-0.2400461509823799
MHIST_ayq.png,black,0.17097967863082877,0.2926384528477986,3,MHIST,-0.12165877421696983
MHIST_ayq.png,blur,0.1527877648671468,0.1929246564706166,3,MHIST,-0.04013689160346981
MHIST_ayq.png,mean,0.1772196292877197,0.24313144286473587,3,MHIST,-0.06591181357701617
MHIST_ays.png,black,0.24411473671595252,0.3996971848110358,3,MHIST,-0.15558244809508326
MHIST_ays.png,blur,0.1530623833338419,0.272990071773529,3,MHIST,-0.11992768843968712
MHIST_ays.png,mean,0.13411331176757807,0.3071104432145754,3,MHIST,-0.17299713144699735
MHIST_ayy.png,black,0.2720233052968979,0.3556250032037497,2,MHIST,-0.08360169790685179
MHIST_ayy.png,blur,0.3597417324781418,0.35346647500991824,2,MHIST,0.00627525746822355
MHIST_ayy.png,mean,0.2980356067419052,0.3597927868366241,2,MHIST,-0.061757180094718866
MHIST_ayz.png,black,0.1960673332214355,0.32105782479047773,2,MHIST,-0.12499049156904224
MHIST_ayz.png,blur,0.14213594794273376,0.18180723562836645,2,MHIST,-0.03967128768563269
MHIST_ayz.png,mean,0.22917085886001587,0.28952790424227715,2,MHIST,-0.060357045382261276
MHIST_aze.png,black,0.2309003273646036,0.20573396285374954,3,MHIST,0.025166364510854078
MHIST_aze.png,blur,0.10050584872563677,0.12170038918654119,3,MHIST,-0.021194540460904424
MHIST_aze.png,mean,0.10972758134206134,0.17970530986785882,3,MHIST,-0.06997772852579748
MHIST_azf.png,black,0.3870333830515544,0.42740863362948095,3,MHIST,-0.04037525057792657
MHIST_azf.png,blur,0.2965521613756815,0.29442523370186485,3,MHIST,0.00212692767381667
MHIST_azf.png,mean,0.3803550601005554,0.42203403413295737,3,MHIST,-0.04167897403240195
MHIST_azl.png,black,0.27455803751945496,0.3459771814707078,2,MHIST,-0.07141914395125282
MHIST_azl.png,blur,0.25905507802963257,0.1902787245221828,2,MHIST,0.06877635350744976
MHIST_azl.png,mean,0.2617268860340118,0.2580102411049761,2,MHIST,0.003716644929035673
MHIST_azn.png,black,0.24465378125508627,0.25955704152584075,3,MHIST,-0.014903260270754476
MHIST_azn.png,blur,0.13651166359583533,0.1405672580003738,3,MHIST,-0.004055594404538482
MHIST_azn.png,mean,0.1723412672678629,0.19877862234910326,3,MHIST,-0.02643735508124037
MHIST_azo.png,black,0.25724766651789344,0.39701190881444376,3,MHIST,-0.13976424229655032
MHIST_azo.png,blur,0.16450379292170203,0.18330195328874807,3,MHIST,-0.01879816036704604
MHIST_azo.png,mean,0.20781844854354858,0.3200283508090412,3,MHIST,-0.1122099022654926
MHIST_azx.png,black,-0.11704754829406734,-0.11875434319178262,3,MHIST,0.0017067948977152747
MHIST_azx.png,blur,-0.0952343146006266,-0.06457343399524686,3,MHIST,-0.030660880605379748
MHIST_azx.png,mean,-0.09023493528366083,-0.0729669789473215,3,MHIST,-0.017267956336339332
MHIST_azz.png,black,0.3363841772079468,0.4089076980948448,3,MHIST,-0.07252352088689801
MHIST_azz.png,blur,0.32568995157877606,0.32829896112283063,3,MHIST,-0.0026090095440545746
MHIST_azz.png,mean,0.336468905210495,0.36277751872936886,3,MHIST,-0.02630861351887387
MHIST_bae.png,black,0.2556232412656148,0.2867957254250844,3,MHIST,-0.031172484159469604
MHIST_bae.png,blur,0.11738828818003329,0.1860890885194142,3,MHIST,-0.0687008003393809
MHIST_bae.png,mean,0.2092262506484985,0.26203768352667484,3,MHIST,-0.05281143287817633
MHIST_baf.png,black,0.29726067185401917,0.36460406146943564,2,MHIST,-0.06734338961541647
MHIST_baf.png,blur,0.24300399422645566,0.2288665451109409,2,MHIST,0.01413744911551476
MHIST_baf.png,mean,0.2896299511194229,0.29173712655901907,2,MHIST,-0.002107175439596154
MHIST_bag.png,black,-0.0503808259963989,-0.05273559590180706,3,MHIST,0.0023547699054081647
MHIST_bag.png,blur,-0.023384114106496132,-0.03237545986970263,3,MHIST,0.0089913457632065
MHIST_bag.png,mean,-0.024678071339925067,-0.028169229626655568,3,MHIST,0.0034911582867305016
MHIST_bal.png,black,0.2823792397975921,0.322161821855439,2,MHIST,-0.039782582057846905
MHIST_bal.png,blur,0.2882738709449768,0.2966099828481674,2,MHIST,-0.008336111903190613
MHIST_bal.png,mean,0.3424397110939026,0.4014193962017695,2,MHIST,-0.058979685107866886
MHIST_ban.png,black,0.06816522280375158,0.19244078993797298,3,MHIST,-0.1242755671342214
MHIST_ban.png,blur,0.13297460476557413,0.10980093677838638,3,MHIST,0.023173667987187743
MHIST_ban.png,mean,0.1186665296554565,0.1596950729688008,3,MHIST,-0.04102854331334431
MHIST_bap.png,black,0.11112156510353084,0.24282476976513861,2,MHIST,-0.1317032046616078
MHIST_bap.png,blur,0.08493450284004206,0.2413614854216575,2,MHIST,-0.15642698258161544
MHIST_bap.png,mean,0.1075523495674133,0.24533436149358745,2,MHIST,-0.13778201192617415
MHIST_bas.png,black,0.3066942691802978,0.2773556113243103,2,MHIST,0.029338657855987493
MHIST_bas.png,blur,0.1620960831642151,0.245116114616394,2,MHIST,-0.0830200314521789
MHIST_bas.png,mean,0.2305139303207397,0.2479741871356964,2,MHIST,-0.01746025681495672
MHIST_bav.png,black,0.30340008934338886,0.3816242873530697,3,MHIST,-0.07822419800968083
MHIST_bav.png,blur,0.15040697654088334,0.25752093532571085,3,MHIST,-0.10711395878482752
MHIST_bav.png,mean,0.2430871228377024,0.3278545127974616,3,MHIST,-0.08476738995975919
MHIST_baw.png,black,0.2744067907333374,0.2850510495404402,3,MHIST,-0.010644258807102791
MHIST_baw.png,blur,0.18694120645523063,0.2604963019490241,3,MHIST,-0.0735550954937935
MHIST_baw.png,mean,0.28510224819183344,0.32198825553059574,3,MHIST,-0.036886007338762294
MHIST_baz.png,black,0.3352597802877426,0.3222335666418076,2,MHIST,0.013026213645935036
MHIST_baz.png,blur,0.28668773174285883,0.23334518224000925,2,MHIST,0.053342549502849584
MHIST_baz.png,mean,0.3825874626636505,0.36084131300449374,2,MHIST,0.021746149659156777
MHIST_bbe.png,black,0.12634012103080744,0.16851133853197095,2,MHIST,-0.04217121750116351
MHIST_bbe.png,blur,0.0871900022029876,0.11883912235498426,2,MHIST,-0.031649120151996654
MHIST_bbe.png,mean,0.09028446674346921,0.14429318755865095,2,MHIST,-0.05400872081518174
MHIST_bbf.png,black,0.24023776253064474,0.33052197103960473,3,MHIST,-0.09028420850895999
MHIST_bbf.png,blur,0.2228528261184692,0.2761548237319578,3,MHIST,-0.05330199761348861
MHIST_bbf.png,mean,0.1837438543637593,0.27360665398208717,3,MHIST,-0.08986279961832785
MHIST_bbl.png,black,0.16077589988708493,0.18828464084201382,3,MHIST,-0.02750874095492889
MHIST_bbl.png,blur,0.1030370195706685,0.07940396776905763,3,MHIST,0.023633051801610877
MHIST_bbl.png,mean,0.16789348920186356,0.12245580918259084,3,MHIST,0.045437680019272716
MHIST_bbn.png,black,0.261220246553421,0.2696715511381626,2,MHIST,-0.008451304584741581
MHIST_bbn.png,blur,0.309294730424881,0.26382305771112435,2,MHIST,0.04547167271375663
MHIST_bbn.png,mean,0.3798327296972275,0.3067973807454109,2,MHIST,0.07303534895181657
MHIST_bbr.png,black,0.15379172563552856,0.22316424585878847,2,MHIST,-0.0693725202232599
MHIST_bbr.png,blur,0.1590919494628906,0.16492945030331604,2,MHIST,-0.005837500840425447
MHIST_bbr.png,mean,0.17646494507789612,0.1809787310659885,2,MHIST,-0.004513785988092378
MHIST_bbs.png,black,0.18830196062723792,0.21941075353395365,3,MHIST,-0.031108792906715727
MHIST_bbs.png,blur,0.09905330340067543,0.12775764507906773,3,MHIST,-0.028704341678392295
MHIST_bbs.png,mean,0.17115402221679688,0.18657326896985368,3,MHIST,-0.015419246753056809
MHIST_bcc.png,black,0.3044815063476562,0.3431284094850222,2,MHIST,-0.03864690313736602
MHIST_bcc.png,blur,0.19267344474792475,0.25606810972094535,2,MHIST,-0.0633946649730206
MHIST_bcc.png,mean,0.1828677654266357,0.2831719247003396,2,MHIST,-0.1003041592737039
MHIST_bcd.png,black,0.39637434482574463,0.4205403689295053,2,MHIST,-0.024166024103760675
MHIST_bcd.png,blur,0.24319139122962946,0.3976495765149593,2,MHIST,-0.15445818528532984
MHIST_bcd.png,mean,0.2827841341495514,0.4302744172513484,2,MHIST,-0.14749028310179702
MHIST_bcr.png,black,0.2839898467063903,0.3256082102656364,3,MHIST,-0.041618363559246085
MHIST_bcr.png,blur,0.14142771561940506,0.22946398357550302,3,MHIST,-0.08803626795609795
MHIST_bcr.png,mean,0.17250931262969968,0.28831904033819833,3,MHIST,-0.11580972770849865
MHIST_bcv.png,black,0.16579715410868326,0.3463511844476064,3,MHIST,-0.18055403033892312
MHIST_bcv.png,blur,0.17854020992914832,0.303004789352417,3,MHIST,-0.12446457942326866
MHIST_bcv.png,mean,0.21270094315210974,0.3485632658004761,3,MHIST,-0.13586232264836634
MHIST_bcz.png,black,0.18467184901237485,0.3270422548055648,2,MHIST,-0.14237040579318996
MHIST_bcz.png,blur,0.2018344402313232,0.3521014675498009,2,MHIST,-0.1502670273184777
MHIST_bcz.png,mean,0.18898466229438782,0.352147925645113,2,MHIST,-0.16316326335072517
MHIST_bda.png,black,0.20212694009145102,0.26992180530643045,3,MHIST,-0.06779486521497943
MHIST_bda.png,blur,0.20310167471567786,0.21320750806238742,3,MHIST,-0.010105833346709558
MHIST_bda.png,mean,0.24341758092244462,0.20031217605004578,3,MHIST,0.043105404872398834
MHIST_bdb.png,black,0.2815585136413574,0.3854756712913513,2,MHIST,-0.10391715764999387
MHIST_bdb.png,blur,0.21012699604034418,0.2706987276673317,2,MHIST,-0.060571731626987535
MHIST_bdb.png,mean,0.31350006163120264,0.35977257415652275,2,MHIST,-0.04627251252532011
MHIST_bdc.png,black,0.41229494412740064,0.3899447752369774,3,MHIST,0.02235016889042324
MHIST_bdc.png,blur,0.2109687228997548,0.28722223059998614,3,MHIST,-0.07625350770023134
MHIST_bdc.png,mean,0.32120417555173236,0.3549097925424575,3,MHIST,-0.03370561699072516
MHIST_bdd.png,black,0.10774334271748853,0.3034534811973571,3,MHIST,-0.19571013847986857
MHIST_bdd.png,blur,0.2776672542095184,0.32646291404962535,3,MHIST,-0.048795659840106975
MHIST_bdd.png,mean,0.2038846810658773,0.36423833966255187,3,MHIST,-0.16035365859667458
MHIST_bdh.png,black,-0.31828781962394714,-0.3043262615799903,2,MHIST,-0.013961558043956823
MHIST_bdh.png,blur,-0.2502799332141876,-0.2952334880828857,2,MHIST,0.044953554868698065
MHIST_bdh.png,mean,-0.2513593733310699,-0.30618048012256627,2,MHIST,0.05482110679149638
MHIST_bdl.png,black,0.10519546270370479,0.12909832149744027,3,MHIST,-0.02390285879373548
MHIST_bdl.png,blur,0.12661218643188474,0.09906472712755199,3,MHIST,0.02754745930433275
MHIST_bdl.png,mean,0.12363358338673906,0.12125832041104634,3,MHIST,0.002375262975692724
MHIST_bdo.png,black,0.17668800055980677,0.2723830252885818,2,MHIST,-0.09569502472877506
MHIST_bdo.png,blur,0.1063165068626403,0.25091074630618093,2,MHIST,-0.14459423944354063
MHIST_bdo.png,mean,0.1326015293598175,0.2531329065561294,2,MHIST,-0.1205313771963119
MHIST_bdt.png,black,0.1091678341229756,0.21663036743799838,3,MHIST,-0.10746253331502278
MHIST_bdt.png,blur,0.1250793933868408,0.14567521512508386,3,MHIST,-0.020595821738243064
MHIST_bdt.png,mean,0.1417563358942667,0.2024578382571538,3,MHIST,-0.0607015023628871
MHIST_bdv.png,black,0.3123446504275004,0.3049675547414356,3,MHIST,0.007377095686064816
MHIST_bdv.png,blur,0.1782110234101613,0.27840238395664424,3,MHIST,-0.10019136054648295
MHIST_bdv.png,mean,0.20204807321230567,0.2940320635835329,3,MHIST,-0.09198399037122723
MHIST_bea.png,black,-0.09067904949188227,-0.10353614489237463,3,MHIST,0.01285709540049236
MHIST_bea.png,blur,-0.07139792044957473,-0.095044062534968,3,MHIST,0.02364614208539327
MHIST_bea.png,mean,-0.07558812697728469,-0.0947945247093836,3,MHIST,0.01920639773209891
MHIST_bec.png,black,0.3473147600889206,0.3313216499984264,2,MHIST,0.0159931100904942
MHIST_bec.png,blur,0.10856929421424866,0.20603956952691074,2,MHIST,-0.09747027531266209
MHIST_bec.png,mean,0.1919630467891693,0.237354851514101,2,MHIST,-0.04539180472493168
MHIST_beh.png,black,0.2250282565752665,0.23479413737853363,3,MHIST,-0.009765880803267124
MHIST_beh.png,blur,0.26421338319778437,0.2072446102897326,3,MHIST,0.056968772908051774
MHIST_beh.png,mean,0.3515170415242513,0.27914327085018154,3,MHIST,0.07237377067406975
MHIST_bej.png,black,0.1661090056101481,0.2222112268209457,3,MHIST,-0.05610222121079761
MHIST_bej.png,blur,0.2012171347935994,0.2758528277277946,3,MHIST,-0.07463569293419522
MHIST_bej.png,mean,0.23552008469899496,0.2584181765715281,3,MHIST,-0.02289809187253314
MHIST_bel.png,black,0.2573985904455185,0.3516430251300335,2,MHIST,-0.09424443468451499
MHIST_bel.png,blur,0.1267944574356079,0.25578160807490347,2,MHIST,-0.12898715063929556
MHIST_bel.png,mean,0.10554814338684079,0.2550971150398254,2,MHIST,-0.1495489716529846
MHIST_bem.png,black,-0.15001687407493586,-0.22454391866922374,2,MHIST,0.07452704459428788
MHIST_bem.png,blur,-0.15811288356781,-0.15982239693403238,2,MHIST,0.0017095133662223816
MHIST_bem.png,mean,-0.2224958539009094,-0.247693058848381,2,MHIST,0.025197204947471602
MHIST_ben.png,black,0.1889849305152893,0.25076088805993396,2,MHIST,-0.061775957544644655
MHIST_ben.png,blur,0.07531087100505825,0.13795313487450275,2,MHIST,-0.0626422638694445
MHIST_ben.png,mean,0.18958608806133265,0.2427846416831016,2,MHIST,-0.05319855362176895
MHIST_ber.png,black,0.074623167514801,0.24343087151646609,2,MHIST,-0.1688077040016651
MHIST_ber.png,blur,0.12969771027565,0.1668681591749191,2,MHIST,-0.0371704488992691
MHIST_ber.png,mean,0.12666216492652885,0.2334313958883285,2,MHIST,-0.10676923096179966
MHIST_bex.png,black,0.32731539011001587,0.3590918943285942,2,MHIST,-0.031776504218578305
MHIST_bex.png,blur,0.1778464019298553,0.2741100288927555,2,MHIST,-0.0962636269629002
MHIST_bex.png,mean,0.24082246422767634,0.3981851294636726,2,MHIST,-0.1573626652359963
MHIST_bez.png,black,0.1503224968910217,0.1759787112474441,3,MHIST,-0.025656214356422402
MHIST_bez.png,blur,0.10083144903182979,0.13373319804668424,3,MHIST,-0.032901749014854445
MHIST_bez.png,mean,0.15497336784998572,0.18785373866558072,3,MHIST,-0.032880370815595
MHIST_bfb.png,black,0.18219953775405878,0.30505594462156294,2,MHIST,-0.12285640686750415
MHIST_bfb.png,blur,0.18383383750915527,0.2689518883824348,2,MHIST,-0.0851180508732795
MHIST_bfb.png,mean,0.17030242085456845,0.34120195284485816,2,MHIST,-0.1708995319902897
MHIST_bfc.png,black,0.32352742552757263,0.36171724051237103,2,MHIST,-0.0381898149847984
MHIST_bfc.png,blur,0.20268253982067105,0.3102158352732658,2,MHIST,-0.10753329545259474
MHIST_bfc.png,mean,0.24021625518798823,0.31856593415141105,2,MHIST,-0.07834967896342282
MHIST_bfd.png,black,0.2858721017837524,0.4132340687016646,3,MHIST,-0.12736196691791224
MHIST_bfd.png,blur,0.15256685018539423,0.28462328215440114,3,MHIST,-0.1320564319690069
MHIST_bfd.png,mean,0.19212778409322098,0.3554464216033617,3,MHIST,-0.16331863751014072
MHIST_bfi.png,black,0.2229945510625839,0.3236277798811594,2,MHIST,-0.10063322881857553
MHIST_bfi.png,blur,0.19492088258266443,0.27312825371821714,2,MHIST,-0.0782073711355527
MHIST_bfi.png,mean,0.3439355418086052,0.3608178297678629,2,MHIST,-0.016882287959257725
MHIST_bfj.png,black,0.18586595853169752,0.19894072810808813,3,MHIST,-0.013074769576390616
MHIST_bfj.png,blur,0.09779934088389074,0.11500263760487234,3,MHIST,-0.0172032967209816
MHIST_bfj.png,mean,0.12889893849690753,0.14722397377093632,3,MHIST,-0.01832503527402879
MHIST_bfo.png,black,0.1218602955341339,0.2609924733638763,2,MHIST,-0.1391321778297424
MHIST_bfo.png,blur,0.14156526327133176,0.18575552552938454,2,MHIST,-0.04419026225805278
MHIST_bfo.png,mean,0.1239274740219116,0.21675322949886316,2,MHIST,-0.09282575547695157
MHIST_bfx.png,black,0.17182608445485428,0.3322937784095605,3,MHIST,-0.1604676939547062
MHIST_bfx.png,blur,0.18298823138078046,0.26914425219098725,3,MHIST,-0.08615602081020679
MHIST_bfx.png,mean,0.13424734274546304,0.24934329912066455,3,MHIST,-0.11509595637520151
MHIST_bfy.png,black,0.238320454955101,0.26188738532364364,2,MHIST,-0.023566930368542627
MHIST_bfy.png,blur,0.1563047766685485,0.19166051447391505,2,MHIST,-0.03535573780536655
MHIST_bfy.png,mean,0.2129443287849426,0.2062324434518814,2,MHIST,0.0067118853330611905
MHIST_bfz.png,black,0.2754136770963669,0.3095285132527351,2,MHIST,-0.03411483615636823
MHIST_bfz.png,blur,0.20054890215396876,0.19895753301680086,2,MHIST,0.0015913691371678973
MHIST_bfz.png,mean,0.22558207809925074,0.22802588455379005,2,MHIST,-0.0024438064545393157
MHIST_bga.png,black,0.1626898050308227,0.2712938833981752,2,MHIST,-0.10860407836735247
MHIST_bga.png,blur,0.1210080385208129,0.2825871892273426,2,MHIST,-0.1615791507065297
MHIST_bga.png,mean,0.1781984567642212,0.3145876210182905,2,MHIST,-0.13638916425406933
MHIST_bge.png,black,-0.11173383394877114,-0.09517374734083806,3,MHIST,-0.01656008660793308
MHIST_bge.png,blur,-0.1049365401268005,-0.10097192923227939,3,MHIST,-0.003964610894521103
MHIST_bge.png,mean,-0.099626084168752,-0.09116908411184939,3,MHIST,-0.008457000056902614
MHIST_bgi.png,black,-0.07881383101145424,-0.0735992108782132,3,MHIST,-0.005214620133241046
MHIST_bgi.png,blur,-0.06588989496231078,-0.055987487236658695,3,MHIST,-0.009902407725652082
MHIST_bgi.png,mean,-0.08687627315521236,-0.08201043109099067,3,MHIST,-0.004865842064221693
MHIST_bgj.png,black,0.2167275846004486,0.2672307208180428,2,MHIST,-0.05050313621759417
MHIST_bgj.png,blur,0.1882860660552978,0.26136821433901786,2,MHIST,-0.07308214828372006
MHIST_bgj.png,mean,0.24580898880958554,0.3593327187001705,2,MHIST,-0.11352372989058493
MHIST_bgk.png,black,0.20459964871406555,0.3354574150509304,2,MHIST,-0.13085776633686486
MHIST_bgk.png,blur,0.2468454241752624,0.3377812066011958,2,MHIST,-0.09093578242593342
MHIST_bgk.png,mean,0.26403048634529114,0.33515860852268,2,MHIST,-0.07112812217738884
MHIST_bgs.png,black,0.24290746450424194,0.31779083055563456,3,MHIST,-0.07488336605139262
MHIST_bgs.png,blur,0.19468371073404944,0.23177594015231495,3,MHIST,-0.03709222941826551
MHIST_bgs.png,mean,0.20049053430557248,0.2878238010100829,3,MHIST,-0.08733326670451044
MHIST_bgy.png,black,0.2090389629205068,0.2007902363936106,3,MHIST,0.008248726526896205
MHIST_bgy.png,blur,0.13363087177276609,0.13194537982344623,3,MHIST,0.0016854919493198561
MHIST_bgy.png,mean,0.17693746089935303,0.1884882931907971,3,MHIST,-0.011550832291444074
MHIST_bgz.png,black,0.24202416837215418,0.17224781624972815,2,MHIST,0.06977635212242603
MHIST_bgz.png,blur,0.2756834924221039,0.23669237494468687,2,MHIST,0.038991117477417014
MHIST_bgz.png,mean,0.3532954528927803,0.3012708973139524,2,MHIST,0.0520245555788279
MHIST_bhn.png,black,0.1001176834106445,0.12322694212198254,2,MHIST,-0.023109258711338038
MHIST_bhn.png,blur,0.09061178565025324,0.1154484301805496,2,MHIST,-0.024836644530296353
MHIST_bhn.png,mean,0.10164144635200495,0.1393260926008224,2,MHIST,-0.037684646248817455
MHIST_bho.png,black,0.2654218971729278,0.418310709670186,2,MHIST,-0.15288881249725822
MHIST_bho.png,blur,0.2103372514247894,0.19416146352887148,2,MHIST,0.01617578789591792
MHIST_bho.png,mean,0.2255163192749023,0.2906938590109348,2,MHIST,-0.06517753973603252
MHIST_bhq.png,black,0.17603029807408652,0.20889841715494786,3,MHIST,-0.03286811908086135
MHIST_bhq.png,blur,0.20326040188471475,0.1765664954980214,3,MHIST,0.02669390638669336
MHIST_bhq.png,mean,0.18762381871541342,0.20474041899045303,3,MHIST,-0.017116600275039612
MHIST_bhu.png,black,0.3054394523302714,0.4253073774278164,3,MHIST,-0.11986792509754496
MHIST_bhu.png,blur,0.19012065728505448,0.2708009193340937,3,MHIST,-0.08068026204903925
MHIST_bhu.png,mean,0.23369155327479038,0.3410059412320455,3,MHIST,-0.10731438795725509
MHIST_bhv.png,black,0.18585079908370972,0.25839176012678183,3,MHIST,-0.07254096104307212
MHIST_bhv.png,blur,0.15067571401596067,0.14113243001433998,3,MHIST,0.009543284001620689
MHIST_bhv.png,mean,0.19097248713175455,0.2173797053404343,3,MHIST,-0.02640721820867975
MHIST_bhx.png,black,0.15273904800415036,0.22149547934532166,3,MHIST,-0.06875643134117129
MHIST_bhx.png,blur,0.15275839964548743,0.25491556227207185,3,MHIST,-0.10215716262658442
MHIST_bhx.png,mean,0.1339541673660278,0.23981571495532986,3,MHIST,-0.10586154758930205
MHIST_bhy.png,black,0.23246088624000544,0.36995509179929886,2,MHIST,-0.13749420555929343
MHIST_bhy.png,blur,0.2628464996814728,0.23358965627849093,2,MHIST,0.029256843402981847
MHIST_bhy.png,mean,0.3224196434020996,0.378017945215106,2,MHIST,-0.0555983018130064
MHIST_bif.png,black,0.24600309133529658,0.3427809129158656,2,MHIST,-0.09677782158056902
MHIST_bif.png,blur,0.1990608274936676,0.2303825865189234,2,MHIST,-0.0313217590252558
MHIST_bif.png,mean,0.1610052585601806,0.2306666771570841,2,MHIST,-0.0696614185969035
MHIST_bij.png,black,-0.1342938145001729,-0.16230040093262987,3,MHIST,0.028006586432456987
MHIST_bij.png,blur,-0.12333023548126217,-0.16538874109586077,3,MHIST,0.042058505614598604
MHIST_bij.png,mean,-0.14456011851628617,-0.17338867982228598,3,MHIST,0.02882856130599981
MHIST_bil.png,black,0.4608117938041687,0.5237952219943206,3,MHIST,-0.0629834281901519
MHIST_bil.png,blur,0.2340185046195984,0.3793819348017375,3,MHIST,-0.1453634301821391
MHIST_bil.png,mean,0.27033835649490356,0.39557716635366286,3,MHIST,-0.1252388098587593
MHIST_bim.png,black,0.2260244488716125,0.2751040756702423,2,MHIST,-0.049079626798629816
MHIST_bim.png,blur,0.2507963478565216,0.32174320816993707,2,MHIST,-0.07094686031341546
MHIST_bim.png,mean,0.32813066244125366,0.37955924272537234,2,MHIST,-0.051428580284118675
MHIST_bin.png,black,0.188613216082255,0.2990879729390144,3,MHIST,-0.11047475685675939
MHIST_bin.png,blur,0.19241013129552206,0.16587563256422677,3,MHIST,0.026534498731295292
MHIST_bin.png,mean,0.17613172531127927,0.22307681043942765,3,MHIST,-0.04694508512814838
MHIST_bip.png,black,0.10897633433341974,0.21798830831216437,2,MHIST,-0.10901197397874463
MHIST_bip.png,blur,0.052924633026123005,0.09224156952566565,2,MHIST,-0.03931693649954264
MHIST_bip.png,mean,0.0814653635025024,0.1431456884990135,2,MHIST,-0.06168032499651109
MHIST_biu.png,black,0.1765812238057454,0.28877101714412373,3,MHIST,-0.11218979333837834
MHIST_biu.png,blur,0.11624707778294878,0.1640474627415339,3,MHIST,-0.047800384958585115
MHIST_biu.png,mean,0.13816672563552848,0.2156801665822665,3,MHIST,-0.07751344094673801
MHIST_bix.png,black,0.20433344443639115,0.3621728991468747,3,MHIST,-0.15783945471048358
MHIST_bix.png,blur,0.12003636360168453,0.33745188862085335,3,MHIST,-0.21741552501916883
MHIST_bix.png,mean,0.11422723531723018,0.3671387235323588,3,MHIST,-0.25291148821512865
MHIST_biy.png,black,0.2277882099151611,0.33995255306363104,2,MHIST,-0.11216434314846993
MHIST_biy.png,blur,0.191683292388916,0.2991902820765972,2,MHIST,-0.10750698968768121
MHIST_biy.png,mean,0.302434504032135,0.3528959020972252,2,MHIST,-0.0504613980650902
MHIST_biz.png,black,0.25288484493891394,0.38104575226704274,3,MHIST,-0.1281609073281288
MHIST_biz.png,blur,0.0698089400927225,0.30110954145590463,3,MHIST,-0.23130060136318215
MHIST_biz.png,mean,0.09968845049540197,0.31918722242116926,3,MHIST,-0.21949877192576728
MHIST_bjd.png,black,0.23106958468755082,0.3654861186941465,3,MHIST,-0.13441653400659567
MHIST_bjd.png,blur,0.3157933751742045,0.302517431974411,3,MHIST,0.013275943199793527
MHIST_bjd.png,mean,0.30486134688059485,0.3338733459512393,3,MHIST,-0.029011999070644445
MHIST_bje.png,black,0.281928151845932,0.3200003822644551,3,MHIST,-0.03807223041852309
MHIST_bje.png,blur,0.24388439456621802,0.3249354007343451,3,MHIST,-0.0810510061681271
MHIST_bje.png,mean,0.21500138441721597,0.3080071963369846,3,MHIST,-0.09300581191976862
MHIST_bjh.png,black,0.1800064543883005,0.2682720762160089,3,MHIST,-0.08826562182770839
MHIST_bjh.png,blur,0.15066969394683835,0.2776264190673828,3,MHIST,-0.12695672512054443
MHIST_bjh.png,mean,0.18222488959630326,0.3267422398759259,3,MHIST,-0.14451735027962262
MHIST_bjm.png,black,-0.04702979326248165,-0.053584799170493996,2,MHIST,0.0065550059080123485
MHIST_bjm.png,blur,-0.0687232315540313,-0.0639331936836242,2,MHIST,-0.0047900378704071045
MHIST_bjm.png,mean,-0.0597063302993774,-0.06333316862583155,2,MHIST,0.0036268383264541487
MHIST_bjr.png,black,0.19456291198730463,0.22493584007024758,2,MHIST,-0.03037292808294295
MHIST_bjr.png,blur,0.28729885816574097,0.30915526300668716,2,MHIST,-0.021856404840946198
MHIST_bjr.png,mean,0.2833061814308166,0.3246716625988483,2,MHIST,-0.04136548116803168
MHIST_bjt.png,black,0.26204098264376313,0.21043927830300826,3,MHIST,0.05160170434075487
MHIST_bjt.png,blur,0.3897789617379506,0.25654783044990737,3,MHIST,0.13323113128804326
MHIST_bjt.png,mean,0.35988981028397876,0.25497093872542964,3,MHIST,0.10491887155854912
MHIST_bjx.png,black,0.23853810628255204,0.30248278826475145,3,MHIST,-0.06394468198219941
MHIST_bjx.png,blur,0.2160935004552205,0.1786183208227157,3,MHIST,0.037475179632504796
MHIST_bjx.png,mean,0.2092506686846415,0.19836490948994953,3,MHIST,0.01088575919469198
MHIST_bka.png,black,0.0010264118512471668,-0.021697696050008066,3,MHIST,0.022724107901255234
MHIST_bka.png,blur,4.410743713380063e-05,-0.019566060105959498,3,MHIST,0.019610167543093297
MHIST_bka.png,mean,0.0014507571856181,-0.020410984754562333,3,MHIST,0.021861741940180434
MHIST_bke.png,black,0.3165414929389953,0.338919223845005,3,MHIST,-0.022377730906009696
MHIST_bke.png,blur,0.2621592978636424,0.27179143329461414,3,MHIST,-0.009632135430971744
MHIST_bke.png,mean,0.29026065270106,0.32905678351720175,3,MHIST,-0.03879613081614175
MHIST_bkh.png,black,0.32968642314275104,0.4623067873219649,3,MHIST,-0.13262036417921386
MHIST_bkh.png,blur,0.27729338407516474,0.35984061658382416,3,MHIST,-0.08254723250865942
MHIST_bkh.png,mean,0.4424392481644948,0.5159114489952723,3,MHIST,-0.07347220083077749
MHIST_bkj.png,black,0.1513945162296295,0.2549454882740974,3,MHIST,-0.10355097204446792
MHIST_bkj.png,blur,0.18964315454165137,0.2426780914266904,3,MHIST,-0.05303493688503902
MHIST_bkj.png,mean,0.23796793818473813,0.30142525881528853,3,MHIST,-0.0634573206305504
MHIST_bkk.png,black,0.3094140291213989,0.38209542632102966,2,MHIST,-0.07268139719963074
MHIST_bkk.png,blur,0.1457974314689636,0.33282971084117885,2,MHIST,-0.18703227937221525
MHIST_bkk.png,mean,0.197681725025177,0.3646418109536171,2,MHIST,-0.16696008592844008
MHIST_bko.png,black,-0.1076339185237884,-0.1434191226959228,2,MHIST,0.035785204172134405
MHIST_bko.png,blur,-0.11918324232101435,-0.1222329288721084,2,MHIST,0.003049686551094055
MHIST_bko.png,mean,-0.1546102464199066,-0.15267032980918882,2,MHIST,-0.0019399166107177679
MHIST_bkp.png,black,-0.20556157827377314,-0.23518286943435665,2,MHIST,0.029621291160583513
MHIST_bkp.png,blur,-0.07357300817966464,-0.20001709312200544,2,MHIST,0.1264440849423408
MHIST_bkp.png,mean,-0.12642577290534965,-0.2013586103916168,2,MHIST,0.07493283748626714
MHIST_bkt.png,black,0.33094085256258643,0.3001018077135086,3,MHIST,0.030839044849077846
MHIST_bkt.png,blur,0.3153282304604848,0.35776948059598607,3,MHIST,-0.04244125013550126
MHIST_bkt.png,mean,0.31319822867711383,0.34484783560037613,3,MHIST,-0.0316496069232623
MHIST_bku.png,black,0.16779663165410352,0.2654338886340459,3,MHIST,-0.09763725697994236
MHIST_bku.png,blur,0.14968764781951902,0.18554027676582338,3,MHIST,-0.035852628946304366
MHIST_bku.png,mean,0.15448272228240964,0.2145063002904256,3,MHIST,-0.06002357800801597
MHIST_bkv.png,black,0.1696338653564453,0.19075853398868015,2,MHIST,-0.021124668632234833
MHIST_bkv.png,blur,0.1256022155284881,0.1354517919676644,2,MHIST,-0.009849576439176305
MHIST_bkv.png,mean,0.09856736660003655,0.10732043555804655,2,MHIST,-0.008753068958009994
MHIST_bld.png,black,0.3189389109611511,0.37513485476374625,2,MHIST,-0.05619594380259513
MHIST_bld.png,blur,0.23433524370193476,0.2676610343158245,2,MHIST,-0.03332579061388974
MHIST_bld.png,mean,0.3083222508430481,0.38965411558747287,2,MHIST,-0.08133186474442478
MHIST_ble.png,black,0.25843385855356854,0.2892413419756022,3,MHIST,-0.030807483422033655
MHIST_ble.png,blur,0.32591373721758526,0.38287238223534636,3,MHIST,-0.0569586450177611
MHIST_ble.png,mean,0.2732622226079305,0.3474694433085846,3,MHIST,-0.07420722070065411
MHIST_blg.png,black,0.2763011828064918,0.30727822817862027,2,MHIST,-0.030977045372128476
MHIST_blg.png,blur,0.20408688485622406,0.21252272799611088,2,MHIST,-0.008435843139886823
MHIST_blg.png,mean,0.2997397109866142,0.27602659612894054,2,MHIST,0.02371311485767369
MHIST_blj.png,black,0.42805045843124384,0.4642354931682348,2,MHIST,-0.03618503473699097
MHIST_blj.png,blur,0.3086872398853302,0.4025609724223614,2,MHIST,-0.09387373253703118
MHIST_blj.png,mean,0.3654966950416565,0.4015908677130937,2,MHIST,-0.03609417267143722
MHIST_blm.png,black,-0.03329006830851237,-0.061242620150248166,3,MHIST,0.027952551841735798
MHIST_blm.png,blur,-0.011398434638977,-0.0729061772425969,3,MHIST,0.0615077426036199
MHIST_blm.png,mean,-0.02836118141810094,-0.07437820732593532,3,MHIST,0.04601702590783438
MHIST_bln.png,black,-0.07582771778106685,-0.0598091930150985,2,MHIST,-0.01601852476596835
MHIST_bln.png,blur,-0.0697601437568664,-0.07769079059362405,2,MHIST,0.007930646836757649
MHIST_bln.png,mean,-0.0629193186759948,-0.0648401021957397,2,MHIST,0.0019207835197448953
MHIST_blo.png,black,0.0744426250457763,-0.0696937243143717,2,MHIST,0.144136349360148
MHIST_blo.png,blur,-0.0934991240501403,-0.1379531621932983,2,MHIST,0.044454038143158014
MHIST_blo.png,mean,-0.0930384993553161,-0.1725016434987386,2,MHIST,0.07946314414342248
MHIST_blr.png,black,0.3071800619363785,0.30147656947374335,2,MHIST,0.005703492462635129
MHIST_blr.png,blur,0.26642331480979914,0.16740942282809151,2,MHIST,0.09901389198170762
MHIST_blr.png,mean,0.2899110019207,0.2543008058435387,2,MHIST,0.035610196077161316
MHIST_blv.png,black,0.1514995694160461,0.24256619364023202,2,MHIST,-0.09106662422418593
MHIST_blv.png,blur,0.1946676671504974,0.22471595555543894,2,MHIST,-0.03004828840494153
MHIST_blv.png,mean,0.20742806792259216,0.2364897489547729,2,MHIST,-0.029061681032180736
MHIST_blw.png,black,0.18409733970959982,0.2773452321688334,3,MHIST,-0.09324789245923357
MHIST_blw.png,blur,0.15606771906216935,0.21970732162396112,3,MHIST,-0.06363960256179177
MHIST_blw.png,mean,0.1584908664226532,0.21722566088040662,3,MHIST,-0.058734794457753425
MHIST_bly.png,black,0.09022742509841915,0.3054570600390434,2,MHIST,-0.21522963494062425
MHIST_bly.png,blur,0.08764752745628354,0.2351158373057842,2,MHIST,-0.14746830984950066
MHIST_bly.png,mean,0.11226984858512876,0.2875674158334731,2,MHIST,-0.17529756724834436
MHIST_bmc.png,black,-0.27880128224690753,-0.30028466582298274,3,MHIST,0.02148338357607521
MHIST_bmc.png,blur,-0.2531462510426839,-0.2274552961190541,3,MHIST,-0.0256909549236298
MHIST_bmc.png,mean,-0.2594878474871318,-0.24305611153443651,3,MHIST,-0.01643173595269526
MHIST_bmd.png,black,0.13370509942372635,0.2523740842938423,3,MHIST,-0.11866898487011593
MHIST_bmd.png,blur,0.1039743026097615,0.1655303766330083,3,MHIST,-0.061556074023246796
MHIST_bmd.png,mean,0.11813604831695552,0.17522287766138708,3,MHIST,-0.05708682934443156
MHIST_bmg.png,black,-0.1597113013267517,-0.22203933894634245,2,MHIST,0.06232803761959074
MHIST_bmg.png,blur,-0.04754465818405145,-0.1407690420746803,2,MHIST,0.09322438389062884
MHIST_bmg.png,mean,-0.0758251845836639,-0.15063173472881314,2,MHIST,0.07480655014514924
MHIST_bmh.png,black,0.3207589834928512,0.34067481085658075,2,MHIST,-0.019915827363729544
MHIST_bmh.png,blur,0.2697466611862182,0.22189959511160845,2,MHIST,0.047847066074609756
MHIST_bmh.png,mean,0.30389946699142456,0.3068785332143307,2,MHIST,-0.0029790662229061127
MHIST_bmn.png,black,0.1512799263000488,0.23529350236058233,2,MHIST,-0.08401357606053353
MHIST_bmn.png,blur,0.17210167646408076,0.1871362529695034,2,MHIST,-0.015034576505422642
MHIST_bmn.png,mean,0.17710879445075983,0.24601989760994908,2,MHIST,-0.06891110315918925
MHIST_bmt.png,black,0.4464449385801951,0.4179623120774825,3,MHIST,0.028482626502712605
MHIST_bmt.png,blur,0.4345237265030543,0.3528504873315493,3,MHIST,0.08167323917150504
MHIST_bmt.png,mean,0.4640721281369527,0.38297830969095226,3,MHIST,0.08109381844600044
MHIST_bmv.png,black,-0.06505415836970006,-0.07273596525192257,3,MHIST,0.007681806882222503
MHIST_bmv.png,blur,-0.04535969098409013,0.0008928070465724006,3,MHIST,-0.04625249803066253
MHIST_bmv.png,mean,-0.020414630572001134,-0.0470308681329091,3,MHIST,0.026616237560907963
MHIST_bmw.png,black,-0.025397956371307335,-0.02988609373569483,3,MHIST,0.0044881373643874956
MHIST_bmw.png,blur,-0.0158140063285827,-0.0219072063763936,3,MHIST,0.006093200047810898
MHIST_bmw.png,mean,-0.0170719424883524,-0.021923741698265036,3,MHIST,0.004851799209912636
MHIST_bmy.png,black,0.3262240489323934,0.34142221609751383,3,MHIST,-0.015198167165120458
MHIST_bmy.png,blur,0.42280513048171997,0.31467729012171425,3,MHIST,0.10812784036000572
MHIST_bmy.png,mean,0.483383188645045,0.3618241225679715,3,MHIST,0.12155906607707351
MHIST_bnb.png,black,-0.17525029182434082,-0.1898635367552439,3,MHIST,0.014613244930903074
MHIST_bnb.png,blur,-0.09943654139836622,-0.13381203512350717,3,MHIST,0.034375493725140954
MHIST_bnb.png,mean,-0.14555110534032184,-0.15739820798238113,3,MHIST,0.011847102642059293
MHIST_bnc.png,black,0.320025086402893,0.37932431374986963,3,MHIST,-0.059299227346976624
MHIST_bnc.png,blur,0.32321343819300336,0.31206605533758797,3,MHIST,0.011147382855415389
MHIST_bnc.png,mean,0.3454517722129822,0.36831568454702696,3,MHIST,-0.022863912334044778
MHIST_bnd.png,black,0.28777211407820386,0.47671191431581966,3,MHIST,-0.1889398002376158
MHIST_bnd.png,blur,0.23173306385676062,0.3385020822286606,3,MHIST,-0.10676901837189995
MHIST_bnd.png,mean,0.24835392832756042,0.39367300507922964,3,MHIST,-0.14531907675166922
MHIST_bne.png,black,0.1212369700272878,0.23875127087036763,3,MHIST,-0.11751430084307983
MHIST_bne.png,blur,0.05743090311686197,0.13237707118193306,3,MHIST,-0.0749461680650711
MHIST_bne.png,mean,0.132048616806666,0.23021372904380158,3,MHIST,-0.09816511223713559
MHIST_bnl.png,black,0.18244073788324985,0.2698702275753021,3,MHIST,-0.08742948969205225
MHIST_bnl.png,blur,0.1106147170066833,0.20797729541858037,3,MHIST,-0.09736257841189708
MHIST_bnl.png,mean,0.1202697952588399,0.22026786754528674,3,MHIST,-0.09999807228644683
MHIST_bnm.png,black,-0.0839918653170267,-0.12328932980696357,3,MHIST,0.03929746448993687
MHIST_bnm.png,blur,-0.06388074159622191,-0.05211528142293293,3,MHIST,-0.011765460173288979
MHIST_bnm.png,mean,-0.06780972083409624,-0.07109644214312233,3,MHIST,0.003286721309026089
MHIST_bnn.png,black,-0.2483156025409698,-0.2546856746077537,2,MHIST,0.006370072066783916
MHIST_bnn.png,blur,-0.2261392474174499,-0.25623997449874875,2,MHIST,0.03010072708129885
MHIST_bnn.png,mean,-0.21410140395164484,-0.24586138874292368,2,MHIST,0.03175998479127884
MHIST_bnq.png,black,0.16501915454864494,0.23293875853220622,3,MHIST,-0.06791960398356128
MHIST_bnq.png,blur,0.13633346557617185,0.20451553960641222,3,MHIST,-0.06818207403024037
MHIST_bnq.png,mean,0.13625011841456094,0.20363619526227314,3,MHIST,-0.0673860768477122
MHIST_bnv.png,black,0.30504500865936274,0.287686113640666,2,MHIST,0.01735889501869675
MHIST_bnv.png,blur,0.2981196865439415,0.2645890355110168,2,MHIST,0.033530651032924685
MHIST_bnv.png,mean,0.32653048634529114,0.32241883780807257,2,MHIST,0.004111648537218571
MHIST_bnw.png,black,0.25587616364161175,0.313876923918724,3,MHIST,-0.05800076027711226
MHIST_bnw.png,blur,0.15750366449356074,0.15418897370497384,3,MHIST,0.0033146907885868993
MHIST_bnw.png,mean,0.17406340440114332,0.2005729496479034,3,MHIST,-0.02650954524676008
MHIST_boa.png,black,0.2146818836530049,0.35116912176211673,3,MHIST,-0.13648723810911184
MHIST_boa.png,blur,0.21422241131464637,0.2981464604536692,3,MHIST,-0.08392404913902285
MHIST_boa.png,mean,0.21068795522054032,0.32379483530918757,3,MHIST,-0.11310688008864725
MHIST_bod.png,black,-0.21155454715092972,-0.24051458835601802,3,MHIST,0.0289600412050883
MHIST_bod.png,blur,-0.18696864446004233,-0.1400430490573247,3,MHIST,-0.046925595402717624
MHIST_bod.png,mean,-0.2021548350652059,-0.19265296061833692,3,MHIST,-0.00950187444686898
MHIST_boe.png,black,0.2057431638240814,0.17422612706820165,3,MHIST,0.031517036755879746
MHIST_boe.png,blur,0.2550529738267262,0.19887945453325903,3,MHIST,0.05617351929346717
MHIST_boe.png,mean,0.2538908322652181,0.2519754702846209,3,MHIST,0.0019153619805971633
MHIST_bof.png,black,0.20646348595619202,0.3399112969636917,2,MHIST,-0.1334478110074997
MHIST_bof.png,blur,0.3059250563383102,0.3105349339544773,2,MHIST,-0.004609877616167102
MHIST_bof.png,mean,0.3751315623521805,0.4177375309169292,2,MHIST,-0.04260596856474874
MHIST_bot.png,black,0.36050840218861896,0.3698418274521827,3,MHIST,-0.009333425263563733
MHIST_bot.png,blur,0.20198992888132727,0.19656026661396023,3,MHIST,0.005429662267367047
MHIST_bot.png,mean,0.24225654204686478,0.23557972957690554,3,MHIST,0.006676812469959242
MHIST_bov.png,black,0.41941288113594055,0.37058182582259175,2,MHIST,0.0488310553133488
MHIST_bov.png,blur,0.2177826166152954,0.2208523795008659,2,MHIST,-0.0030697628855704817
MHIST_bov.png,mean,0.32491928339004517,0.26658284291625023,2,MHIST,0.05833644047379494
MHIST_boz.png,black,-0.11301030715306597,-0.12091307342052454,3,MHIST,0.007902766267458575
MHIST_boz.png,blur,-0.09545169274012244,-0.10632231930891667,3,MHIST,0.010870626568794228
MHIST_boz.png,mean,-0.09401979049046831,-0.10773681004842117,3,MHIST,0.013717019557952861
MHIST_bpa.png,black,0.27356562018394465,0.3555946464339892,3,MHIST,-0.08202902625004455
MHIST_bpa.png,blur,0.13785754640897113,0.2549464826782544,3,MHIST,-0.1170889362692833
MHIST_bpa.png,mean,0.14905985196431476,0.2926095440983772,3,MHIST,-0.14354969213406243
MHIST_bpd.png,black,0.24197586377461752,0.2815272654096285,3,MHIST,-0.039551401635011
MHIST_bpd.png,blur,0.1135452588399251,0.1472616553306579,3,MHIST,-0.03371639649073281
MHIST_bpd.png,mean,0.15793378154436744,0.1818692450722058,3,MHIST,-0.023935463527838374
MHIST_bpg.png,black,0.2911429802576701,0.26893818254272145,3,MHIST,0.022204797714948654
MHIST_bpg.png,blur,0.2633271217346191,0.19921312481164932,3,MHIST,0.06411399692296976
MHIST_bpg.png,mean,0.3095703025658925,0.24912033975124356,3,MHIST,0.060449962814648955
MHIST_bph.png,black,0.25690011680126185,0.31793314330279826,2,MHIST,-0.061033026501536414
MHIST_bph.png,blur,0.3050311207771301,0.22458539381623266,2,MHIST,0.08044572696089747
MHIST_bph.png,mean,0.2730555385351181,0.2695494174957275,2,MHIST,0.0035061210393906306
MHIST_bpk.png,black,0.2241501410802205,0.23802882879972456,3,MHIST,-0.013878687719504068
MHIST_bpk.png,blur,0.3059940139452616,0.20501975864171976,3,MHIST,0.10097425530354184
MHIST_bpk.png,mean,0.29678535461425776,0.33030836979548134,3,MHIST,-0.03352301518122358
MHIST_bpn.png,black,0.14161713918050126,0.19054564684629435,3,MHIST,-0.0489285076657931
MHIST_bpn.png,blur,0.17458384235699967,0.21148553167780237,3,MHIST,-0.036901689320802705
MHIST_bpn.png,mean,0.12859659393628436,0.20851821973919862,3,MHIST,-0.07992162580291426
MHIST_bpo.png,black,-0.29911492268244416,-0.27274153133233386,3,MHIST,-0.026373391350110298
MHIST_bpo.png,blur,-0.23043312629063925,-0.25181614855925244,3,MHIST,0.02138302226861319
MHIST_bpo.png,mean,-0.23972187439600623,-0.25770095686117805,3,MHIST,0.017979082465171825
MHIST_bps.png,black,0.1642663478851318,0.20305404216051093,2,MHIST,-0.03878769427537912
MHIST_bps.png,blur,0.1636334955692291,0.12605713605880736,2,MHIST,0.037576359510421736
MHIST_bps.png,mean,0.20566549897193906,0.204423239827156,2,MHIST,0.00124225914478307
MHIST_bpu.png,black,0.24557577570279435,0.33386959607402483,3,MHIST,-0.08829382037123049
MHIST_bpu.png,blur,0.2328677376111348,0.31157240706185496,3,MHIST,-0.07870466945072016
MHIST_bpu.png,mean,0.21457027395566305,0.319969638561209,3,MHIST,-0.10539936460554597
MHIST_bpx.png,black,0.13801083962122596,0.21363714734713232,3,MHIST,-0.07562630772590637
MHIST_bpx.png,blur,0.09674962361653643,0.15147582590579983,3,MHIST,-0.054726202289263406
MHIST_bpx.png,mean,0.10739849011103307,0.15999326705932612,3,MHIST,-0.05259477694829305
MHIST_bqb.png,black,0.15809202194213864,0.24079457422097525,3,MHIST,-0.0827025522788366
MHIST_bqb.png,blur,0.1199881235758463,0.24506699989239375,3,MHIST,-0.12507887631654746
MHIST_bqb.png,mean,0.11301867167154946,0.26378547201553976,3,MHIST,-0.15076680034399031
MHIST_bqc.png,black,0.29358125726381934,0.2963680898149808,3,MHIST,-0.0027868325511614667
MHIST_bqc.png,blur,0.13262685139973956,0.15021046996116635,3,MHIST,-0.01758361856142679
MHIST_bqc.png,mean,0.15876281261444086,0.21968531409899392,3,MHIST,-0.060922501484553054
MHIST_bqg.png,black,0.33966007828712463,0.34339508414268494,2,MHIST,-0.0037350058555603027
MHIST_bqg.png,blur,0.20952540636062622,0.1718121046821276,2,MHIST,0.03771330167849862
MHIST_bqg.png,mean,0.33789482712745667,0.2788026208678881,2,MHIST,0.05909220625956857
MHIST_bqi.png,black,0.2741905053456624,0.32610515356063846,3,MHIST,-0.051914648214976045
MHIST_bqi.png,blur,0.15077002843221027,0.18731370071570072,3,MHIST,-0.03654367228349045
MHIST_bqi.png,mean,0.16181397438049314,0.22557149181763325,3,MHIST,-0.06375751743714012
MHIST_bqr.png,black,0.2888144254684448,0.3825124576687813,2,MHIST,-0.09369803220033646
MHIST_bqr.png,blur,0.3075616657733917,0.33855973184108734,2,MHIST,-0.030998066067695618
MHIST_bqr.png,mean,0.32299230992794037,0.35237424150109287,2,MHIST,-0.029381931573152498
MHIST_bqs.png,black,0.2978758712609609,0.3516872545083363,3,MHIST,-0.053811383247375444
MHIST_bqs.png,blur,0.33927135666211444,0.24960524886846538,3,MHIST,0.08966610779364906
MHIST_bqs.png,mean,0.28953470786412555,0.290955601632595,3,MHIST,-0.0014208937684694334
MHIST_bqv.png,black,0.11413377523422237,0.1707127451896667,3,MHIST,-0.05657896995544433
MHIST_bqv.png,blur,0.1879794100920359,0.1812638456622759,3,MHIST,0.006715564429759985
MHIST_bqv.png,mean,0.21995841463406876,0.23516075015068053,3,MHIST,-0.015202335516611765
MHIST_bre.png,black,0.14249370495478306,0.19525105978051818,3,MHIST,-0.052757354825735125
MHIST_bre.png,blur,0.10130164027214046,0.17461766103903445,3,MHIST,-0.07331602076689399
MHIST_bre.png,mean,0.1098733246326446,0.20548890108863507,3,MHIST,-0.09561557645599048
MHIST_bro.png,black,0.1831557353337606,0.3153529012487048,3,MHIST,-0.1321971659149442
MHIST_bro.png,blur,0.15011221170425412,0.28738704224427536,3,MHIST,-0.13727483054002124
MHIST_bro.png,mean,0.23042921225229893,0.38799832080091745,3,MHIST,-0.15756910854861853
MHIST_brp.png,black,0.13357254862785334,0.33213993981480594,2,MHIST,-0.1985673911869526
MHIST_brp.png,blur,0.2180712521076202,0.37118136435747145,2,MHIST,-0.15311011224985124
MHIST_brp.png,mean,0.13840705156326288,0.3404982466250658,2,MHIST,-0.2020911950618029
MHIST_brr.png,black,0.30856360991795856,0.3603084507087866,3,MHIST,-0.05174484079082803
MHIST_brr.png,blur,0.2814214130242665,0.2741480184098084,3,MHIST,0.007273394614458084
MHIST_brr.png,mean,0.3348879814147949,0.33720162510871887,3,MHIST,-0.00231364369392395
MHIST_brs.png,black,0.12987738847732538,0.3347016721963882,2,MHIST,-0.2048242837190628
MHIST_brs.png,blur,0.0490323603153228,0.23717974349856374,2,MHIST,-0.18814738318324095
MHIST_brs.png,mean,0.0248581767082214,0.28033393397927286,2,MHIST,-0.2554757572710515
MHIST_brt.png,black,0.1997164686520894,0.2957144955794016,3,MHIST,-0.09599802692731221
MHIST_brt.png,blur,0.13641552130381263,0.23530839830636974,3,MHIST,-0.09889287700255711
MHIST_brt.png,mean,0.19025760889053336,0.3041152074933052,3,MHIST,-0.11385759860277181
MHIST_bru.png,black,0.36515916883945465,0.44835072010755533,2,MHIST,-0.08319155126810068
MHIST_bru.png,blur,0.1902118325233459,0.23134392276406285,2,MHIST,-0.041132090240716956
MHIST_bru.png,mean,0.1879015862941742,0.3663670301437377,2,MHIST,-0.17846544384956353
MHIST_brv.png,black,0.18244627118110654,0.23000249564647673,2,MHIST,-0.047556224465370195
MHIST_brv.png,blur,0.15053591132163996,0.16623637974262234,2,MHIST,-0.015700468420982383
MHIST_brv.png,mean,0.1463156938552856,0.19117995202541344,2,MHIST,-0.044864258170127846
MHIST_brx.png,black,0.34234847128391266,0.4280275036891301,3,MHIST,-0.08567903240521746
MHIST_brx.png,blur,0.34364739060401917,0.36058203379313153,3,MHIST,-0.016934643189112364
MHIST_brx.png,mean,0.3761325577894847,0.4062723092734813,3,MHIST,-0.030139751483996613
MHIST_bsa.png,black,0.1440671881039937,0.2874183813730875,3,MHIST,-0.14335119326909382
MHIST_bsa.png,blur,0.16540531317392979,0.2655265087882677,3,MHIST,-0.10012119561433794
MHIST_bsa.png,mean,0.11344067255655921,0.2832551429669062,3,MHIST,-0.16981447041034697
MHIST_bsc.png,black,-0.2454532980918884,-0.1894222795963287,2,MHIST,-0.05603101849555969
MHIST_bsc.png,blur,-0.3302085101604461,-0.1543688625097274,2,MHIST,-0.17583964765071872
MHIST_bsc.png,mean,-0.3376645445823669,-0.22839501500129694,2,MHIST,-0.10926952958106995
MHIST_bsd.png,black,0.34125716984272,0.2759845236109363,2,MHIST,0.0652726462317837
MHIST_bsd.png,blur,0.2188610434532165,0.3434609348575274,2,MHIST,-0.12459989140431088
MHIST_bsd.png,mean,0.3201049715280533,0.3644665252003405,2,MHIST,-0.044361553672287224
MHIST_bsf.png,black,0.21423776447772974,0.24559613304833566,2,MHIST,-0.03135836857060592
MHIST_bsf.png,blur,0.21076592803001398,0.21240486477812132,2,MHIST,-0.0016389367481073336
MHIST_bsf.png,mean,0.24639725685119623,0.28361957296729084,2,MHIST,-0.03722231611609461
MHIST_bsh.png,black,0.2530532479286194,0.38252355679869654,2,MHIST,-0.12947030887007716
MHIST_bsh.png,blur,0.13257008790969846,0.2715541020035743,2,MHIST,-0.13898401409387587
MHIST_bsh.png,mean,0.13553994894027704,0.32022642716765404,2,MHIST,-0.184686478227377
MHIST_bsr.png,black,-0.0196392734845479,-0.04113637606302894,3,MHIST,0.021497102578481038
MHIST_bsr.png,blur,-0.0745246013005574,-0.08226300776004787,3,MHIST,0.007738406459490477
MHIST_bsr.png,mean,-0.0680203239123026,-0.07695216735204057,3,MHIST,0.008931843439737963
MHIST_bss.png,black,0.20592804749806723,0.3507308674355348,3,MHIST,-0.14480281993746755
MHIST_bss.png,blur,0.25650105873743684,0.3056663565337658,3,MHIST,-0.049165297796328944
MHIST_bss.png,mean,0.2888291577498117,0.3958851985633373,3,MHIST,-0.1070560408135256
MHIST_bsu.png,black,0.1928627789020538,0.1982883145411809,3,MHIST,-0.005425535639127094
MHIST_bsu.png,blur,0.08795279264450069,0.09338123152653373,3,MHIST,-0.005428438882033038
MHIST_bsu.png,mean,0.0671225587526957,0.12440984348456059,3,MHIST,-0.057287284731864896
MHIST_bsy.png,black,0.383953794836998,0.3757885374128819,2,MHIST,0.008165257424116112
MHIST_bsy.png,blur,0.15604323148727414,0.21220757290720935,2,MHIST,-0.056164341419935204
MHIST_bsy.png,mean,0.3092304617166519,0.3361525505781173,2,MHIST,-0.02692208886146541
MHIST_bsz.png,black,0.45779866725206375,0.32511535634597144,2,MHIST,0.1326833109060923
MHIST_bsz.png,blur,0.3099596500396728,0.2405714484552542,2,MHIST,0.06938820158441861
MHIST_bsz.png,mean,0.38601648807525635,0.3620743755251169,2,MHIST,0.02394211255013945
MHIST_bta.png,black,0.33515793085098267,0.3726193584501743,3,MHIST,-0.03746142759919163
MHIST_bta.png,blur,0.34262919425964355,0.33387527937690414,3,MHIST,0.008753914882739411
MHIST_bta.png,mean,0.34084678689638775,0.3458259180188179,3,MHIST,-0.004979131122430147
MHIST_btf.png,black,0.2225280404090881,0.3087547129545456,3,MHIST,-0.08622667254545749
MHIST_btf.png,blur,0.3014940818150838,0.3002177739754701,3,MHIST,0.0012763078396136884
MHIST_btf.png,mean,0.24838858842849731,0.2521940974852977,3,MHIST,-0.0038055090568003824
MHIST_bth.png,black,0.188605527083079,0.23736204952001572,3,MHIST,-0.048756522436936706
MHIST_bth.png,blur,0.21800894538561497,0.2697022587060928,3,MHIST,-0.05169331332047786
MHIST_bth.png,mean,0.15763541062672926,0.22992876817782715,3,MHIST,-0.07229335755109789
MHIST_btk.png,black,-0.0024545788764954,-0.144675900042057,2,MHIST,0.1422213211655616
MHIST_btk.png,blur,0.0048782825469970495,-0.13478487282991403,2,MHIST,0.13966315537691107
MHIST_btk.png,mean,-0.007054209709167501,-0.1432440802454948,2,MHIST,0.13618987053632728
MHIST_btl.png,black,0.23058917125066117,0.22938599664540513,3,MHIST,0.001203174605256041
MHIST_btl.png,blur,0.2187122007211049,0.2275202855467796,3,MHIST,-0.008808084825674717
MHIST_btl.png,mean,0.2600894570350647,0.2663609308855874,3,MHIST,-0.00627147385052268
MHIST_btm.png,black,0.2407997945944468,0.2855932138860225,3,MHIST,-0.04479341929157568
MHIST_btm.png,blur,0.11960627635320024,0.23151993229985232,3,MHIST,-0.11191365594665208
MHIST_btm.png,mean,0.1957258780797322,0.2729063786566257,3,MHIST,-0.07718050057689349
MHIST_btr.png,black,0.39047317206859583,0.45659736802472783,2,MHIST,-0.066124195956132
MHIST_btr.png,blur,0.1229249835014343,0.23841307470027134,2,MHIST,-0.11548809119883705
MHIST_btr.png,mean,0.2596779465675354,0.37069333927596315,2,MHIST,-0.11101539270842775
MHIST_bty.png,black,0.2626884579658508,0.25318997576832764,2,MHIST,0.00949848219752314
MHIST_bty.png,blur,0.16063183546066281,0.22893725037574764,2,MHIST,-0.06830541491508482
MHIST_bty.png,mean,0.1691767871379852,0.2635785147547721,2,MHIST,-0.09440172761678692
MHIST_btz.png,black,0.2689389437437057,0.3072284203022718,2,MHIST,-0.03828947655856613
MHIST_btz.png,blur,0.3780126422643661,0.26801519468426704,2,MHIST,0.10999744758009905
MHIST_btz.png,mean,0.37410773336887354,0.3713759079575538,2,MHIST,0.0027318254113197216
MHIST_bud.png,black,0.254713053504626,0.24326005024569375,3,MHIST,0.011453003258932226
MHIST_bud.png,blur,0.2804702669382095,0.23060157294311215,3,MHIST,0.04986869399509733
MHIST_bud.png,mean,0.26677465935548145,0.2648227060006724,3,MHIST,0.0019519533548090218
MHIST_bue.png,black,-0.021706372499465897,-0.07277994304895395,2,MHIST,0.05107357054948805
MHIST_bue.png,blur,0.0199813842773437,-0.06148798614740365,2,MHIST,0.08146937042474736
MHIST_bue.png,mean,0.00974446535110475,-0.07349080890417095,2,MHIST,0.0832352742552757
MHIST_buh.png,black,0.1993569433689117,0.36126686739070074,2,MHIST,-0.16190992402178905
MHIST_buh.png,blur,0.1562847793102264,0.2638078619326864,2,MHIST,-0.10752308262245999
MHIST_buh.png,mean,0.18339169025421137,0.3239530516522271,2,MHIST,-0.14056136139801573
MHIST_buj.png,black,0.10569320122400916,0.19795123562216754,3,MHIST,-0.09225803439815838
MHIST_buj.png,blur,0.10725726683934522,0.17638538355628644,3,MHIST,-0.06912811671694122
MHIST_buj.png,mean,0.12473183870315546,0.2129947488506635,3,MHIST,-0.08826291014750803
MHIST_bur.png,black,0.26039525866508484,0.323319674283266,2,MHIST,-0.06292441561818118
MHIST_bur.png,blur,0.364088237285614,0.29320494718849655,2,MHIST,0.07088329009711747
MHIST_bur.png,mean,0.37048986554145813,0.30345944836735717,2,MHIST,0.06703041717410096
MHIST_buv.png,black,0.1448093255360921,0.2550903926293055,3,MHIST,-0.11028106709321339
MHIST_buv.png,blur,0.09825841585795082,0.10399254461129503,3,MHIST,-0.0057341287533442115
MHIST_buv.png,mean,0.16795349121093747,0.23698944747447961,3,MHIST,-0.06903595626354214
MHIST_bux.png,black,0.27857409914334613,0.3236385149260362,3,MHIST,-0.04506441578269005
MHIST_bux.png,blur,0.25362404187520343,0.25358650436004,3,MHIST,3.7537515163443835e-05
MHIST_bux.png,mean,0.2847491304079691,0.2967641899983088,3,MHIST,-0.01201505959033966
MHIST_bva.png,black,0.3222509771585464,0.31200249716639517,2,MHIST,0.010248479992151227
MHIST_bva.png,blur,0.3641595244407654,0.28362477794289587,2,MHIST,0.08053474649786951
MHIST_bva.png,mean,0.40489277243614197,0.3589553672820329,2,MHIST,0.045937405154109046
MHIST_bvb.png,black,0.2773720820744832,0.3504636670152346,3,MHIST,-0.07309158494075141
MHIST_bvb.png,blur,0.17531639337539673,0.27134780635436373,3,MHIST,-0.096031412978967
MHIST_bvb.png,mean,0.2699941396713257,0.3618911921977997,3,MHIST,-0.09189705252647401
MHIST_bvc.png,black,0.34976278245449066,0.4511673478409648,2,MHIST,-0.10140456538647413
MHIST_bvc.png,blur,0.29722608625888824,0.41846587918698785,2,MHIST,-0.12123979292809961
MHIST_bvc.png,mean,0.3031501919031143,0.479384983703494,2,MHIST,-0.1762347918003797
MHIST_bvj.png,black,-0.1602782905101776,-0.1215842330030032,2,MHIST,-0.03869405750717442
MHIST_bvj.png,blur,-0.158999890089035,-0.1317667865327426,2,MHIST,-0.02723310355629241
MHIST_bvj.png,mean,-0.1752350032329559,-0.13743110043661932,2,MHIST,-0.03780390279633658
MHIST_bvk.png,black,0.2347706854343414,0.2792820483446121,2,MHIST,-0.04451136291027072
MHIST_bvk.png,blur,0.2359555065631866,0.39351622653859,2,MHIST,-0.15756071997540338
MHIST_bvk.png,mean,0.2090109288692474,0.3900199308991432,2,MHIST,-0.1810090020298958
MHIST_bvl.png,black,0.10588022073109936,0.20892224162816994,3,MHIST,-0.10304202089707058
MHIST_bvl.png,blur,0.0727170904477437,0.24461513161659235,3,MHIST,-0.17189804116884866
MHIST_bvl.png,mean,0.10244061549504595,0.3026198595762252,3,MHIST,-0.20017924408117926
MHIST_bvp.png,black,0.2668360074361165,0.3248412022988001,3,MHIST,-0.05800519486268357
MHIST_bvp.png,blur,0.15670816103617347,0.25561705976724625,3,MHIST,-0.09890889873107278
MHIST_bvp.png,mean,0.1909898320833842,0.2953670894106229,3,MHIST,-0.10437725732723871
MHIST_bvu.png,black,0.36575962603092194,0.36364434510469434,2,MHIST,0.002115280926227592
MHIST_bvu.png,blur,0.3857651799917221,0.26065070554614067,2,MHIST,0.12511447444558144
MHIST_bvu.png,mean,0.3975727707147598,0.29759857505559917,2,MHIST,0.09997419565916066
MHIST_bvv.png,black,-0.28303369879722595,-0.32175926268100735,2,MHIST,0.0387255638837814
MHIST_bvv.png,blur,-0.2801854610443115,-0.3154141694307327,2,MHIST,0.03522870838642117
MHIST_bvv.png,mean,-0.2781262993812561,-0.3128557503223419,2,MHIST,0.034729450941085815
MHIST_bvz.png,black,0.09159338474273679,0.2098649308085441,2,MHIST,-0.11827154606580731
MHIST_bvz.png,blur,0.09822836518287655,0.12469854503870009,2,MHIST,-0.026470179855823547
MHIST_bvz.png,mean,0.09728175401687614,0.16426909714937205,2,MHIST,-0.06698734313249591
MHIST_bwc.png,black,0.3915313382943471,0.265110736588637,3,MHIST,0.12642060170571012
MHIST_bwc.png,blur,0.45682191848754883,0.29152975827455524,3,MHIST,0.1652921602129936
MHIST_bwc.png,mean,0.5019318958123525,0.34798511713743213,3,MHIST,0.1539467786749204
MHIST_bwg.png,black,-0.04643926024436945,-0.0889452770352363,2,MHIST,0.04250601679086685
MHIST_bwg.png,blur,0.0032926201820373535,-0.0311942636966705,2,MHIST,0.03448688387870785
MHIST_bwg.png,mean,-0.041720271110534654,-0.0650026753544807,2,MHIST,0.02328240424394605
MHIST_bwh.png,black,0.16377726197242734,0.18249787688255303,2,MHIST,-0.018720614910125694
MHIST_bwh.png,blur,0.1285443007946014,0.20274961756335363,2,MHIST,-0.07420531676875222
MHIST_bwh.png,mean,0.2787049859762192,0.3453564567698373,2,MHIST,-0.0666514707936181
MHIST_bwt.png,black,0.17312569419542947,0.2199194192886352,3,MHIST,-0.04679372509320573
MHIST_bwt.png,blur,0.08939050634702043,0.22711005508899684,3,MHIST,-0.1377195487419764
MHIST_bwt.png,mean,0.029576420783996565,0.18690248255928354,3,MHIST,-0.157326061775287
MHIST_bww.png,black,-0.05212036768595374,-0.05585304200649257,3,MHIST,0.00373267432053883
MHIST_bww.png,blur,-0.0305392344792684,-0.04380776782830553,3,MHIST,0.013268533349037132
MHIST_bww.png,mean,-0.03167527914047237,-0.04551636278629297,3,MHIST,0.013841083645820602
MHIST_bwz.png,black,0.25488257408142084,0.2551684127134435,2,MHIST,-0.00028583863202263915
MHIST_bwz.png,blur,0.1722070872783661,0.2081837397287873,2,MHIST,-0.0359766524504212
MHIST_bwz.png,mean,0.18839254975318903,0.266481952456867,2,MHIST,-0.07808940270367798
MHIST_bxc.png,black,0.32724684476852417,0.3615371300415559,2,MHIST,-0.03429028527303174
MHIST_bxc.png,blur,0.1820077896118164,0.18624164570461615,2,MHIST,-0.004233856092799748
MHIST_bxc.png,mean,0.2476038336753845,0.30740450051697815,2,MHIST,-0.05980066684159366
MHIST_bxf.png,black,0.36094276607036585,0.4005987990647554,2,MHIST,-0.03965603299438952
MHIST_bxf.png,blur,0.2076908946037292,0.21852298378944396,2,MHIST,-0.010832089185714766
MHIST_bxf.png,mean,0.22174683213233945,0.33769211322069165,2,MHIST,-0.1159452810883522
MHIST_bxg.png,black,0.2565393149852752,0.34006598871201277,2,MHIST,-0.08352667372673755
MHIST_bxg.png,blur,0.0907389521598815,0.21574981622397896,2,MHIST,-0.12501086406409745
MHIST_bxg.png,mean,0.1287885308265686,0.24262225180864327,2,MHIST,-0.11383372098207467
MHIST_bxi.png,black,0.15988326072692868,0.23722099976407154,3,MHIST,-0.07733773903714286
MHIST_bxi.png,blur,0.1823969483375549,0.24799037426710127,3,MHIST,-0.06559342592954637
MHIST_bxi.png,mean,0.20693820714950562,0.2744459001554383,3,MHIST,-0.06750769300593268
MHIST_bxk.png,black,0.23604725797971085,0.1951229425768057,3,MHIST,0.04092431540290514
MHIST_bxk.png,blur,0.23093072573343906,0.17729688783486677,3,MHIST,0.05363383789857229
MHIST_bxk.png,mean,0.21231134732564286,0.2014345380167166,3,MHIST,0.01087680930892626
MHIST_bxo.png,black,0.2591443285346031,0.27063304800540205,2,MHIST,-0.011488719470798936
MHIST_bxo.png,blur,0.1706091985106468,0.23456609379500148,2,MHIST,-0.06395689528435469
MHIST_bxo.png,mean,0.1526079177856445,0.23889290336519475,2,MHIST,-0.08628498557955025
MHIST_bxu.png,black,0.1485454142093658,0.3843757044523954,2,MHIST,-0.2358302902430296
MHIST_bxu.png,blur,0.1745035052299499,0.2927799589931964,2,MHIST,-0.11827645376324653
MHIST_bxu.png,mean,0.17541366815567017,0.36797329112887384,2,MHIST,-0.19255962297320367
MHIST_bxv.png,black,0.4301206022500992,0.3749385133385658,2,MHIST,0.05518208891153337
MHIST_bxv.png,blur,0.36888970434665674,0.2730124898254871,2,MHIST,0.09587721452116965
MHIST_bxv.png,mean,0.42688387632369995,0.36527475491166117,2,MHIST,0.06160912141203878
MHIST_bxx.png,black,0.20190200209617612,0.24984566022952395,3,MHIST,-0.04794365813334783
MHIST_bxx.png,blur,0.29215995470682776,0.2738774647315343,3,MHIST,0.01828248997529347
MHIST_bxx.png,mean,0.23389525214831033,0.311045241355896,3,MHIST,-0.07714998920758567
MHIST_bxy.png,black,0.20908957719802856,0.2600323264797529,3,MHIST,-0.05094274928172432
MHIST_bxy.png,blur,0.17101359367370605,0.1850631515185038,3,MHIST,-0.01404955784479775
MHIST_bxy.png,mean,0.21626392006874082,0.22040877938270567,3,MHIST,-0.004144859313964855
MHIST_bxz.png,black,0.21772837638854975,0.24496392346918577,2,MHIST,-0.027235547080636024
MHIST_bxz.png,blur,0.19820290803909302,0.17493215495986594,2,MHIST,0.023270753079227074
MHIST_bxz.png,mean,0.27784885466098785,0.24817086117608206,2,MHIST,0.029677993484905796
MHIST_bya.png,black,0.2573405802249908,0.30002007285753884,2,MHIST,-0.042679492632548055
MHIST_bya.png,blur,0.1356707215309143,0.12002061804135641,2,MHIST,0.015650103489557893
MHIST_bya.png,mean,0.2098020315170288,0.21190013686815895,2,MHIST,-0.0020981053511301417
MHIST_byb.png,black,0.2684815526008606,0.3311393961310386,2,MHIST,-0.062657843530178
MHIST_byb.png,blur,0.1583753228187561,0.1782052859663963,2,MHIST,-0.019829963147640184
MHIST_byb.png,mean,0.1656347513198852,0.23920613452792167,2,MHIST,-0.07357138320803647
MHIST_byf.png,black,0.14912024140357966,0.18822244058052695,2,MHIST,-0.039102199176947294
MHIST_byf.png,blur,0.11913132667541501,0.11357129861911136,2,MHIST,0.005560028056303651
MHIST_byf.png,mean,0.1332892775535583,0.14933481688300765,2,MHIST,-0.016045539329449354
MHIST_byg.png,black,0.2962379157543182,0.2943296941618124,3,MHIST,0.0019082215925057544
MHIST_byg.png,blur,0.20568651954332984,0.20897976309061048,3,MHIST,-0.0032932435472806387
MHIST_byg.png,mean,0.2568073372046153,0.26093402604262034,3,MHIST,-0.004126688838005044
MHIST_byi.png,black,0.2880990405877431,0.38661926736434293,3,MHIST,-0.09852022677659983
MHIST_byi.png,blur,0.24313640594482422,0.25738726158936814,3,MHIST,-0.014250855644543925
MHIST_byi.png,mean,0.28437437613805133,0.3091820935408274,3,MHIST,-0.02480771740277604
MHIST_byk.png,black,0.26359936594963074,0.3611497990787029,2,MHIST,-0.09755043312907219
MHIST_byk.png,blur,0.16218683123588556,0.3934017330408096,2,MHIST,-0.23121490180492404
MHIST_byk.png,mean,0.18741890788078303,0.3669418103992939,2,MHIST,-0.17952290251851089
MHIST_byl.png,black,0.22262692451477045,0.38802262172102925,2,MHIST,-0.1653956972062588
MHIST_byl.png,blur,0.21177309751510615,0.3298407912254333,2,MHIST,-0.11806769371032716
MHIST_byl.png,mean,0.2483415901660919,0.3905137099325656,2,MHIST,-0.14217211976647373
MHIST_byq.png,black,0.17015055815378818,0.1777617782354354,3,MHIST,-0.007611220081647219
MHIST_byq.png,blur,0.0829830964406331,0.1533668180306752,3,MHIST,-0.0703837215900421
MHIST_byq.png,mean,0.10395487149556477,0.18569113115469613,3,MHIST,-0.08173625965913135
MHIST_byr.png,black,0.36755701899528503,0.3832446527977784,3,MHIST,-0.015687633802493384
MHIST_byr.png,blur,0.28129182259241736,0.2851116806268692,3,MHIST,-0.0038198580344518396
MHIST_byr.png,mean,0.3072855273882548,0.32413198997577036,3,MHIST,-0.016846462587515543
MHIST_bza.png,black,0.3739922146002452,0.39024781386057533,3,MHIST,-0.016255599260330156
MHIST_bza.png,blur,0.33554968237876887,0.35251910736163455,3,MHIST,-0.01696942498286569
MHIST_bza.png,mean,0.3214021424452464,0.38042054424683247,3,MHIST,-0.05901840180158607
MHIST_bzh.png,black,0.19280219078063957,0.3189341892798741,3,MHIST,-0.12613199849923454
MHIST_bzh.png,blur,0.12762149175008133,0.2565431669354439,3,MHIST,-0.12892167518536254
MHIST_bzh.png,mean,0.14194864034652707,0.2641254976391792,3,MHIST,-0.12217685729265212
MHIST_bzi.png,black,-0.2168904840946197,-0.23580628037452694,2,MHIST,0.01891579627990725
MHIST_bzi.png,blur,-0.25879496335983276,-0.2221888408064842,2,MHIST,-0.03660612255334855
MHIST_bzi.png,mean,-0.24004355072975153,-0.21924954205751415,2,MHIST,-0.02079400867223738
MHIST_bzl.png,black,0.3131747841835022,0.2844963699579238,2,MHIST,0.028678414225578375
MHIST_bzl.png,blur,0.2178738713264465,0.29088060557842255,2,MHIST,-0.07300673425197604
MHIST_bzl.png,mean,0.3511912822723388,0.30537408143281936,2,MHIST,0.045817200839519456
MHIST_bzm.png,black,0.19344701369603476,0.28117670367161435,3,MHIST,-0.08772968997557959
MHIST_bzm.png,blur,0.22815523544947305,0.28559949596722917,3,MHIST,-0.05744426051775611
MHIST_bzm.png,mean,0.20220275719960526,0.2982906614740689,3,MHIST,-0.09608790427446365
MHIST_bzr.png,black,0.15558596452077225,0.1746448268493016,3,MHIST,-0.019058862328529352
MHIST_bzr.png,blur,0.12777717908223465,0.1345249672730763,3,MHIST,-0.006747788190841653
MHIST_bzr.png,mean,0.1423319578170776,0.1422641505797704,3,MHIST,6.780723730720473e-05
MHIST_bzs.png,black,0.12877672910690305,0.3103814436329735,2,MHIST,-0.18160471452607044
MHIST_bzs.png,blur,0.15923051536083221,0.3042695809569623,2,MHIST,-0.1450390655961301
MHIST_bzs.png,mean,0.2242191880941391,0.33469661677049267,2,MHIST,-0.11047742867635357
MHIST_bzu.png,black,0.11034122109413139,0.2504470385611057,2,MHIST,-0.1401058174669743
MHIST_bzu.png,blur,0.1197998821735382,0.2839199662208557,2,MHIST,-0.16412008404731748
MHIST_bzu.png,mean,0.10090929269790645,0.2558402977883816,2,MHIST,-0.15493100509047514
MHIST_caa.png,black,0.40107204020023346,0.44859748817980283,2,MHIST,-0.04752544797956937
MHIST_caa.png,blur,0.29318463802337646,0.3154191724956036,2,MHIST,-0.02223453447222712
MHIST_caa.png,mean,0.32655793428421015,0.342627239972353,2,MHIST,-0.016069305688142854
MHIST_cad.png,black,0.24660853544871011,0.3560326799750328,3,MHIST,-0.10942414452632268
MHIST_cad.png,blur,0.17307621240615842,0.30676241417725886,3,MHIST,-0.13368620177110044
MHIST_cad.png,mean,0.22201290726661682,0.366254315773646,3,MHIST,-0.14424140850702916
MHIST_caf.png,black,0.22174526254336033,0.3040385628739993,3,MHIST,-0.08229330033063895
MHIST_caf.png,blur,0.1055174569288889,0.2151930732031663,3,MHIST,-0.1096756162742774
MHIST_caf.png,mean,0.17646890878677368,0.26572742486993467,3,MHIST,-0.08925851608316099
MHIST_cag.png,black,0.2530696392059326,0.33780616521835327,2,MHIST,-0.08473652601242065
MHIST_cag.png,blur,0.0894701480865478,0.17353336066007607,2,MHIST,-0.08406321257352828
MHIST_cag.png,mean,0.1855772733688354,0.29174647927284236,2,MHIST,-0.10616920590400697
MHIST_cai.png,black,0.23783628145853672,0.37944386651118595,3,MHIST,-0.14160758505264923
MHIST_cai.png,blur,0.09009079138437903,0.2175477683544159,3,MHIST,-0.12745697697003686
MHIST_cai.png,mean,0.16981194416681922,0.3073062226176262,3,MHIST,-0.13749427845080697
MHIST_cam.png,black,0.13588134447733555,0.23039862414201095,3,MHIST,-0.09451727966467541
MHIST_cam.png,blur,0.07912647724151607,0.1168265173832575,3,MHIST,-0.03770004014174143
MHIST_cam.png,mean,0.08098898331324257,0.1942534620563189,3,MHIST,-0.11326447874307634
MHIST_cao.png,black,0.24262280762195587,0.35828060656785965,2,MHIST,-0.11565779894590378
MHIST_cao.png,blur,0.1150991916656494,0.22106547132134435,2,MHIST,-0.10596627965569495
MHIST_cao.png,mean,0.20127388834953303,0.267875026166439,2,MHIST,-0.06660113781690596
MHIST_cat.png,black,-0.1683011452356974,-0.2630069226026535,3,MHIST,0.09470577736695612
MHIST_cat.png,blur,-0.18419188261032102,-0.2649399836858113,3,MHIST,0.08074810107549027
MHIST_cat.png,mean,-0.18344543377558387,-0.2678218921025594,3,MHIST,0.08437645832697555
MHIST_cau.png,black,0.41859834392865497,0.4670534332593282,3,MHIST,-0.04845508933067322
MHIST_cau.png,blur,0.35043670733769733,0.3451795806487401,3,MHIST,0.0052571266889572255
MHIST_cau.png,mean,0.3389892180760701,0.4031948745250702,3,MHIST,-0.06420565644900011
MHIST_cax.png,black,0.2530447542667389,0.23497737348079675,2,MHIST,0.01806738078594214
MHIST_cax.png,blur,0.12388730049133295,0.1970398306846618,2,MHIST,-0.07315253019332885
MHIST_cax.png,mean,0.19131186604499817,0.24942799806594845,2,MHIST,-0.058116132020950284
MHIST_cbb.png,black,0.30491001904010767,0.4042480424046516,2,MHIST,-0.09933802336454395
MHIST_cbb.png,blur,0.3174721300601959,0.27261186540126797,2,MHIST,0.04486026465892795
MHIST_cbb.png,mean,0.3599022179841995,0.35951767042279237,2,MHIST,0.00038454756140715585
MHIST_cbg.png,black,0.19489580392837524,0.27211800441145895,2,MHIST,-0.0772222004830837
MHIST_cbg.png,blur,0.167579174041748,0.2753278754651546,2,MHIST,-0.10774870142340659
MHIST_cbg.png,mean,0.18081766366958613,0.28433014675974844,2,MHIST,-0.10351248309016231
MHIST_cbj.png,black,-0.030176023642221998,-0.05913638571898137,3,MHIST,0.02896036207675937
MHIST_cbj.png,blur,-0.0035102764765421643,-0.05174478789170576,3,MHIST,0.04823451141516359
MHIST_cbj.png,mean,-0.012074410915374768,-0.03280439774195346,3,MHIST,0.020729986826578693
MHIST_cbl.png,black,0.3796466737985611,0.3051045686006546,2,MHIST,0.0745421051979065
MHIST_cbl.png,blur,0.3398797512054443,0.2643018998205662,2,MHIST,0.0755778513848781
MHIST_cbl.png,mean,0.37127992510795593,0.31361876241862774,2,MHIST,0.057661162689328194
MHIST_cbq.png,black,0.30359990398089093,0.3131835043430328,3,MHIST,-0.009583600362141897
MHIST_cbq.png,blur,0.2838261524836222,0.24557634070515633,3,MHIST,0.03824981177846587
MHIST_cbq.png,mean,0.22646046678225196,0.27763663257161775,3,MHIST,-0.05117616578936579
MHIST_cbx.png,black,0.31241924564043677,0.3775253703196843,3,MHIST,-0.06510612467924753
MHIST_cbx.png,blur,0.16286551952362058,0.20757161031166707,3,MHIST,-0.04470609078804649
MHIST_cbx.png,mean,0.15909000237782792,0.27088787257671354,3,MHIST,-0.11179787019888562
MHIST_cce.png,black,0.1868586937586466,0.3688227524360021,3,MHIST,-0.1819640586773555
MHIST_cce.png,blur,0.24330959717432657,0.37648881897330283,3,MHIST,-0.13317922179897626
MHIST_cce.png,mean,0.23477019866307577,0.4146613364418347,3,MHIST,-0.17989113777875895
MHIST_ccn.png,black,0.0774897336959838,0.3859728276729584,2,MHIST,-0.3084830939769746
MHIST_ccn.png,blur,0.0572518706321716,0.2658880054950714,2,MHIST,-0.2086361348628998
MHIST_ccn.png,mean,0.0353436470031738,0.332032561302185,2,MHIST,-0.29668891429901123
MHIST_cco.png,black,0.17097842693328855,0.20976212273041403,3,MHIST,-0.038783695797125484
MHIST_cco.png,blur,0.1715718309084574,0.14074650307496384,3,MHIST,0.030825327833493565
MHIST_cco.png,mean,0.20543904105822242,0.21764083504676815,3,MHIST,-0.012201793988545734
MHIST_ccr.png,black,0.3001616150140762,0.4429227223291117,2,MHIST,-0.1427611073150355
MHIST_ccr.png,blur,0.23214471340179438,0.2605123125016689,2,MHIST,-0.02836759909987452
MHIST_ccr.png,mean,0.2671475410461426,0.3366006722345072,2,MHIST,-0.0694531311883646
MHIST_cct.png,black,0.29541172087192535,0.3915843330323696,2,MHIST,-0.09617261216044426
MHIST_cct.png,blur,0.19648838043212885,0.30340164601802827,2,MHIST,-0.10691326558589942
MHIST_cct.png,mean,0.22382590174674985,0.3899244230240583,2,MHIST,-0.16609852127730843
MHIST_cde.png,black,0.0853058397769928,0.3218256078660488,2,MHIST,-0.236519768089056
MHIST_cde.png,blur,0.08270284533500666,0.18992294967174525,2,MHIST,-0.10722010433673859
MHIST_cde.png,mean,0.09703844785690305,0.2629384763538837,2,MHIST,-0.16590002849698063
MHIST_cdf.png,black,0.5477483943104744,0.4749793335795402,2,MHIST,0.0727690607309342
MHIST_cdf.png,blur,0.30751878023147583,0.25203216075897217,2,MHIST,0.05548661947250366
MHIST_cdf.png,mean,0.44192712008953094,0.28924719244241714,2,MHIST,0.1526799276471138
MHIST_cdk.png,black,0.28991426030794776,0.31491670062144594,3,MHIST,-0.025002440313498187
MHIST_cdk.png,blur,0.11707428097724913,0.2429159484803676,3,MHIST,-0.12584166750311848
MHIST_cdk.png,mean,0.22235569357872,0.321648475031058,3,MHIST,-0.09929278145233797
MHIST_cdn.png,black,0.1844763755798339,0.17521343380212778,2,MHIST,0.009262941777706118
MHIST_cdn.png,blur,0.0625151395797729,0.16468800902366634,2,MHIST,-0.10217286944389345
MHIST_cdn.png,mean,0.073323905467987,0.1890465140342712,2,MHIST,-0.11572260856628419
MHIST_cdo.png,black,0.34327641129493713,0.4950183346867561,2,MHIST,-0.15174192339181897
MHIST_cdo.png,blur,0.23346051573753354,0.3121422424912452,2,MHIST,-0.07868172675371168
MHIST_cdo.png,mean,0.2795312851667404,0.3984365105628967,2,MHIST,-0.11890522539615628
MHIST_cdp.png,black,0.2335758010546366,0.34239445502559346,3,MHIST,-0.10881865397095686
MHIST_cdp.png,blur,0.18858581781387326,0.2354199623068173,3,MHIST,-0.04683414449294404
MHIST_cdp.png,mean,0.21937125921249387,0.2885191818078359,3,MHIST,-0.06914792259534205
MHIST_cdr.png,black,-0.1026831269264221,-0.15286266207695004,2,MHIST,0.050179535150527935
MHIST_cdr.png,blur,-0.0218340456485748,-0.08604731112718575,2,MHIST,0.06421326547861095
MHIST_cdr.png,mean,-0.01612395048141475,-0.08670558929443355,2,MHIST,0.0705816388130188
MHIST_cdu.png,black,0.28362689912319183,0.3572192076593637,2,MHIST,-0.07359230853617188
MHIST_cdu.png,blur,0.26958881318569183,0.2685534387826919,2,MHIST,0.0010353744029999445
MHIST_cdu.png,mean,0.27240136265754694,0.3138080678880215,2,MHIST,-0.04140670523047457
MHIST_cdw.png,black,-0.2901581525802612,-0.3644491255283355,2,MHIST,0.07429097294807435
MHIST_cdw.png,blur,-0.2556926310062408,-0.3078491747379303,2,MHIST,0.052156543731689486
MHIST_cdw.png,mean,-0.23181673884391785,-0.32305838316679,2,MHIST,0.09124164432287213
MHIST_ceb.png,black,0.2555880099534988,0.35048023890703917,2,MHIST,-0.09489222895354038
MHIST_ceb.png,blur,0.15078282356262204,0.30622323807328933,2,MHIST,-0.15544041451066729
MHIST_ceb.png,mean,0.11893947422504425,0.2977355718612671,2,MHIST,-0.17879609763622284
MHIST_cei.png,black,0.2661725580692291,0.4382793255150318,2,MHIST,-0.17210676744580267
MHIST_cei.png,blur,0.23732343316078183,0.2467588827013969,2,MHIST,-0.009435449540615065
MHIST_cei.png,mean,0.2926426827907562,0.30376204848289484,2,MHIST,-0.011119365692138616
MHIST_cek.png,black,0.20926366249720252,0.3136468708515167,3,MHIST,-0.1043832083543142
MHIST_cek.png,blur,0.19550253947575882,0.22408570249875384,3,MHIST,-0.028583163022995017
MHIST_cek.png,mean,0.1647323369979858,0.22075112958749132,3,MHIST,-0.05601879258950551
MHIST_cel.png,black,0.14122617244720453,0.23357931599020954,2,MHIST,-0.092353143543005
MHIST_cel.png,blur,0.011258393526077302,0.1866939023137092,2,MHIST,-0.1754355087876319
MHIST_cel.png,mean,0.069318413734436,0.22997909486293788,2,MHIST,-0.1606606811285019
MHIST_cem.png,black,0.13917122284571326,0.2522665585080783,3,MHIST,-0.11309533566236502
MHIST_cem.png,blur,0.2993981341520945,0.33631548012296353,3,MHIST,-0.03691734597086904
MHIST_cem.png,mean,0.24468729893366492,0.3352868999044101,3,MHIST,-0.09059960097074515
MHIST_ceo.png,black,0.273053228855133,0.3869437079876661,2,MHIST,-0.11389047913253308
MHIST_ceo.png,blur,0.14378768205642695,0.32332511283457277,2,MHIST,-0.17953743077814582
MHIST_ceo.png,mean,0.1447798609733581,0.35727754160761827,2,MHIST,-0.21249768063426017
MHIST_ces.png,black,0.2732851803302765,0.3812398262321949,2,MHIST,-0.10795464590191839
MHIST_ces.png,blur,0.1980461776256561,0.23427076563239096,2,MHIST,-0.036224588006734865
MHIST_ces.png,mean,0.2801757454872131,0.3378093793988227,2,MHIST,-0.05763363391160964
MHIST_ceu.png,black,0.12790602445602417,0.21223936378955835,2,MHIST,-0.08433333933353418
MHIST_ceu.png,blur,0.2563936710357666,0.19444432258605954,2,MHIST,0.061949348449707065
MHIST_ceu.png,mean,0.21154072880744929,0.18518977314233775,2,MHIST,0.02635095566511153
MHIST_cev.png,black,0.27051723003387446,0.32580204357703524,3,MHIST,-0.05528481354316078
MHIST_cev.png,blur,0.1692914366722106,0.1905618409315745,3,MHIST,-0.021270404259363884
MHIST_cev.png,mean,0.23780122399330136,0.2848073229193687,3,MHIST,-0.04700609892606736
MHIST_cew.png,black,0.16237846016883842,0.25322972362240154,3,MHIST,-0.09085126345356312
MHIST_cew.png,blur,0.11919794480005896,0.20580230802297592,3,MHIST,-0.08660436322291695
MHIST_cew.png,mean,0.17828333377838135,0.2316520971556504,3,MHIST,-0.05336876337726906
MHIST_cez.png,black,0.1745836436748504,0.20209276676177973,2,MHIST,-0.02750912308692932
MHIST_cez.png,blur,0.1269779503345489,0.1303639233112335,2,MHIST,-0.003385972976684609
MHIST_cez.png,mean,0.13224381208419794,0.1622087056438128,2,MHIST,-0.029964893559614847
MHIST_cfc.png,black,0.22267456849416092,0.2737718020876248,3,MHIST,-0.05109723359346388
MHIST_cfc.png,blur,0.16683191061019895,0.21120601594448085,3,MHIST,-0.044374105334281905
MHIST_cfc.png,mean,0.18505118290583292,0.2607386529445648,3,MHIST,-0.07568747003873186
MHIST_cfn.png,black,0.0113905668258667,0.3531614923849702,2,MHIST,-0.3417709255591035
MHIST_cfn.png,blur,0.14528289437294,0.251330453902483,2,MHIST,-0.10604755952954298
MHIST_cfn.png,mean,0.0806940793991088,0.3454054966568947,2,MHIST,-0.2647114172577859
MHIST_cfq.png,black,0.1547656655311584,0.2231088245908419,3,MHIST,-0.0683431590596835
MHIST_cfq.png,blur,0.0868738492329915,0.16735319346189495,3,MHIST,-0.08047934422890345
MHIST_cfq.png,mean,0.11376233895619707,0.19785162210464471,3,MHIST,-0.08408928314844764
MHIST_cfu.png,black,0.21473469336827591,0.3293076219658056,3,MHIST,-0.11457292859752968
MHIST_cfu.png,blur,0.13812110821406043,0.2267078652977943,3,MHIST,-0.08858675708373387
MHIST_cfu.png,mean,0.19863979021708167,0.28521544486284256,3,MHIST,-0.08657565464576089
MHIST_cgb.png,black,0.26298589507738745,0.2944978604714075,3,MHIST,-0.03151196539402007
MHIST_cgb.png,blur,0.23111394047737113,0.214704692363739,3,MHIST,0.01640924811363212
MHIST_cgb.png,mean,0.25541842977205914,0.26761379987001416,3,MHIST,-0.012195370097955016
MHIST_cgd.png,black,0.1411918004353841,0.21296544621388117,3,MHIST,-0.07177364577849707
MHIST_cgd.png,blur,0.096705953280131,0.16893175890048343,3,MHIST,-0.07222580562035243
MHIST_cgd.png,mean,0.12022880713144936,0.19411753167708712,3,MHIST,-0.07388872454563776
MHIST_cgi.png,black,0.2685467402140299,0.3169843753178914,3,MHIST,-0.04843763510386151
MHIST_cgi.png,blur,0.06407294670740764,0.195725305378437,3,MHIST,-0.13165235867102937
MHIST_cgi.png,mean,0.12215105692545569,0.2927921051780383,3,MHIST,-0.17064104825258258
MHIST_cgk.png,black,0.13577640056610105,0.23348596841096875,2,MHIST,-0.0977095678448677
MHIST_cgk.png,blur,0.0905917882919311,0.08454740577273895,2,MHIST,0.0060443825191921485
MHIST_cgk.png,mean,0.17769524455070496,0.1547143316931194,2,MHIST,0.02298091285758555
MHIST_cgo.png,black,0.24040345350901282,0.3889446948965391,3,MHIST,-0.14854124138752628
MHIST_cgo.png,blur,0.20607256889343253,0.33561053673426305,3,MHIST,-0.12953796784083052
MHIST_cgo.png,mean,0.15739566087722773,0.34420548751950264,3,MHIST,-0.1868098266422749
MHIST_cgp.png,black,0.31366981565952295,0.3195895917713642,2,MHIST,-0.005919776111841246
MHIST_cgp.png,blur,0.14279034733772275,0.30131821557879446,2,MHIST,-0.1585278682410717
MHIST_cgp.png,mean,0.20568108558654785,0.39131801202893257,2,MHIST,-0.18563692644238472
MHIST_cgs.png,black,0.214384247859319,0.2775804206728935,3,MHIST,-0.06319617281357451
MHIST_cgs.png,blur,0.18252493937810263,0.20444414615631099,3,MHIST,-0.021919206778208356
MHIST_cgs.png,mean,0.21160473426183066,0.2621525178352992,3,MHIST,-0.050547783573468535
MHIST_cgu.png,black,0.22793546319007868,0.30567706057003563,2,MHIST,-0.07774159737995695
MHIST_cgu.png,blur,0.21966812014579767,0.2437581249645778,2,MHIST,-0.024090004818780125
MHIST_cgu.png,mean,0.1466566920280456,0.3108156727893012,2,MHIST,-0.16415898076125562
MHIST_cgw.png,black,0.15364897251129148,0.20020392338434848,3,MHIST,-0.046554950873057
MHIST_cgw.png,blur,0.10527759790420525,0.14826245009899136,3,MHIST,-0.04298485219478611
MHIST_cgw.png,mean,0.15398911635080967,0.22248360663652414,3,MHIST,-0.06849449028571447
MHIST_cha.png,black,0.1750279664993286,0.33932246689995127,3,MHIST,-0.16429450040062266
MHIST_cha.png,blur,0.23437215884526566,0.27249167859554285,3,MHIST,-0.03811951975027719
MHIST_cha.png,mean,0.1737051010131836,0.28363518690069517,3,MHIST,-0.10993008588751157
MHIST_chd.png,black,0.2962867319583892,0.1839065104722976,2,MHIST,0.11238022148609161
MHIST_chd.png,blur,0.22013109922409055,0.15241885744035238,2,MHIST,0.06771224178373816
MHIST_chd.png,mean,0.2194293141365051,0.1871879734098911,2,MHIST,0.032241340726614
MHIST_che.png,black,0.2026354670524597,0.4026795377333959,2,MHIST,-0.2000440706809362
MHIST_che.png,blur,0.1501064896583557,0.1332107086976369,2,MHIST,0.01689578096071881
MHIST_che.png,mean,0.1489580869674682,0.2451279759407043,2,MHIST,-0.09616988897323608
MHIST_chg.png,black,0.22598389784495035,0.20369450556926236,3,MHIST,0.02228939227568799
MHIST_chg.png,blur,0.17781760295232132,0.15364755932082477,3,MHIST,0.02417004363149655
MHIST_chg.png,mean,0.27381672461827594,0.2621058731252312,3,MHIST,0.011710851493044738
MHIST_chl.png,black,0.19271421432495117,0.27435381213823956,3,MHIST,-0.08163959781328839
MHIST_chl.png,blur,0.057549039522806766,0.13510687500238414,3,MHIST,-0.07755783547957737
MHIST_chl.png,mean,0.07390348116556797,0.16903902043898897,3,MHIST,-0.095135539273421
MHIST_chr.png,black,0.2631037831306457,0.3020233067994317,2,MHIST,-0.03891952366878598
MHIST_chr.png,blur,0.2523375451564789,0.22452497805158295,2,MHIST,0.027812567104895936
MHIST_chr.png,mean,0.2902159839868545,0.29278066332141556,2,MHIST,-0.0025646793345610597
MHIST_cht.png,black,0.19450074434280387,0.27277937928835544,3,MHIST,-0.07827863494555157
MHIST_cht.png,blur,0.2111762762069702,0.1798356943660312,3,MHIST,0.03134058184093899
MHIST_cht.png,mean,0.23461395502090446,0.2645043835043907,3,MHIST,-0.029890428483486248
MHIST_chv.png,black,0.27627331018447876,0.41727872341871264,2,MHIST,-0.14100541323423388
MHIST_chv.png,blur,0.2555890381336212,0.3704856663942337,2,MHIST,-0.11489662826061248
MHIST_chv.png,mean,0.2721928656101227,0.36544346660375593,2,MHIST,-0.09325060099363325
MHIST_cia.png,black,0.280667761961619,0.3445538863539695,3,MHIST,-0.06388612439235047
MHIST_cia.png,blur,0.358138640721639,0.35520315070947,3,MHIST,0.002935490012168973
MHIST_cia.png,mean,0.3372821609179179,0.3543784787257512,3,MHIST,-0.017096317807833272
MHIST_cid.png,black,0.34573379158973694,0.4084718223661184,2,MHIST,-0.06273803077638146
MHIST_cid.png,blur,0.1992520689964294,0.24408374503254887,2,MHIST,-0.04483167603611948
MHIST_cid.png,mean,0.2887577712535858,0.35013530179858204,2,MHIST,-0.06137753054499623
MHIST_cie.png,black,0.3230298161506653,0.3446614206901618,2,MHIST,-0.02163160453949653
MHIST_cie.png,blur,0.24607565999031067,0.19183942505291524,2,MHIST,0.05423623493739543
MHIST_cie.png,mean,0.28776368498802185,0.2571987914187567,2,MHIST,0.030564893569265172
MHIST_cim.png,black,-0.0632925927639007,-0.08194682449102395,2,MHIST,0.018654231727123244
MHIST_cim.png,blur,-0.0301657617092132,-0.05147096067667005,2,MHIST,0.021305198967456848
MHIST_cim.png,mean,-0.0259988903999328,-0.053377428650856,2,MHIST,0.0273785382509232
MHIST_cio.png,black,-0.13566444317499793,-0.1351837148269017,3,MHIST,-0.0004807283480962321
MHIST_cio.png,blur,-0.04933693011601759,-0.05940889318784076,3,MHIST,0.010071963071823169
MHIST_cio.png,mean,-0.13137642542521155,-0.14248061478137963,3,MHIST,0.011104189356168082
MHIST_ciu.png,black,0.3030409216880798,0.34756889343261715,2,MHIST,-0.044527971744537376
MHIST_ciu.png,blur,0.1304637789726257,0.15732132047414776,2,MHIST,-0.02685754150152206
MHIST_ciu.png,mean,0.2564917504787445,0.3007907129824161,2,MHIST,-0.0442989625036716
MHIST_ciw.png,black,-0.1695931553840637,-0.2359031736850738,2,MHIST,0.0663100183010101
MHIST_ciw.png,blur,-0.1952840089797973,-0.1978358626365661,2,MHIST,0.002551853656768799
MHIST_ciw.png,mean,-0.1478041410446167,-0.2284280806779861,2,MHIST,0.08062393963336939
MHIST_cje.png,black,0.2425691088040669,0.2938304198284944,3,MHIST,-0.05126131102442749
MHIST_cje.png,blur,0.23011376460393265,0.23175482104221978,3,MHIST,-0.0016410564382871307
MHIST_cje.png,mean,0.20031017065048215,0.2266143515706062,3,MHIST,-0.026304180920124043
MHIST_cji.png,black,-0.19585384925206503,-0.19687239825725555,3,MHIST,0.0010185490051905222
MHIST_cji.png,blur,-0.17038043340047196,-0.18703139126300808,3,MHIST,0.01665095786253612
MHIST_cji.png,mean,-0.18196423848470045,-0.1910464247067769,3,MHIST,0.00908218622207646
MHIST_cjk.png,black,-0.06428509950637809,-0.0719421431422233,2,MHIST,0.007657043635845212
MHIST_cjk.png,blur,-0.06602594256401055,-0.0683343976736068,2,MHIST,0.0023084551095962497
MHIST_cjk.png,mean,-0.0572763085365295,-0.0637913584709167,2,MHIST,0.0065150499343872015
MHIST_cjl.png,black,0.2051904499530792,0.2679573414581162,2,MHIST,-0.06276689150503703
MHIST_cjl.png,blur,0.2443286776542663,0.28570414015225,2,MHIST,-0.041375462497983684
MHIST_cjl.png,mean,0.18814334273338315,0.30239835328289444,2,MHIST,-0.11425501054951129
MHIST_cjn.png,black,0.3093901574611664,0.47380379408404427,2,MHIST,-0.1644136366228779
MHIST_cjn.png,blur,0.3605733066797256,0.5179501873525707,2,MHIST,-0.1573768806728451
MHIST_cjn.png,mean,0.3744192272424698,0.5162848260302048,2,MHIST,-0.14186559878773497
MHIST_cjq.png,black,0.16429998477300004,0.2328385204076767,3,MHIST,-0.06853853563467666
MHIST_cjq.png,blur,0.11829360326131182,0.10953661700089772,3,MHIST,0.008756986260414101
MHIST_cjq.png,mean,0.11934453248977656,0.16008526782194768,3,MHIST,-0.040740735332171124
MHIST_cjr.png,black,0.10541178782780959,0.19390691452556183,3,MHIST,-0.08849512669775224
MHIST_cjr.png,blur,0.05052644014358517,0.1070633120006985,3,MHIST,-0.056536871857113334
MHIST_cjr.png,mean,0.0699739853541056,0.1560590310229195,3,MHIST,-0.08608504566881389
MHIST_cjs.png,black,0.18000657359759012,0.23616843769947685,3,MHIST,-0.05616186410188673
MHIST_cjs.png,blur,0.09408986568450924,0.22625521024068193,3,MHIST,-0.13216534455617268
MHIST_cjs.png,mean,0.2519010305404663,0.300833640495936,3,MHIST,-0.04893260995546972
MHIST_cjt.png,black,0.2916783764958381,0.3476253233850002,2,MHIST,-0.055946946889162075
MHIST_cjt.png,blur,0.1802295446395874,0.2656396470963955,2,MHIST,-0.08541010245680808
MHIST_cjt.png,mean,0.2219084948301315,0.26816647239029406,2,MHIST,-0.04625797756016256
MHIST_ckf.png,black,0.2248518069585164,0.2324944092167748,3,MHIST,-0.007642602258258413
MHIST_ckf.png,blur,0.20026133457819617,0.14762872126367352,3,MHIST,0.05263261331452265
MHIST_ckf.png,mean,0.21613009770711256,0.20814062191380392,3,MHIST,0.007989475793308637
MHIST_ckh.png,black,0.2577420473098755,0.4320880670100451,2,MHIST,-0.1743460197001696
MHIST_ckh.png,blur,0.1879458725452423,0.3832394964993,2,MHIST,-0.1952936239540577
MHIST_ckh.png,mean,0.2777564227581024,0.4377684656530618,2,MHIST,-0.1600120428949594
MHIST_cki.png,black,0.06853081285953525,0.22952503462632493,3,MHIST,-0.16099422176678968
MHIST_cki.png,blur,0.020250608523686764,0.15845019767681753,3,MHIST,-0.13819958915313077
MHIST_cki.png,mean,-0.006926784912745121,0.16182716488838192,3,MHIST,-0.16875394980112704
MHIST_ckl.png,black,0.17953635752201075,0.29417876601219173,2,MHIST,-0.11464240849018098
MHIST_ckl.png,blur,0.39592138677835464,0.31395226605236526,2,MHIST,0.08196912072598939
MHIST_ckl.png,mean,0.3040148466825485,0.3505770571529865,2,MHIST,-0.04656221047043796
MHIST_ckn.png,black,0.2521421313285827,0.3649437869588534,3,MHIST,-0.11280165563027067
MHIST_ckn.png,blur,0.22271821896235144,0.3893355225523312,3,MHIST,-0.16661730358997978
MHIST_ckn.png,mean,0.332561731338501,0.41533190359671907,3,MHIST,-0.08277017225821809
MHIST_cku.png,black,0.18168969949086503,0.2720635458827018,3,MHIST,-0.09037384639183679
MHIST_cku.png,blur,0.17087721824645993,0.3434148629506429,3,MHIST,-0.17253764470418295
MHIST_cku.png,mean,0.18545548121134436,0.37167829871177677,3,MHIST,-0.1862228175004324
MHIST_ckx.png,black,0.2326648235321045,0.22379004160563146,3,MHIST,0.008874781926473035
MHIST_ckx.png,blur,0.23977648218472794,0.23939536909262338,3,MHIST,0.00038111309210456246
MHIST_ckx.png,mean,0.2749843001365661,0.2588560226062933,3,MHIST,0.016128277530272794
MHIST_cla.png,black,0.24743196368217463,0.3956021510064601,2,MHIST,-0.1481701873242855
MHIST_cla.png,blur,0.12291905283927915,0.17712935656309126,2,MHIST,-0.05421030372381211
MHIST_cla.png,mean,0.1712817251682281,0.33289174661040305,2,MHIST,-0.16161002144217496
MHIST_cld.png,black,0.15126727024714146,0.18233286713560415,3,MHIST,-0.031065596888462693
MHIST_cld.png,blur,0.208027109503746,0.24567170950273667,3,MHIST,-0.03764459999899067
MHIST_cld.png,mean,0.1982776920000712,0.24948792780439052,3,MHIST,-0.051210235804319326
MHIST_clf.png,black,0.09267783164978023,0.25567867656548815,3,MHIST,-0.16300084491570793
MHIST_clf.png,blur,0.0767102241516113,0.19524224102497098,3,MHIST,-0.11853201687335968
MHIST_clf.png,mean,0.10323975483576453,0.23347773949305214,3,MHIST,-0.13023798465728761
MHIST_clg.png,black,0.20908188819885248,0.3813796678824084,2,MHIST,-0.17229777968355592
MHIST_clg.png,blur,0.23207816481590265,0.271320244031293,2,MHIST,-0.03924207921539036
MHIST_clg.png,mean,0.1944843828678131,0.2893195603575025,2,MHIST,-0.09483517748968939
MHIST_clh.png,black,0.33115318417549133,0.3294251586000124,2,MHIST,0.0017280255754789087
MHIST_clh.png,blur,0.3123588263988495,0.3680195041000843,2,MHIST,-0.05566067770123484
MHIST_clh.png,mean,0.34685833752155304,0.40990987556676073,2,MHIST,-0.06305153804520769
MHIST_cll.png,black,0.21782397230466202,0.1836411488552888,3,MHIST,0.034182823449373234
MHIST_cll.png,blur,0.18275171518325803,0.1862191791335741,3,MHIST,-0.00346746395031608
MHIST_cll.png,mean,0.25302947560946143,0.22073282375931735,3,MHIST,0.032296651850144076
MHIST_clo.png,black,0.3034142752488454,0.3531049693624178,3,MHIST,-0.04969069411357241
MHIST_clo.png,blur,0.17871381839116407,0.25172825306653973,3,MHIST,-0.07301443467537566
MHIST_clo.png,mean,0.17598803838094068,0.27318297674258546,3,MHIST,-0.09719493836164478
MHIST_clt.png,black,0.1703264315923055,0.32661043057839073,3,MHIST,-0.15628399898608522
MHIST_clt.png,blur,0.1536743640899658,0.24960876256227485,3,MHIST,-0.09593439847230906
MHIST_clt.png,mean,0.15261284510294593,0.2657520517706871,3,MHIST,-0.11313920666774119
MHIST_clx.png,black,0.23822015523910522,0.26927612473567325,3,MHIST,-0.031055969496568026
MHIST_clx.png,blur,0.3035136461257934,0.29147676428159075,3,MHIST,0.012036881844202652
MHIST_clx.png,mean,0.3509048620859781,0.3168661622537507,3,MHIST,0.034038699832227404
MHIST_clz.png,black,-0.112218697865804,-0.1552109122276306,3,MHIST,0.04299221436182658
MHIST_clz.png,blur,-0.14785965283711752,-0.18632531364758806,3,MHIST,0.03846566081047054
MHIST_clz.png,mean,-0.11384977897008257,-0.17436201870441434,3,MHIST,0.06051223973433177
MHIST_cmc.png,black,-0.23373742898305253,-0.29233045478661857,3,MHIST,0.05859302580356604
MHIST_cmc.png,blur,-0.22875259319941196,-0.2771085083484649,3,MHIST,0.048355915149052936
MHIST_cmc.png,mean,-0.20523045460383094,-0.25959252119064324,3,MHIST,0.05436206658681231
MHIST_cmd.png,black,-0.15981918573379514,-0.20237819949785862,3,MHIST,0.042559013764063486
MHIST_cmd.png,blur,-0.10694464047749834,-0.12959611142675076,3,MHIST,0.02265147094925242
MHIST_cmd.png,mean,-0.1579192280769348,-0.19845114847024278,3,MHIST,0.040531920393307996
MHIST_cmf.png,black,0.2276964485645294,0.30521195009350777,2,MHIST,-0.07751550152897838
MHIST_cmf.png,blur,0.21206390857696528,0.23749060407280914,2,MHIST,-0.025426695495843865
MHIST_cmf.png,mean,0.2191452085971832,0.3020702138543129,2,MHIST,-0.08292500525712967
MHIST_cmg.png,black,0.2828052540620168,0.3424159698188305,3,MHIST,-0.059610715756813704
MHIST_cmg.png,blur,0.249492069085439,0.2926576539874077,3,MHIST,-0.04316558490196867
MHIST_cmg.png,mean,0.2710303962230682,0.33345835059881207,3,MHIST,-0.06242795437574389
MHIST_cmh.png,black,0.2744176536798477,0.34661533981561654,2,MHIST,-0.07219768613576882
MHIST_cmh.png,blur,0.3359537422657013,0.2214613504707813,2,MHIST,0.11449239179491999
MHIST_cmh.png,mean,0.29595562815666193,0.312427794188261,2,MHIST,-0.016472166031599067
MHIST_cmi.png,black,-0.06148217121760043,-0.10294352869192754,3,MHIST,0.0414613574743271
MHIST_cmi.png,blur,-0.08933788537979122,-0.10224657654762263,3,MHIST,0.012908691167831415
MHIST_cmi.png,mean,-0.06491200129191076,-0.09536575774351753,3,MHIST,0.030453756451606778
MHIST_cmn.png,black,0.2785895466804504,0.34938145019114014,2,MHIST,-0.07079190351068976
MHIST_cmn.png,blur,0.13073834776878357,0.40424683652818205,2,MHIST,-0.2735084887593985
MHIST_cmn.png,mean,0.24115991592407227,0.46435572467744346,2,MHIST,-0.2231958087533712
MHIST_cmo.png,black,0.3020491302013397,0.367965167760849,2,MHIST,-0.06591603755950926
MHIST_cmo.png,blur,0.2959624826908111,0.2919308990240097,2,MHIST,0.004031583666801397
MHIST_cmo.png,mean,0.4643231034278869,0.36915283203125,2,MHIST,0.09517027139663692
MHIST_cmt.png,black,0.23038065433502192,0.19650171846151346,2,MHIST,0.03387893587350846
MHIST_cmt.png,blur,0.22219765186309814,0.19401604384183874,2,MHIST,0.028181608021259408
MHIST_cmt.png,mean,0.19307702779769897,0.19246315658092494,2,MHIST,0.0006138712167740312
MHIST_cmw.png,black,0.2734871804714203,0.28332443734010054,3,MHIST,-0.009837256868680255
MHIST_cmw.png,blur,0.3454511861006419,0.26890343477328615,3,MHIST,0.07654775132735575
MHIST_cmw.png,mean,0.34223820765813184,0.28293902426958084,3,MHIST,0.059299183388551
MHIST_cmy.png,black,-0.009645700454711935,-0.013323880235354068,3,MHIST,0.0036781797806421327
MHIST_cmy.png,blur,-0.013892511526743534,-0.025920616587003033,3,MHIST,0.0120281050602595
MHIST_cmy.png,mean,-0.007437328497568734,-0.021269879738489733,3,MHIST,0.013832551240921
MHIST_cng.png,black,0.18294384082158402,0.24158286973834034,3,MHIST,-0.05863902891675632
MHIST_cng.png,blur,0.17019716898600257,0.1968913962443669,3,MHIST,-0.026694227258364345
MHIST_cng.png,mean,0.16030891736348465,0.21277777850627896,3,MHIST,-0.05246886114279431
MHIST_cnh.png,black,0.2576457659403483,0.28049823741118113,3,MHIST,-0.022852471470832803
MHIST_cnh.png,blur,0.157256007194519,0.21436510880788162,3,MHIST,-0.057109101613362634
MHIST_cnh.png,mean,0.19407667716344193,0.2485240985949834,3,MHIST,-0.054447421431541465
MHIST_cni.png,black,0.2508030335108438,0.28427961717049277,3,MHIST,-0.03347658365964895
MHIST_cni.png,blur,0.15865242481231687,0.20317369600137072,3,MHIST,-0.04452127118905386
MHIST_cni.png,mean,0.20554665724436436,0.28034286499023436,3,MHIST,-0.07479620774587001
MHIST_cnk.png,black,-0.13498771190643308,-0.14487870732943212,3,MHIST,0.009890995422999038
MHIST_cnk.png,blur,-0.10484586159388225,-0.0772035812338193,3,MHIST,-0.027642280360062943
MHIST_cnk.png,mean,-0.10674077272415157,-0.103198995689551,3,MHIST,-0.0035417770346005684
MHIST_cnm.png,black,0.10944926738739007,0.13975434634420603,3,MHIST,-0.03030507895681596
MHIST_cnm.png,blur,0.04681179920832313,0.07124564813243013,3,MHIST,-0.024433848924107
MHIST_cnm.png,mean,0.0560826460520426,0.0897205680608749,3,MHIST,-0.033637922008832304
MHIST_cnn.png,black,-0.04422863324483233,-0.1285963892936706,3,MHIST,0.08436775604883825
MHIST_cnn.png,blur,0.009186317523320534,-0.10243410368760424,3,MHIST,0.11162042121092478
MHIST_cnn.png,mean,-0.020312666893005333,-0.13400468627611792,3,MHIST,0.11369201938311259
MHIST_cnp.png,black,0.30197177827358246,0.3571236237883567,2,MHIST,-0.055151845514774256
MHIST_cnp.png,blur,0.3064947724342346,0.3166247963905334,2,MHIST,-0.010130023956298806
MHIST_cnp.png,mean,0.27693364024162287,0.34034493938088417,2,MHIST,-0.0634112991392613
MHIST_cnr.png,black,0.12064343690872191,0.1988012999296188,3,MHIST,-0.0781578630208969
MHIST_cnr.png,blur,0.22088730335235593,0.24653878509998317,3,MHIST,-0.02565148174762724
MHIST_cnr.png,mean,0.18779075145721427,0.26706974407037093,3,MHIST,-0.07927899261315666
MHIST_cns.png,black,0.1669290959835052,0.2688892811536789,2,MHIST,-0.10196018517017369
MHIST_cns.png,blur,0.11726036667823786,0.2249435395002365,2,MHIST,-0.10768317282199863
MHIST_cns.png,mean,0.122436910867691,0.2333365321159362,2,MHIST,-0.11089962124824519
MHIST_cnt.png,black,0.21463751792907712,0.29874297728141147,3,MHIST,-0.08410545935233435
MHIST_cnt.png,blur,0.17179876565933225,0.1935444926222165,3,MHIST,-0.021745726962884265
MHIST_cnt.png,mean,0.258411169052124,0.2837633674343427,3,MHIST,-0.025352198382218694
MHIST_cnx.png,black,0.36172776669263834,0.28696719855070113,2,MHIST,0.07476056814193721
MHIST_cnx.png,blur,0.3386618494987487,0.2013601548969745,2,MHIST,0.13730169460177422
MHIST_cnx.png,mean,0.3386679589748382,0.19744280427694322,2,MHIST,0.14122515469789498
MHIST_coh.png,black,-0.15247120459874464,-0.16287967442420484,3,MHIST,0.010408469825460204
MHIST_coh.png,blur,-0.15729039907455442,-0.11762740554516775,3,MHIST,-0.03966299352938667
MHIST_coh.png,mean,-0.16864009698232016,-0.15769124219292086,3,MHIST,-0.010948854789399304
MHIST_coj.png,black,0.32941927512486774,0.3457992831865946,3,MHIST,-0.016380008061726847
MHIST_coj.png,blur,0.15833414594332376,0.19587007897595562,3,MHIST,-0.03753593303263186
MHIST_coj.png,mean,0.24176836013793945,0.25384937102595956,3,MHIST,-0.012081010888020105
MHIST_cok.png,black,0.38317544758319855,0.30853963345289226,2,MHIST,0.07463581413030629
MHIST_cok.png,blur,0.12068775296211234,0.3549736388027668,2,MHIST,-0.23428588584065443
MHIST_cok.png,mean,0.29322628676891327,0.4260380316525697,2,MHIST,-0.13281174488365644
MHIST_con.png,black,0.295306791861852,0.34419389565785724,3,MHIST,-0.04888710379600525
MHIST_con.png,blur,0.23803316553433732,0.20924145529667534,3,MHIST,0.02879171023766197
MHIST_con.png,mean,0.27620478471120197,0.3182375098268191,3,MHIST,-0.04203272511561712
MHIST_coq.png,black,0.15655801693598426,0.23095055023829136,3,MHIST,-0.0743925333023071
MHIST_coq.png,blur,0.15423510471979773,0.24869586825370785,3,MHIST,-0.09446076353391011
MHIST_coq.png,mean,0.16852200031280518,0.2630184521277746,3,MHIST,-0.0944964518149694
MHIST_cov.png,black,-0.008706370989481566,-0.007866374651590935,3,MHIST,-0.0008399963378906312
MHIST_cov.png,blur,-0.0035971800486246336,-0.0049280315637587994,3,MHIST,0.0013308515151341659
MHIST_cov.png,mean,-0.004830439885457333,-0.005601646502812634,3,MHIST,0.0007712066173553005
MHIST_cox.png,black,0.2331945896148681,0.2339799255132675,2,MHIST,-0.0007853358983993808
MHIST_cox.png,blur,0.2033882141113281,0.2242594361305236,2,MHIST,-0.0208712220191955
MHIST_cox.png,mean,0.2077733874320984,0.260748028755188,2,MHIST,-0.0529746413230896
MHIST_coy.png,black,0.3078615963459015,0.2212460041046142,2,MHIST,0.08661559224128729
MHIST_coy.png,blur,0.3769362568855285,0.28530260920524597,2,MHIST,0.09163364768028254
MHIST_coy.png,mean,0.38096004724502563,0.2454470694065094,2,MHIST,0.13551297783851624
MHIST_cpd.png,black,0.22493320703506467,0.24766015559434884,3,MHIST,-0.02272694855928417
MHIST_cpd.png,blur,0.3226872682571411,0.3265932957331339,3,MHIST,-0.0039060274759927793
MHIST_cpd.png,mean,0.2840488950411479,0.3132440815369288,3,MHIST,-0.0291951864957809
MHIST_cpe.png,black,0.19736855228741956,0.2335323694679472,3,MHIST,-0.036163817180527635
MHIST_cpe.png,blur,0.1700939436753591,0.20170499997006516,3,MHIST,-0.031611056294706064
MHIST_cpe.png,mean,0.2401243249575297,0.2768840341104401,3,MHIST,-0.03675970915291041
MHIST_cpi.png,black,0.30304621160030365,0.31690961718559263,2,MHIST,-0.01386340558528898
MHIST_cpi.png,blur,0.171161949634552,0.20555885732173917,2,MHIST,-0.03439690768718717
MHIST_cpi.png,mean,0.20418390631675715,0.2814905852079391,2,MHIST,-0.07730667889118198
MHIST_cpk.png,black,0.2129225730895996,0.2772752265135447,3,MHIST,-0.06435265342394508
MHIST_cpk.png,blur,0.2189860939979553,0.1879256039857864,3,MHIST,0.0310604900121689
MHIST_cpk.png,mean,0.22725838422775269,0.26623382369677223,3,MHIST,-0.038975439469019546
MHIST_cpm.png,black,0.21150913834571836,0.29042269513010976,2,MHIST,-0.07891355678439141
MHIST_cpm.png,blur,0.2134970724582672,0.21961264535784714,2,MHIST,-0.006115572899579924
MHIST_cpm.png,mean,0.3345980942249298,0.34761156067252164,2,MHIST,-0.013013466447591826
MHIST_cpo.png,black,0.34125088155269623,0.2988205134868621,2,MHIST,0.04243036806583411
MHIST_cpo.png,blur,0.2550220638513565,0.2321853883564472,2,MHIST,0.02283667549490931
MHIST_cpo.png,mean,0.35668477416038513,0.3227496489882469,2,MHIST,0.03393512517213826
MHIST_cpq.png,black,0.2157485783100128,0.3593547285076171,3,MHIST,-0.14360615019760434
MHIST_cpq.png,blur,0.1731168528397878,0.2841005244425365,3,MHIST,-0.11098367160274866
MHIST_cpq.png,mean,0.19292396306991574,0.348887653932685,3,MHIST,-0.15596369086276926
MHIST_cpr.png,black,0.39056769013404846,0.365158358712991,3,MHIST,0.025409331421057446
MHIST_cpr.png,blur,0.38314934571584064,0.32259913856784506,3,MHIST,0.06055020714799558
MHIST_cpr.png,mean,0.3987560073534648,0.35600872834523517,3,MHIST,0.04274727900822961
MHIST_cps.png,black,0.193475325902303,0.19200249314308163,3,MHIST,0.0014728327592213875
MHIST_cps.png,blur,0.09487305084864296,0.08833844463030494,3,MHIST,0.006534606218338027
MHIST_cps.png,mean,0.10262858867645264,0.12392138143380478,3,MHIST,-0.021292792757352144
MHIST_cpt.png,black,0.22159012158711747,0.23331460454143008,3,MHIST,-0.01172448295431261
MHIST_cpt.png,blur,0.22028645873069763,0.24404509474451722,3,MHIST,-0.023758636013819584
MHIST_cpt.png,mean,0.20115969578425086,0.2389985096378204,3,MHIST,-0.03783881385356955
MHIST_cpz.png,black,0.36882439255714417,0.4550816131134828,3,MHIST,-0.08625722055633861
MHIST_cpz.png,blur,0.2441728313763936,0.26372493108113604,3,MHIST,-0.01955209970474245
MHIST_cpz.png,mean,0.3230721354484558,0.38608328600724534,3,MHIST,-0.06301115055878953
MHIST_cqa.png,black,0.24134817719459528,0.26315568834543224,2,MHIST,-0.021807511150836956
MHIST_cqa.png,blur,0.2228461354970932,0.2249587312340736,2,MHIST,-0.0021125957369803883
MHIST_cqa.png,mean,0.248459056019783,0.23660458773374554,2,MHIST,0.01185446828603745
MHIST_cqb.png,black,-0.21789099772771195,-0.2075445055961609,3,MHIST,-0.01034649213155106
MHIST_cqb.png,blur,-0.19127762317657468,-0.1911048104365666,3,MHIST,-0.000172812740008077
MHIST_cqb.png,mean,-0.19977321227391556,-0.20164367655913032,3,MHIST,0.0018704642852147568
MHIST_cqi.png,black,0.3438809663057327,0.34736299365758894,2,MHIST,-0.0034820273518562095
MHIST_cqi.png,blur,0.22632132470607755,0.2281368970870971,2,MHIST,-0.0018155723810195645
MHIST_cqi.png,mean,0.28126341104507446,0.316610686480999,2,MHIST,-0.03534727543592453
MHIST_cqj.png,black,0.2832177182038625,0.4155794814229011,3,MHIST,-0.1323617632190386
MHIST_cqj.png,blur,0.16773148377736402,0.38603862201174105,3,MHIST,-0.21830713823437703
MHIST_cqj.png,mean,0.1599786281585693,0.38337892865141227,3,MHIST,-0.22340030049284296
MHIST_cqp.png,black,0.23511356115341187,0.38424944256742793,3,MHIST,-0.14913588141401607
MHIST_cqp.png,blur,0.19333913922309867,0.3109603742758433,3,MHIST,-0.1176212350527446
MHIST_cqp.png,mean,0.2646514773368835,0.37654421428839363,3,MHIST,-0.11189273695151014
MHIST_cqq.png,black,0.11676657199859615,0.2894050305088361,3,MHIST,-0.17263845851023996
MHIST_cqq.png,blur,0.12384297450383501,0.22589194774627686,3,MHIST,-0.10204897324244185
MHIST_cqq.png,mean,0.13165364662806187,0.28022561967372894,3,MHIST,-0.14857197304566708
MHIST_cqr.png,black,0.15452782313028968,0.22671828667322794,3,MHIST,-0.07219046354293826
MHIST_cqr.png,blur,0.1657879749933878,0.2406439920266469,3,MHIST,-0.07485601703325911
MHIST_cqr.png,mean,0.11501421531041456,0.24605836470921827,3,MHIST,-0.1310441493988037
MHIST_cqs.png,black,0.20274682839711503,0.2739621142546335,3,MHIST,-0.07121528585751849
MHIST_cqs.png,blur,0.18567568063735954,0.1801544566949208,3,MHIST,0.00552122394243873
MHIST_cqs.png,mean,0.1745935479799906,0.21711703538894647,3,MHIST,-0.04252348740895587
MHIST_cqt.png,black,-0.0953120589256286,-0.0871954128146171,2,MHIST,-0.00811664611101151
MHIST_cqt.png,blur,-0.1136729717254638,-0.08205405771732324,2,MHIST,-0.031618914008140556
MHIST_cqt.png,mean,-0.096251368522644,-0.07734729796648021,2,MHIST,-0.01890407055616379
MHIST_cqu.png,black,0.24444180727005002,0.29563605164488155,3,MHIST,-0.05119424437483153
MHIST_cqu.png,blur,0.32586366434892017,0.23997620393832522,3,MHIST,0.08588746041059495
MHIST_cqu.png,mean,0.29533835252126056,0.2563380931814512,3,MHIST,0.039000259339809384
MHIST_cqv.png,black,0.17551047603289283,0.26494545092185334,3,MHIST,-0.08943497488896052
MHIST_cqv.png,blur,0.18110625942548117,0.23021443312366804,3,MHIST,-0.049108173698186874
MHIST_cqv.png,mean,0.15349625547726947,0.22025305107235904,3,MHIST,-0.06675679559508957
MHIST_cqw.png,black,0.5278582622607549,0.4171384957929452,3,MHIST,0.11071976646780973
MHIST_cqw.png,blur,0.2987312475840251,0.27133533805608745,3,MHIST,0.027395909527937634
MHIST_cqw.png,mean,0.4209539492925008,0.34084961016972853,3,MHIST,0.08010433912277226
MHIST_cqz.png,black,0.23368928333123518,0.26423189391692475,3,MHIST,-0.030542610585689578
MHIST_cqz.png,blur,0.18554530541102088,0.26649894258450885,3,MHIST,-0.08095363717348797
MHIST_cqz.png,mean,0.22841621935367584,0.3039746413450865,3,MHIST,-0.07555842199141066
MHIST_cra.png,black,-0.15857911109924314,-0.17668496966361993,3,MHIST,0.018105858564376798
MHIST_cra.png,blur,-0.11296081542968743,-0.15548150738080335,3,MHIST,0.04252069195111592
MHIST_cra.png,mean,-0.10765343904495238,-0.15211096405982968,3,MHIST,0.044457525014877305
MHIST_crd.png,black,0.1969463527202606,0.19748935773968695,2,MHIST,-0.0005430050194263625
MHIST_crd.png,blur,0.0520350635051727,0.13332387953996655,2,MHIST,-0.08128881603479385
MHIST_crd.png,mean,0.08803379535675045,0.18694586604833602,2,MHIST,-0.09891207069158557
MHIST_cre.png,black,0.19001738230387366,0.3052068109313647,3,MHIST,-0.11518942862749104
MHIST_cre.png,blur,0.21024473508199057,0.20069420685370756,3,MHIST,0.009550528228283006
MHIST_cre.png,mean,0.21106851100921628,0.30746111571788787,3,MHIST,-0.09639260470867159
MHIST_crf.png,black,0.38091098268826795,0.38923435161511105,3,MHIST,-0.0083233689268431
MHIST_crf.png,blur,0.18138470252354935,0.22756784111261366,3,MHIST,-0.04618313858906431
MHIST_crf.png,mean,0.21468822161356602,0.29913286715745924,3,MHIST,-0.08444464554389322
MHIST_crh.png,black,-0.14115621646245316,-0.19453860918680824,3,MHIST,0.05338239272435508
MHIST_crh.png,blur,0.0118653376897176,-0.08207223614056901,3,MHIST,0.09393757383028661
MHIST_crh.png,mean,-0.014676610628763865,-0.12779402434825893,3,MHIST,0.11311741371949506
MHIST_crl.png,black,0.2631763815879821,0.2811607897281646,2,MHIST,-0.017984408140182484
MHIST_crl.png,blur,0.2391581386327743,0.1947579532861709,2,MHIST,0.044400185346603394
MHIST_crl.png,mean,0.2830492705106735,0.22802571654319764,2,MHIST,0.05502355396747588
MHIST_crt.png,black,0.15390034516652423,0.2622832402586937,3,MHIST,-0.10838289509216947
MHIST_crt.png,blur,0.12769089142481482,0.1212049891551335,3,MHIST,0.006485902269681321
MHIST_crt.png,mean,0.17119061946868888,0.2166567911704381,3,MHIST,-0.045466171701749214
MHIST_cru.png,black,0.4123645424842834,0.35969139635562897,2,MHIST,0.052673146128654424
MHIST_cru.png,blur,0.2869797646999359,0.42423033006489275,2,MHIST,-0.13725056536495683
MHIST_cru.png,mean,0.30301341414451594,0.370380363613367,2,MHIST,-0.06736694946885108
MHIST_crw.png,black,0.19969826936721796,0.31891797613352535,2,MHIST,-0.11921970676630739
MHIST_crw.png,blur,0.1887342035770416,0.3780992290005088,2,MHIST,-0.1893650254234672
MHIST_crw.png,mean,0.2545180320739746,0.4038949446752667,2,MHIST,-0.1493769126012921
MHIST_crx.png,black,0.11899924278259273,0.13660354316234585,3,MHIST,-0.01760430037975312
MHIST_crx.png,blur,0.0674190521240234,0.08835110167662297,3,MHIST,-0.02093204955259957
MHIST_crx.png,mean,0.11913736661275225,0.12894485294818872,3,MHIST,-0.009807486335436474
MHIST_csa.png,black,0.2310017645359039,0.26572723447373414,3,MHIST,-0.03472546993783024
MHIST_csa.png,blur,0.24063764015833533,0.29093291592417336,3,MHIST,-0.05029527576583803
MHIST_csa.png,mean,0.2238042553265889,0.2888676094737919,3,MHIST,-0.06506335414720302
MHIST_csb.png,black,0.37918621301651,0.47885385919362305,2,MHIST,-0.09966764617711305
MHIST_csb.png,blur,0.33614142239093775,0.44865231178700926,2,MHIST,-0.11251088939607151
MHIST_csb.png,mean,0.39457809925079346,0.5185800449922682,2,MHIST,-0.12400194574147472
MHIST_csd.png,black,0.1954838434855143,0.328243434543793,3,MHIST,-0.1327595910582787
MHIST_csd.png,blur,0.16181570291519162,0.22306398298495855,3,MHIST,-0.06124828006976693
MHIST_csd.png,mean,0.18268080552419028,0.28711124712075936,3,MHIST,-0.10443044159656908
MHIST_csh.png,black,0.31665562589963275,0.2981312274932861,3,MHIST,0.018524398406346676
MHIST_csh.png,blur,0.22530786196390787,0.21156442463397981,3,MHIST,0.013743437329928054
MHIST_csh.png,mean,0.2742205758889516,0.28575898657242454,3,MHIST,-0.011538410683472944
MHIST_csi.png,black,-0.034927785396575865,-0.11704340004453469,3,MHIST,0.08211561464795883
MHIST_csi.png,blur,0.18600141008694962,0.0230176344513893,3,MHIST,0.16298377563556032
MHIST_csi.png,mean,0.06739648183186843,-0.03714124975251213,3,MHIST,0.10453773158438057
MHIST_csj.png,black,0.194154679775238,0.3089281500804992,3,MHIST,-0.11477347030526117
MHIST_csj.png,blur,0.1423041224479675,0.1184623919782184,3,MHIST,0.023841730469749106
MHIST_csj.png,mean,0.16013934214909872,0.20183835838522227,3,MHIST,-0.04169901623612354
MHIST_csk.png,black,0.2313906749089559,0.34577942614754037,3,MHIST,-0.11438875123858447
MHIST_csk.png,blur,0.24658736586570737,0.35004670619964595,3,MHIST,-0.10345934033393858
MHIST_csk.png,mean,0.24154301484425858,0.3406102878352006,3,MHIST,-0.099067272990942
MHIST_csn.png,black,0.11892922719319658,0.24225190084034898,3,MHIST,-0.1233226736471524
MHIST_csn.png,blur,0.07428626219431554,0.2454982507262814,3,MHIST,-0.17121198853196584
MHIST_csn.png,mean,0.047324101130167634,0.19948063766175184,3,MHIST,-0.1521565365315842
MHIST_csq.png,black,0.3599260101715724,0.3663148380195101,3,MHIST,-0.006388827847937706
MHIST_csq.png,blur,0.3176970034837723,0.39233230433116356,3,MHIST,-0.07463530084739128
MHIST_csq.png,mean,0.3276142676671346,0.3856657719239592,3,MHIST,-0.05805150425682459
MHIST_csw.png,black,0.2666921019554138,0.3676789671182632,3,MHIST,-0.10098686516284938
MHIST_csw.png,blur,0.1778634786605835,0.29622658640146254,3,MHIST,-0.11836310774087905
MHIST_csw.png,mean,0.25985306501388544,0.35897492567698164,3,MHIST,-0.0991218606630962
MHIST_ctb.png,black,-0.0191071331501007,-0.06317283064126959,2,MHIST,0.04406569749116889
MHIST_ctb.png,blur,-0.07796651124954221,-0.11313062161207196,2,MHIST,0.035164110362529755
MHIST_ctb.png,mean,-0.0912731885910034,-0.1131341159343719,2,MHIST,0.021860927343368503
MHIST_ctc.png,black,0.12977674603462216,0.23443989306688304,2,MHIST,-0.10466314703226087
MHIST_ctc.png,blur,0.1595101356506347,0.21912093535065646,2,MHIST,-0.059610799700021755
MHIST_ctc.png,mean,0.18988412618637085,0.24893519729375835,2,MHIST,-0.0590510711073875
MHIST_cte.png,black,-0.14845750729242957,-0.20888444483280177,3,MHIST,0.060426937540372205
MHIST_cte.png,blur,-0.1381779114405314,-0.1670586178700129,3,MHIST,0.028880706429481484
MHIST_cte.png,mean,-0.14322020610173536,-0.18745257457097367,3,MHIST,0.04423236846923831
MHIST_ctg.png,black,0.20275831222534174,0.29727958589792247,2,MHIST,-0.09452127367258073
MHIST_ctg.png,blur,0.12299939990043635,0.1123113706707954,2,MHIST,0.010688029229640947
MHIST_ctg.png,mean,0.13172957301139832,0.18939921036362645,2,MHIST,-0.05766963735222813
MHIST_cti.png,black,0.2986942529678345,0.40252079442143435,2,MHIST,-0.10382654145359987
MHIST_cti.png,blur,0.19666045904159543,0.2247652262449264,2,MHIST,-0.028104767203330966
MHIST_cti.png,mean,0.23348128795623774,0.25525146573781965,2,MHIST,-0.021770177781581912
MHIST_ctk.png,black,0.28651731212933856,0.3656834624707698,3,MHIST,-0.07916615034143126
MHIST_ctk.png,blur,0.2326292395591735,0.32832616857356495,3,MHIST,-0.09569692901439145
MHIST_ctk.png,mean,0.18618746598561606,0.34319163776106304,3,MHIST,-0.15700417177544698
MHIST_cto.png,black,0.2342337965965271,0.4839621098712087,2,MHIST,-0.2497283132746816
MHIST_cto.png,blur,0.1844331622123718,0.44914121106266974,2,MHIST,-0.264708048850298
MHIST_cto.png,mean,0.1753037571907043,0.499613705277443,2,MHIST,-0.3243099480867387
MHIST_ctr.png,black,-0.2432858347892761,-0.2895932495594024,3,MHIST,0.046307414770126315
MHIST_ctr.png,blur,-0.26270413398742676,-0.294801123936971,3,MHIST,0.03209698994954424
MHIST_ctr.png,mean,-0.25151461362838745,-0.2929968684911728,3,MHIST,0.04148225486278534
MHIST_cts.png,black,0.19087773561477658,0.27827575990841497,3,MHIST,-0.08739802429363838
MHIST_cts.png,blur,0.1371840437253316,0.15366845194782527,3,MHIST,-0.01648440822249367
MHIST_cts.png,mean,0.17638574043909702,0.26072718870072137,3,MHIST,-0.08434144826162435
MHIST_ctt.png,black,0.18947690725326533,0.29699327722191804,2,MHIST,-0.10751636996865271
MHIST_ctt.png,blur,0.0901516675949096,0.20920153707265848,2,MHIST,-0.11904986947774888
MHIST_ctt.png,mean,0.1245675086975097,0.26475873142480844,2,MHIST,-0.14019122272729873
MHIST_ctw.png,black,0.20741103589534754,0.3139081679284572,2,MHIST,-0.10649713203310968
MHIST_ctw.png,blur,0.25688996911048884,0.2824570376425981,2,MHIST,-0.02556706853210927
MHIST_ctw.png,mean,0.25101132690906525,0.3142696335911751,2,MHIST,-0.06325830668210985
MHIST_ctx.png,black,0.23932520548502603,0.3078899323940277,3,MHIST,-0.06856472690900164
MHIST_ctx.png,blur,0.24995476007461545,0.2649886051813761,3,MHIST,-0.015033845106760674
MHIST_ctx.png,mean,0.2810080846150716,0.33354451681176817,3,MHIST,-0.05253643219669657
MHIST_cub.png,black,0.2272809743881225,0.383057539910078,2,MHIST,-0.1557765655219555
MHIST_cub.png,blur,0.1555107235908508,0.26407923847436904,2,MHIST,-0.10856851488351824
MHIST_cub.png,mean,0.2395038306713104,0.3575841043144464,2,MHIST,-0.11808027364313603
MHIST_cuq.png,black,0.25244867801666254,0.3900568989415963,3,MHIST,-0.13760822092493374
MHIST_cuq.png,blur,0.18275035421053568,0.23348353256781892,3,MHIST,-0.05073317835728325
MHIST_cuq.png,mean,0.26889092723528546,0.3400097710390885,3,MHIST,-0.07111884380380307
MHIST_cus.png,black,0.2935838997364044,0.4768496140837669,2,MHIST,-0.1832657143473625
MHIST_cus.png,blur,0.27625042200088495,0.36444013640284534,2,MHIST,-0.08818971440196038
MHIST_cus.png,mean,0.2854033559560776,0.417787304520607,2,MHIST,-0.1323839485645294
MHIST_cuu.png,black,0.3504855434099832,0.3853548309741876,3,MHIST,-0.034869287564204376
MHIST_cuu.png,blur,0.29694617787996924,0.2326699261864026,3,MHIST,0.06427625169356666
MHIST_cuu.png,mean,0.3172235588232676,0.30848177690536543,3,MHIST,0.008741781917902147
MHIST_cuy.png,black,0.2073983550071716,0.1934911027550697,2,MHIST,0.013907252252101904
MHIST_cuy.png,blur,0.13327467441558835,0.216508462280035,2,MHIST,-0.08323378786444666
MHIST_cuy.png,mean,0.2370219826698303,0.23088719025254245,2,MHIST,0.006134792417287843
MHIST_cvb.png,black,0.29754410187403363,0.2917087773482005,3,MHIST,0.00583532452583313
MHIST_cvb.png,blur,0.27506397167841595,0.2825920780499776,3,MHIST,-0.007528106371561649
MHIST_cvb.png,mean,0.24493889013926182,0.3120877837141354,3,MHIST,-0.06714889357487361
MHIST_cvd.png,black,-0.1473392248153686,-0.17235007286071774,2,MHIST,0.025010848045349143
MHIST_cvd.png,blur,-0.09877514839172359,-0.1608134731650352,2,MHIST,0.0620383247733116
MHIST_cvd.png,mean,-0.11316889524459836,-0.1621955648064613,2,MHIST,0.04902666956186294
MHIST_cve.png,black,0.19201445579528806,0.2966848577062289,3,MHIST,-0.10467040191094082
MHIST_cve.png,blur,0.1784685254096984,0.30798015445470805,3,MHIST,-0.12951162904500965
MHIST_cve.png,mean,0.18341112136840818,0.3131710176666578,3,MHIST,-0.1297598962982496
MHIST_cvn.png,black,0.16069813569386796,0.0699629709834144,3,MHIST,0.09073516471045355
MHIST_cvn.png,blur,0.16933277249336234,0.12592695575384863,3,MHIST,0.043405816739513714
MHIST_cvn.png,mean,0.19214870532353712,0.1421586398567472,3,MHIST,0.04999006546678991
MHIST_cvp.png,black,0.26464337110519404,0.3047943408290545,3,MHIST,-0.04015096972386045
MHIST_cvp.png,blur,0.14165500799814856,0.20577287375926967,3,MHIST,-0.0641178657611211
MHIST_cvp.png,mean,0.2138803799947103,0.27074700444936756,3,MHIST,-0.05686662445465726
MHIST_cvq.png,black,0.2447872956593831,0.3406658209860325,3,MHIST,-0.0958785253266494
MHIST_cvq.png,blur,0.25431327025095624,0.30211789409319556,3,MHIST,-0.047804623842239324
MHIST_cvq.png,mean,0.23833573857943213,0.3256262963016827,3,MHIST,-0.08729055772225058
MHIST_cvw.png,black,0.34358303248882294,0.3655640676617622,2,MHIST,-0.021981035172939256
MHIST_cvw.png,blur,0.2474700510501861,0.2698232300579547,2,MHIST,-0.02235317900776862
MHIST_cvw.png,mean,0.2494648247957229,0.30940555930137625,2,MHIST,-0.05994073450565335
MHIST_cvz.png,black,0.2516877055168152,0.3360200891892115,3,MHIST,-0.08433238367239632
MHIST_cvz.png,blur,0.24742399652798966,0.3135500303159157,3,MHIST,-0.06612603378792606
MHIST_cvz.png,mean,0.221913456916809,0.3118893567472696,3,MHIST,-0.08997589983046059
MHIST_cwb.png,black,-0.2485561966896057,-0.24419696182012554,2,MHIST,-0.004359234869480172
MHIST_cwb.png,blur,-0.2728528082370758,-0.23630226254463194,2,MHIST,-0.03655054569244387
MHIST_cwb.png,mean,-0.2861271202564239,-0.25331097245216366,2,MHIST,-0.03281614780426023
MHIST_cwf.png,black,-0.19897421201070145,-0.24470685025056205,3,MHIST,0.045732638239860596
MHIST_cwf.png,blur,-0.2589356899261474,-0.27556427352958246,3,MHIST,0.016628583603435054
MHIST_cwf.png,mean,-0.23324616750081376,-0.26135541001955664,3,MHIST,0.02810924251874289
MHIST_cwk.png,black,0.2599041660626729,0.3477553378790617,3,MHIST,-0.0878511718163888
MHIST_cwk.png,blur,0.09500970443089803,0.23746486132343606,3,MHIST,-0.14245515689253802
MHIST_cwk.png,mean,0.2239147325356801,0.3323895542571942,3,MHIST,-0.1084748217215141
MHIST_cwn.png,black,0.2389475703239441,0.2553530551493167,2,MHIST,-0.01640548482537263
MHIST_cwn.png,blur,0.16638585925102228,0.1981473013758659,2,MHIST,-0.03176144212484361
MHIST_cwn.png,mean,0.2012431919574737,0.2879562854766845,2,MHIST,-0.0867130935192108
MHIST_cww.png,black,0.23475825786590573,0.30362348529069044,3,MHIST,-0.06886522742478471
MHIST_cww.png,blur,0.18632739782333374,0.252201648187219,3,MHIST,-0.06587425036388528
MHIST_cww.png,mean,0.1866145133972167,0.28989901409337393,3,MHIST,-0.10328450069615722
MHIST_cwz.png,black,0.3093168437480926,0.3215425267815589,2,MHIST,-0.012225683033466328
MHIST_cwz.png,blur,0.1741530299186706,0.1891720414161682,2,MHIST,-0.015019011497497597
MHIST_cwz.png,mean,0.16755256056785578,0.26278109550476075,2,MHIST,-0.09522853493690497
MHIST_cxa.png,black,0.29485560953617096,0.2100192569196224,2,MHIST,0.08483635261654857
MHIST_cxa.png,blur,0.1704943776130676,0.17104439437389374,2,MHIST,-0.0005500167608261386
MHIST_cxa.png,mean,0.2605354934930801,0.23772536888718598,2,MHIST,0.0228101246058941
MHIST_cxd.png,black,-0.12426193555196123,-0.17094948291778558,3,MHIST,0.04668754736582435
MHIST_cxd.png,blur,-0.0535734295845031,-0.1517417271931966,3,MHIST,0.0981682976086935
MHIST_cxd.png,mean,-0.0655650695164998,-0.14904944598674774,3,MHIST,0.08348437647024794
MHIST_cxe.png,black,0.35612621903419495,0.39941095688513345,3,MHIST,-0.043284737850938504
MHIST_cxe.png,blur,0.26924054821332294,0.2874855493505795,3,MHIST,-0.018245001137256578
MHIST_cxe.png,mean,0.3173678716023763,0.34954469743229094,3,MHIST,-0.03217682582991466
MHIST_cxj.png,black,0.40679025650024414,0.4015173479914665,2,MHIST,0.005272908508777652
MHIST_cxj.png,blur,0.36883495748043055,0.3076621241867542,2,MHIST,0.06117283329367634
MHIST_cxj.png,mean,0.3406418710947037,0.32657604441046717,2,MHIST,0.014065826684236504
MHIST_cxq.png,black,-0.17726264397303262,-0.3016385525465011,3,MHIST,0.1243759085734685
MHIST_cxq.png,blur,-0.1341865460077921,-0.23988454540570572,3,MHIST,0.10569799939791363
MHIST_cxq.png,mean,-0.1564573248227437,-0.28713410397370653,3,MHIST,0.13067677915096285
MHIST_cxr.png,black,0.04818758368492125,0.2237558990716934,2,MHIST,-0.17556831538677214
MHIST_cxr.png,blur,0.0235003530979156,0.14117011725902553,2,MHIST,-0.11766976416110994
MHIST_cxr.png,mean,0.04912897944450375,0.1685332730412483,2,MHIST,-0.11940429359674454
MHIST_cxu.png,black,0.21088045835494992,0.2719348100324472,3,MHIST,-0.06105435167749726
MHIST_cxu.png,blur,0.13933711250623063,0.14678656111160912,3,MHIST,-0.007449448605378495
MHIST_cxu.png,mean,0.146918108065923,0.17055998668074604,3,MHIST,-0.02364187861482303
MHIST_cxx.png,black,0.12757414579391474,0.3401052449312475,2,MHIST,-0.21253109913733276
MHIST_cxx.png,blur,0.19065040349960324,0.3342591425610913,2,MHIST,-0.14360873906148805
MHIST_cxx.png,mean,0.2085047960281372,0.41110477650331123,2,MHIST,-0.20259998047517402
MHIST_cyb.png,black,-0.09387735525767006,-0.15854504207770026,3,MHIST,0.0646676868200302
MHIST_cyb.png,blur,-0.10992286602656043,-0.1570707986752192,3,MHIST,0.04714793264865877
MHIST_cyb.png,mean,-0.12630778551101682,-0.1655835777521133,3,MHIST,0.03927579224109648
MHIST_cyf.png,black,0.14969448248545328,0.19320695365381516,3,MHIST,-0.04351247116836188
MHIST_cyf.png,blur,0.1269802053769429,0.14615722640796944,3,MHIST,-0.01917702103102653
MHIST_cyf.png,mean,0.1070730884869893,0.17242525563834935,3,MHIST,-0.06535216715136004
MHIST_cyj.png,black,0.4232116937637329,0.31140613882587503,2,MHIST,0.11180555493785788
MHIST_cyj.png,blur,0.1742046177387237,0.19702314493747852,2,MHIST,-0.022818527198754823
MHIST_cyj.png,mean,0.3363534212112427,0.32680748150898853,2,MHIST,0.009545939702254147
MHIST_cyk.png,black,0.15537981192270908,0.24643537875330238,3,MHIST,-0.09105556683059329
MHIST_cyk.png,blur,0.07620805501937862,0.18935549107559937,3,MHIST,-0.11314743605622075
MHIST_cyk.png,mean,0.10634344816207882,0.22599191516637798,3,MHIST,-0.11964846700429917
MHIST_cyl.png,black,0.18313613533973688,0.3234744511544704,2,MHIST,-0.1403383158147335
MHIST_cyl.png,blur,0.18056619167327875,0.23757372051477427,2,MHIST,-0.057007528841495514
MHIST_cyl.png,mean,0.21783524751663205,0.26584423929452894,2,MHIST,-0.04800899177789689
MHIST_cyn.png,black,0.4307798892259598,0.27629785438378646,2,MHIST,0.15448203484217332
MHIST_cyn.png,blur,0.36258625984191895,0.1918076522648334,2,MHIST,0.17077860757708554
MHIST_cyn.png,mean,0.38730089366436005,0.2408447975913683,2,MHIST,0.14645609607299176
MHIST_cyv.png,black,-0.14384631315867102,-0.17311740219593044,3,MHIST,0.029271089037259418
MHIST_cyv.png,blur,-0.040513277053833,-0.09456871747970576,3,MHIST,0.05405544042587276
MHIST_cyv.png,mean,-0.10369265079498287,-0.1435296992460886,3,MHIST,0.039837048451105736
MHIST_cza.png,black,0.27348044514656067,0.3076046963532766,3,MHIST,-0.034124251206715916
MHIST_cza.png,blur,0.17747505505879715,0.24579574714104327,3,MHIST,-0.06832069208224612
MHIST_cza.png,mean,0.21094504992167154,0.2965549369653066,3,MHIST,-0.08560988704363506
MHIST_czc.png,black,0.25472170114517206,0.33761409372091294,2,MHIST,-0.08289239257574088
MHIST_czc.png,blur,0.2541127204895019,0.217018024623394,2,MHIST,0.03709469586610789
MHIST_czc.png,mean,0.22876796126365656,0.2644708022475242,2,MHIST,-0.03570284098386761
MHIST_cze.png,black,0.10167711973190305,0.29622737243771546,2,MHIST,-0.19455025270581242
MHIST_cze.png,blur,0.1757330000400543,0.22579711973667144,2,MHIST,-0.05006411969661714
MHIST_cze.png,mean,0.1619871854782104,0.33996865823864936,2,MHIST,-0.17798147276043896
MHIST_czr.png,black,0.1598431169986724,0.25581772103905676,2,MHIST,-0.09597460404038435
MHIST_czr.png,blur,0.13398304581642145,0.15658479332923886,2,MHIST,-0.022601747512817405
MHIST_czr.png,mean,0.13492828607559199,0.2181049615144729,2,MHIST,-0.08317667543888091
MHIST_czu.png,black,0.3178250988324483,0.36492440750201544,3,MHIST,-0.04709930866956713
MHIST_czu.png,blur,0.15491930643717444,0.19720421532789864,3,MHIST,-0.0422849088907242
MHIST_czu.png,mean,0.239627738793691,0.26100168277819946,3,MHIST,-0.021373943984508453
MHIST_dab.png,black,0.3738102316856384,0.3073029418786366,2,MHIST,0.06650728980700182
MHIST_dab.png,blur,0.2029817700386047,0.1824697653452555,2,MHIST,0.02051200469334921
MHIST_dab.png,mean,0.3058506846427917,0.2725565433502197,2,MHIST,0.033294141292571966
MHIST_dac.png,black,0.28571876883506775,0.283955044299364,2,MHIST,0.0017637245357037257
MHIST_dac.png,blur,0.14923194050788874,0.2777825281023979,2,MHIST,-0.12855058759450916
MHIST_dac.png,mean,0.15171235799789426,0.3117671847343445,2,MHIST,-0.16005482673645025
MHIST_dad.png,black,0.08492857217788692,0.2214165776968002,3,MHIST,-0.13648800551891327
MHIST_dad.png,blur,0.062487224737803104,0.24482692579428353,3,MHIST,-0.18233970105648042
MHIST_dad.png,mean,0.06875814994176227,0.23495901127656293,3,MHIST,-0.16620086133480066
MHIST_dah.png,black,0.2434274951616923,0.3008760131895542,3,MHIST,-0.05744851802786191
MHIST_dah.png,blur,0.20709735155105588,0.24238333255052566,3,MHIST,-0.03528598099946978
MHIST_dah.png,mean,0.2211774289608001,0.244905083378156,3,MHIST,-0.023727654417355915
MHIST_dak.png,black,0.1858437955379486,0.22334027290344236,2,MHIST,-0.03749647736549375
MHIST_dak.png,blur,0.1604635119438171,0.2135016322135925,2,MHIST,-0.05303812026977539
MHIST_dak.png,mean,0.27654492855072016,0.2387805581092834,2,MHIST,0.03776437044143677
MHIST_dal.png,black,0.2513250708580017,0.3568120211362838,3,MHIST,-0.10548695027828209
MHIST_dal.png,blur,0.20868992805480954,0.23343322227398555,3,MHIST,-0.02474329421917601
MHIST_dal.png,mean,0.24736622969309488,0.30929756909608835,3,MHIST,-0.061931339402993474
MHIST_dan.png,black,0.3246331959962845,0.34674048721790307,2,MHIST,-0.022107291221618586
MHIST_dan.png,blur,0.2593052983283996,0.3642771629616618,2,MHIST,-0.10497186463326219
MHIST_dan.png,mean,0.28031496703624725,0.37628015372902157,2,MHIST,-0.09596518669277432
MHIST_daq.png,black,-0.24930759270985922,-0.27897642751534774,3,MHIST,0.029668834805488514
MHIST_daq.png,blur,-0.30243341128031415,-0.33363951841990147,3,MHIST,0.031206107139587325
MHIST_daq.png,mean,-0.2878004113833109,-0.3149505694707235,3,MHIST,0.027150158087412557
MHIST_dar.png,black,0.16335028409957883,0.2603877673546473,3,MHIST,-0.09703748325506847
MHIST_dar.png,blur,0.1529298027356465,0.1491463919480641,3,MHIST,0.003783410787582403
MHIST_dar.png,mean,0.21977849801381424,0.24698150157928467,3,MHIST,-0.027203003565470424
MHIST_dax.png,black,0.12008275588353469,0.1949621498584747,3,MHIST,-0.07487939397494002
MHIST_dax.png,blur,0.0813575387001037,0.11614243454403343,3,MHIST,-0.03478489584392973
MHIST_dax.png,mean,0.06977281967798864,0.1629654053184721,3,MHIST,-0.09319258564048345
MHIST_dba.png,black,0.21434527138868967,0.28984319493174554,3,MHIST,-0.07549792354305587
MHIST_dba.png,blur,0.30208274225393933,0.3345185826222102,3,MHIST,-0.03243584036827085
MHIST_dba.png,mean,0.31808560589949286,0.33143788836896415,3,MHIST,-0.013352282469471288
MHIST_dbb.png,black,0.2450075546900431,0.4639566188057263,3,MHIST,-0.2189490641156832
MHIST_dbb.png,blur,0.1682864228884379,0.2923627659678459,3,MHIST,-0.12407634307940799
MHIST_dbb.png,mean,0.17725372314453125,0.30668651163578026,3,MHIST,-0.129432788491249
MHIST_dbe.png,black,0.16023969650268552,0.21539764487081095,3,MHIST,-0.05515794836812543
MHIST_dbe.png,blur,0.039525826772054,0.09286166826883946,3,MHIST,-0.05333584149678546
MHIST_dbe.png,mean,0.11848773558934526,0.18593720131450228,3,MHIST,-0.06744946572515702
MHIST_dbf.png,black,0.14146389563878373,0.16974505044912033,3,MHIST,-0.028281154810336606
MHIST_dbf.png,blur,0.07859939336776729,0.18219610175542658,3,MHIST,-0.10359670838765929
MHIST_dbf.png,mean,0.09041418631871535,0.1840892331119169,3,MHIST,-0.09367504679320156
MHIST_dbh.png,black,-0.15093276898066196,-0.11941957175731653,3,MHIST,-0.03151319722334543
MHIST_dbh.png,blur,-0.14907393852869663,-0.16716179251670835,3,MHIST,0.018087853988011715
MHIST_dbh.png,mean,-0.12970191240310666,-0.15969572067260737,3,MHIST,0.02999380826950071
MHIST_dbl.png,black,0.39879854023456573,0.5242684793658554,2,MHIST,-0.12546993913128968
MHIST_dbl.png,blur,0.36972612142562866,0.45409442419186236,2,MHIST,-0.0843683027662337
MHIST_dbl.png,mean,0.3139339983463287,0.47723875110968944,2,MHIST,-0.16330475276336076
MHIST_dbr.png,black,0.3118999600410461,0.2887159297863642,3,MHIST,0.02318403025468191
MHIST_dbr.png,blur,0.23251031835873923,0.2733685299754142,3,MHIST,-0.040858211616674994
MHIST_dbr.png,mean,0.2214554647604624,0.21461975624163943,3,MHIST,0.0068357085188229805
MHIST_dbu.png,black,0.338359534740448,0.4143213532100885,3,MHIST,-0.07596181846964051
MHIST_dbu.png,blur,0.24536401033401486,0.29432995002239176,3,MHIST,-0.0489659396883769
MHIST_dbu.png,mean,0.31710527340571076,0.3833587244439583,3,MHIST,-0.06625345103824754
MHIST_dca.png,black,0.19029837846755976,0.3407347179949284,2,MHIST,-0.15043633952736862
MHIST_dca.png,blur,0.13789081573486325,0.30357568040490146,2,MHIST,-0.1656848646700382
MHIST_dca.png,mean,0.12602938711643213,0.32368609644472596,2,MHIST,-0.19765670932829382
MHIST_dcf.png,black,-0.1256719827651977,-0.12178757935762399,2,MHIST,-0.0038844034075737055
MHIST_dcf.png,blur,-0.11144816875457761,-0.12914815843105315,2,MHIST,0.01769998967647554
MHIST_dcf.png,mean,-0.09746760129928585,-0.12098889946937555,2,MHIST,0.023521298170089702
MHIST_dcg.png,black,0.14758417010307304,0.2166206911206245,2,MHIST,-0.06903652101755145
MHIST_dcg.png,blur,0.0578402280807495,0.1715163379907608,2,MHIST,-0.1136761099100113
MHIST_dcg.png,mean,0.1740245521068573,0.27868664711713786,2,MHIST,-0.10466209501028056
MHIST_dcv.png,black,0.11531281471252436,0.22673516372839608,3,MHIST,-0.11142234901587172
MHIST_dcv.png,blur,0.20670837163925168,0.10746051768461856,3,MHIST,0.09924785395463312
MHIST_dcv.png,mean,0.19044121106465653,0.19438473631938294,3,MHIST,-0.00394352525472641
MHIST_ddb.png,black,0.2543520033359527,0.43939827121794217,2,MHIST,-0.18504626788198947
MHIST_ddb.png,blur,0.13224431872367853,0.19518692344427105,2,MHIST,-0.06294260472059252
MHIST_ddb.png,mean,0.1575236320495605,0.3036796435713768,2,MHIST,-0.1461560115218163
MHIST_ddd.png,black,0.22272258996963495,0.3814047053456306,2,MHIST,-0.15868211537599564
MHIST_ddd.png,blur,0.0814915001392364,0.4220990128815174,2,MHIST,-0.340607512742281
MHIST_ddd.png,mean,0.22226405143737787,0.49354344233870506,2,MHIST,-0.2712793909013272
MHIST_ddf.png,black,0.1904799540837606,0.3103896617889404,3,MHIST,-0.11990970770517981
MHIST_ddf.png,blur,0.15191992123921708,0.2289898946881294,3,MHIST,-0.07706997344891231
MHIST_ddf.png,mean,0.15589257081349686,0.23227849404017128,3,MHIST,-0.07638592322667442
MHIST_ddg.png,black,0.21295440196990964,0.2686018250882626,2,MHIST,-0.05564742311835294
MHIST_ddg.png,blur,0.15039408206939697,0.17084001451730724,2,MHIST,-0.020445932447910264
MHIST_ddg.png,mean,0.159280925989151,0.21811693310737607,2,MHIST,-0.058836007118225064
MHIST_ddi.png,black,0.14434315760930375,0.29262618149320285,3,MHIST,-0.1482830238838991
MHIST_ddi.png,blur,-0.05677998065948483,0.1242990990479787,3,MHIST,-0.18107907970746354
MHIST_ddi.png,mean,0.0989561875661214,0.2894596524536609,3,MHIST,-0.1905034648875395
MHIST_ddk.png,black,0.20276127258936563,0.3474437351028124,3,MHIST,-0.14468246251344677
MHIST_ddk.png,blur,0.17411152521769202,0.2517887160181999,3,MHIST,-0.07767719080050789
MHIST_ddk.png,mean,0.2412527998288472,0.33264723817507424,3,MHIST,-0.09139443834622704
MHIST_ddn.png,black,0.1355586449305216,0.24815134604771927,3,MHIST,-0.11259270111719766
MHIST_ddn.png,blur,0.0783483783404032,0.2286098778247833,3,MHIST,-0.15026149948438008
MHIST_ddn.png,mean,0.0966152946154276,0.23628814568122225,3,MHIST,-0.13967285106579463
MHIST_ddo.png,black,-0.0490659177303314,-0.1018008172512054,2,MHIST,0.052734899520874005
MHIST_ddo.png,blur,-0.03824654221534725,-0.07969110161066051,2,MHIST,0.04144455939531326
MHIST_ddo.png,mean,-0.05066889524459835,-0.0870587974786758,2,MHIST,0.036389902234077454
MHIST_ddr.png,black,-0.2737612128257751,-0.2952437579631805,2,MHIST,0.021482545137405384
MHIST_ddr.png,blur,-0.2072411775588989,-0.22235051095485686,2,MHIST,0.015109333395957963
MHIST_ddr.png,mean,-0.2136868834495544,-0.2223553121089935,2,MHIST,0.00866842865943912
MHIST_dec.png,black,0.1908872524897257,0.26118075152238207,3,MHIST,-0.07029349903265636
MHIST_dec.png,blur,0.0930837988853454,0.16087847451368964,3,MHIST,-0.06779467562834424
MHIST_dec.png,mean,0.10613866647084551,0.18542058567206057,3,MHIST,-0.07928191920121506
MHIST_def.png,black,0.32220920920372004,0.3429253794252872,2,MHIST,-0.020716170221567187
MHIST_def.png,blur,0.17332866787910456,0.3184961631894111,2,MHIST,-0.14516749531030654
MHIST_def.png,mean,0.1771522462368011,0.2968926168978214,2,MHIST,-0.11974037066102033
MHIST_dej.png,black,0.21750611066818235,0.24831822961568828,2,MHIST,-0.030812118947505934
MHIST_dej.png,blur,0.15250885486602775,0.2824163526296616,2,MHIST,-0.12990749776363383
MHIST_dej.png,mean,0.1750232577323913,0.309739201515913,2,MHIST,-0.1347159437835217
MHIST_den.png,black,0.22360171377658838,0.28599879182875154,2,MHIST,-0.06239707805216316
MHIST_den.png,blur,0.19638860225677485,0.21031524166464804,2,MHIST,-0.013926639407873198
MHIST_den.png,mean,0.22617870569229126,0.25909795239567757,2,MHIST,-0.03291924670338631
MHIST_der.png,black,0.48536138733228046,0.40518416340152424,3,MHIST,0.08017722393075621
MHIST_der.png,blur,0.2847696443398793,0.3617922261357307,3,MHIST,-0.07702258179585142
MHIST_der.png,mean,0.37326447168986004,0.3711023459831873,3,MHIST,0.002162125706672735
MHIST_dev.png,black,0.3109880685806274,0.4037615314126014,2,MHIST,-0.09277346283197402
MHIST_dev.png,blur,0.1887550950050354,0.2967756107449532,2,MHIST,-0.10802051573991778
MHIST_dev.png,mean,0.20990060269832606,0.3628203466534614,2,MHIST,-0.15291974395513536
MHIST_dey.png,black,0.4231756031513214,0.3874012716114521,3,MHIST,0.03577433153986931
MHIST_dey.png,blur,0.3641482889652252,0.2587032057344913,3,MHIST,0.10544508323073393
MHIST_dey.png,mean,0.3810729682445526,0.3011939711868763,3,MHIST,0.07987899705767632
MHIST_dfb.png,black,0.1616045832633972,0.3452986352145671,3,MHIST,-0.18369405195116992
MHIST_dfb.png,blur,0.16670658191045126,0.2635009561975797,3,MHIST,-0.09679437428712842
MHIST_dfb.png,mean,0.18795444567998246,0.34666500265399613,3,MHIST,-0.15871055697401368
MHIST_dfc.png,black,0.19887677828470865,0.2726980855067571,3,MHIST,-0.07382130722204847
MHIST_dfc.png,blur,0.1800851225852966,0.2442207187414169,3,MHIST,-0.0641355961561203
MHIST_dfc.png,mean,0.23425068457921347,0.26458580493927,3,MHIST,-0.030335120360056506
MHIST_dfe.png,black,0.23994024594624833,0.2627849837144216,3,MHIST,-0.02284473776817328
MHIST_dfe.png,blur,0.23493846257527665,0.16627294719219207,3,MHIST,0.06866551538308457
MHIST_dfe.png,mean,0.30608940124511713,0.2549272750814755,3,MHIST,0.05116212616364163
MHIST_dfi.png,black,0.406082550684611,0.32383423894643787,3,MHIST,0.08224831173817315
MHIST_dfi.png,blur,0.3493442237377167,0.2619959456225236,3,MHIST,0.08734827811519308
MHIST_dfi.png,mean,0.4149836152791977,0.33486916224161783,3,MHIST,0.08011445303757986
MHIST_dfl.png,black,0.21121827761332193,0.2930344492197036,3,MHIST,-0.08181617160638169
MHIST_dfl.png,blur,0.20722087224324537,0.25180977540786814,3,MHIST,-0.04458890316462277
MHIST_dfl.png,mean,0.23577485481897986,0.28202724143712204,3,MHIST,-0.04625238661814218
MHIST_dfm.png,black,0.2850977778434753,0.26573140323162076,2,MHIST,0.01936637461185453
MHIST_dfm.png,blur,0.17364573478698725,0.19137820973992345,2,MHIST,-0.0177324749529362
MHIST_dfm.png,mean,0.23038139939308164,0.2444495484232902,2,MHIST,-0.01406814903020856
MHIST_dfn.png,black,0.2294492721557617,0.2193054638803005,2,MHIST,0.010143808275461186
MHIST_dfn.png,blur,0.19119721651077265,0.14315551370382304,2,MHIST,0.04804170280694961
MHIST_dfn.png,mean,0.1868553161621093,0.15681303739547725,2,MHIST,0.03004227876663204
MHIST_dfp.png,black,0.26841124892234797,0.2482121439443694,3,MHIST,0.020199104977978555
MHIST_dfp.png,blur,0.22287285327911374,0.1805693839987119,3,MHIST,0.04230346928040185
MHIST_dfp.png,mean,0.31312117973963416,0.2800314921471807,3,MHIST,0.033089687592453454
MHIST_dfr.png,black,0.12491962313652036,0.2747558571398258,2,MHIST,-0.14983623400330545
MHIST_dfr.png,blur,0.1382452547550201,0.21312902122735972,2,MHIST,-0.0748837664723396
MHIST_dfr.png,mean,0.14063060283660883,0.2556388311088085,2,MHIST,-0.11500822827219964
MHIST_dfv.png,black,0.1779763102531433,0.33537906110286714,3,MHIST,-0.15740275084972383
MHIST_dfv.png,blur,0.21300880114237464,0.2588271344701449,3,MHIST,-0.045818333327770244
MHIST_dfv.png,mean,0.28450495004653925,0.3974926782151063,3,MHIST,-0.11298772816856706
MHIST_dfy.png,black,0.19105848670005793,0.2504264220595359,2,MHIST,-0.059367935359477986
MHIST_dfy.png,blur,0.2182914912700653,0.17848446667194365,2,MHIST,0.03980702459812166
MHIST_dfy.png,mean,0.2207669615745544,0.19967965334653848,2,MHIST,0.02108730822801591
MHIST_dfz.png,black,0.18075883388519284,0.2632773041725159,3,MHIST,-0.08251847028732304
MHIST_dfz.png,blur,0.1596216758092244,0.2102927759289741,3,MHIST,-0.05067110011974971
MHIST_dfz.png,mean,0.1666109164555867,0.18925793965657553,3,MHIST,-0.022647023200988825
MHIST_dgj.png,black,0.3174553215503692,0.3604136429727077,2,MHIST,-0.04295832142233852
MHIST_dgj.png,blur,0.05968603491783135,0.22495942786335943,2,MHIST,-0.16527339294552806
MHIST_dgj.png,mean,0.2013223767280578,0.2601239442825317,2,MHIST,-0.05880156755447391
MHIST_dgk.png,black,0.1844357848167419,0.33117507323622697,2,MHIST,-0.14673928841948508
MHIST_dgk.png,blur,0.2546769976615905,0.3665423445403576,2,MHIST,-0.11186534687876709
MHIST_dgk.png,mean,0.2893444299697876,0.4220264263451099,2,MHIST,-0.1326819963753223
MHIST_dgp.png,black,0.23518758267164225,0.14154645949602118,2,MHIST,0.09364112317562107
MHIST_dgp.png,blur,0.14066837728023526,0.07008015811443324,2,MHIST,0.07058821916580202
MHIST_dgp.png,mean,0.1397586911916732,0.06463544145226474,2,MHIST,0.07512324973940845
MHIST_dgr.png,black,-0.13393400112787876,-0.2063687364260355,3,MHIST,0.07243473529815675
MHIST_dgr.png,blur,-0.16794912020365393,-0.16685443023840577,3,MHIST,-0.001094689965248169
MHIST_dgr.png,mean,-0.2118281126022339,-0.23755400975545246,3,MHIST,0.025725897153218574
MHIST_dgu.png,black,0.32108744978904724,0.32793944105505946,2,MHIST,-0.006851991266012214
MHIST_dgu.png,blur,0.2918153554201126,0.3416920308023691,2,MHIST,-0.049876675382256486
MHIST_dgu.png,mean,0.36444199085235596,0.3834912881255149,2,MHIST,-0.01904929727315896
MHIST_dgz.png,black,0.126797080039978,0.21213380247354502,2,MHIST,-0.08533672243356702
MHIST_dgz.png,blur,0.11008897423744195,0.1852820001542568,2,MHIST,-0.07519302591681486
MHIST_dgz.png,mean,0.1131861209869384,0.1976736336946487,2,MHIST,-0.0844875127077103
MHIST_dha.png,black,-0.0216479301452636,-0.0230488017201423,2,MHIST,0.0014008715748787016
MHIST_dha.png,blur,-0.025179058313369702,-0.0247182175517082,2,MHIST,-0.0004608407616615018
MHIST_dha.png,mean,-0.02523219585418695,-0.025618138909339852,2,MHIST,0.0003859430551529028
MHIST_dhc.png,black,0.2885783016681671,0.43781708329916,2,MHIST,-0.1492387816309929
MHIST_dhc.png,blur,0.19647663831710815,0.2643290415406227,2,MHIST,-0.06785240322351455
MHIST_dhc.png,mean,0.23380741477012632,0.339397382736206,2,MHIST,-0.1055899679660797
MHIST_dhf.png,black,0.1448514461517334,0.3080925941467285,2,MHIST,-0.16324114799499512
MHIST_dhf.png,blur,0.0802021622657775,0.2962558269500732,2,MHIST,-0.21605366468429568
MHIST_dhf.png,mean,0.2057837843894958,0.3593649268150329,2,MHIST,-0.1535811424255371
MHIST_dhg.png,black,0.1879107356071472,0.25906615704298014,3,MHIST,-0.07115542143583295
MHIST_dhg.png,blur,0.12989904483159379,0.27143645981947584,3,MHIST,-0.14153741498788205
MHIST_dhg.png,mean,0.11952702204386385,0.2473658680915832,3,MHIST,-0.12783884604771933
MHIST_dhl.png,black,0.22854449848333994,0.239169471848894,3,MHIST,-0.010624973365554069
MHIST_dhl.png,blur,0.19036102294921867,0.23429741114377975,3,MHIST,-0.04393638819456108
MHIST_dhl.png,mean,0.15467579166094456,0.21852305763297608,3,MHIST,-0.06384726597203152
MHIST_dhw.png,black,0.38476523756980896,0.40591295622289175,2,MHIST,-0.021147718653082792
MHIST_dhw.png,blur,0.2790158987045288,0.33559789285063746,2,MHIST,-0.05658199414610865
MHIST_dhw.png,mean,0.3100034296512604,0.3590427689254284,2,MHIST,-0.04903933927416804
MHIST_dhx.png,black,0.2882953683535258,0.3173071001138952,3,MHIST,-0.029011731760369364
MHIST_dhx.png,blur,0.18733396132787064,0.20090368058946395,3,MHIST,-0.01356971926159331
MHIST_dhx.png,mean,0.2765155931313832,0.2755587203635109,3,MHIST,0.0009568727678722633
MHIST_dhz.png,black,0.2519781986872355,0.24301183869441348,3,MHIST,0.008966359992821998
MHIST_dhz.png,blur,0.23082337776819864,0.1866025517384211,3,MHIST,0.04422082602977753
MHIST_dhz.png,mean,0.22552559773127234,0.22325244247913356,3,MHIST,0.002273155252138781
MHIST_dib.png,black,0.17471138636271152,0.34186059882243475,3,MHIST,-0.16714921245972322
MHIST_dib.png,blur,0.11732623974482216,0.14051970442136122,3,MHIST,-0.023193464676539058
MHIST_dib.png,mean,0.12877509991327915,0.2273684312899907,3,MHIST,-0.09859333137671156
MHIST_dic.png,black,0.16080695390701288,0.2965443521738052,2,MHIST,-0.13573739826679232
MHIST_dic.png,blur,0.2159414887428283,0.2763300813734531,2,MHIST,-0.06038859263062479
MHIST_dic.png,mean,0.18424563109874725,0.3250230781733989,2,MHIST,-0.14077744707465167
MHIST_did.png,black,0.1912377675374349,0.335118509332339,3,MHIST,-0.1438807417949041
MHIST_did.png,blur,0.26697422067324317,0.3252844159801801,3,MHIST,-0.05831019530693693
MHIST_did.png,mean,0.2383980949719747,0.3548834810654322,3,MHIST,-0.11648538609345752
MHIST_dij.png,black,0.1560035347938537,0.32085378654301167,2,MHIST,-0.16485025174915796
MHIST_dij.png,blur,0.1831277310848236,0.36373645626008505,2,MHIST,-0.18060872517526144
MHIST_dij.png,mean,0.1931954324245453,0.34062282368540764,2,MHIST,-0.14742739126086235
MHIST_dio.png,black,0.34926576415697735,0.3382753600676854,3,MHIST,0.010990404089291972
MHIST_dio.png,blur,0.35325932502746576,0.3524141788482666,3,MHIST,0.0008451461791991743
MHIST_dio.png,mean,0.35228047768274945,0.36268630549311637,3,MHIST,-0.010405827810366919
MHIST_diq.png,black,0.33944299320379895,0.3680834327425275,3,MHIST,-0.02864043953872858
MHIST_diq.png,blur,0.2993221879005432,0.30158546304418926,3,MHIST,-0.0022632751436460485
MHIST_diq.png,mean,0.3397059589624405,0.36167534602185086,3,MHIST,-0.021969387059410372
MHIST_dir.png,black,0.2918726056814194,0.3253138314932585,2,MHIST,-0.033441225811839115
MHIST_dir.png,blur,0.16570514440536493,0.22907768636941905,2,MHIST,-0.06337254196405412
MHIST_dir.png,mean,0.259782612323761,0.30566143430769444,2,MHIST,-0.04587882198393345
MHIST_dix.png,black,0.43294235070546466,0.34074362715085343,3,MHIST,0.09219872355461123
MHIST_dix.png,blur,0.37854565183321626,0.2710282335678736,3,MHIST,0.10751741826534267
MHIST_dix.png,mean,0.4144951105117798,0.32986731057365737,3,MHIST,0.08462779993812242
MHIST_diz.png,black,0.10829983154932653,0.17119809985160828,3,MHIST,-0.06289826830228175
MHIST_diz.png,blur,0.0592459440231323,0.08242393334706617,3,MHIST,-0.02317798932393387
MHIST_diz.png,mean,0.053557872772216734,0.07731211185455321,3,MHIST,-0.023754239082336474
MHIST_dja.png,black,0.24112613002459204,0.4076757205029328,3,MHIST,-0.16654959047834078
MHIST_dja.png,blur,0.26493106285731,0.4352829764286677,3,MHIST,-0.1703519135713577
MHIST_dja.png,mean,0.23615293701489762,0.43667636414368943,3,MHIST,-0.20052342712879181
MHIST_djb.png,black,0.23015258709589637,0.3214949975411097,3,MHIST,-0.09134241044521335
MHIST_djb.png,blur,0.1805740793546041,0.1734148194392522,3,MHIST,0.0071592599153519065
MHIST_djb.png,mean,0.2057636181513468,0.2722626244028409,3,MHIST,-0.06649900625149407
MHIST_djc.png,black,0.19629177451133722,0.4123000212013721,2,MHIST,-0.21600824669003488
MHIST_djc.png,blur,0.17327573895454407,0.16539309918880454,2,MHIST,0.007882639765739524
MHIST_djc.png,mean,0.13119348883628845,0.3093423172831535,2,MHIST,-0.17814882844686503
MHIST_djd.png,black,0.24120390415191642,0.1904274294773737,3,MHIST,0.050776474674542715
MHIST_djd.png,blur,0.26989718278249103,0.19067154924074803,3,MHIST,0.079225633541743
MHIST_djd.png,mean,0.25806438922882075,0.18987314353386556,3,MHIST,0.06819124569495519
MHIST_dje.png,black,0.22230387727419532,0.18058927125400967,3,MHIST,0.041714606020185646
MHIST_dje.png,blur,0.14066572984059647,0.16076662672890554,3,MHIST,-0.020100896888309072
MHIST_dje.png,mean,0.14424786965052283,0.19063881056176288,3,MHIST,-0.04639094091124005
MHIST_djg.png,black,0.1336984038352966,0.19683816565407644,3,MHIST,-0.06313976181877984
MHIST_djg.png,blur,0.16438825925191244,0.20549415647983546,3,MHIST,-0.041105897227923016
MHIST_djg.png,mean,0.15151876211166376,0.21639826960033837,3,MHIST,-0.0648795074886746
MHIST_djh.png,black,0.3290725648403168,0.3009918432682752,2,MHIST,0.028080721572041556
MHIST_djh.png,blur,0.26667535305023193,0.19915564165196636,2,MHIST,0.06751971139826557
MHIST_djh.png,mean,0.29637323319911957,0.2486240842464295,2,MHIST,0.04774914895269006
MHIST_dji.png,black,0.07583473126093544,0.15064167579015095,3,MHIST,-0.0748069445292155
MHIST_dji.png,blur,0.039410511652628565,0.1584486340483029,3,MHIST,-0.11903812239567432
MHIST_dji.png,mean,0.07449366648991897,0.22658743659655248,3,MHIST,-0.1520937701066335
MHIST_djp.png,black,-0.19134159882863355,-0.2774973799784978,3,MHIST,0.08615578114986427
MHIST_djp.png,blur,-0.150759736696879,-0.25391954978307085,3,MHIST,0.10315981308619185
MHIST_djp.png,mean,-0.14164543151855463,-0.28774652183055877,3,MHIST,0.14610109031200413
MHIST_djt.png,black,0.23381551106770834,0.24633824825286857,3,MHIST,-0.012522737185160226
MHIST_djt.png,blur,0.23444314797719315,0.2366597324609756,3,MHIST,-0.002216584483782452
MHIST_djt.png,mean,0.23105267683664954,0.24644646843274431,3,MHIST,-0.015393791596094775
MHIST_dkh.png,black,-0.0981555581092834,-0.1783936575055122,3,MHIST,0.08023809939622879
MHIST_dkh.png,blur,-0.1413713693618774,-0.20181826750437418,3,MHIST,0.06044689814249676
MHIST_dkh.png,mean,-0.13645364840825394,-0.21862825751304624,3,MHIST,0.0821746091047923
MHIST_dkk.png,black,0.22729252775510148,0.29898098458846406,3,MHIST,-0.07168845683336258
MHIST_dkk.png,blur,0.12220835685729976,0.1864583690961202,3,MHIST,-0.06425001223882044
MHIST_dkk.png,mean,0.1454269488652547,0.24476019094387688,3,MHIST,-0.09933324207862218
MHIST_dkl.png,black,0.25377571582794184,0.21481406167149542,2,MHIST,0.038961654156446424
MHIST_dkl.png,blur,0.1857292652130127,0.1961391657590866,2,MHIST,-0.010409900546073908
MHIST_dkl.png,mean,0.1945609152317047,0.2395143687725067,2,MHIST,-0.04495345354080199
MHIST_dko.png,black,0.28439848124980927,0.4083566900342702,2,MHIST,-0.12395820878446095
MHIST_dko.png,blur,0.11924865841865534,0.22416946887969968,2,MHIST,-0.10492081046104434
MHIST_dko.png,mean,0.1677230894565582,0.2978532567620277,2,MHIST,-0.13013016730546947
MHIST_dlg.png,black,0.18566891551017756,0.2829805895686149,2,MHIST,-0.09731167405843733
MHIST_dlg.png,blur,0.19875428080558777,0.23756490945816033,2,MHIST,-0.038810628652572565
MHIST_dlg.png,mean,0.23973849415779108,0.3577239260077476,2,MHIST,-0.11798543184995652
MHIST_dlj.png,black,0.2323000133037567,0.2681066592534383,2,MHIST,-0.03580664594968158
MHIST_dlj.png,blur,0.20813190937042236,0.2383197943369547,2,MHIST,-0.030187884966532325
MHIST_dlj.png,mean,0.1791853904724121,0.1703887681166331,2,MHIST,0.008796622355779021
MHIST_dln.png,black,0.28816023468971247,0.2758964554936278,3,MHIST,0.012263779196084679
MHIST_dln.png,blur,0.34748467803001404,0.21057267040014263,3,MHIST,0.1369120076298714
MHIST_dln.png,mean,0.29550082484881085,0.18994294054367958,3,MHIST,0.10555788430513127
MHIST_dlp.png,black,0.1375608642896016,0.24251409918069836,3,MHIST,-0.10495323489109676
MHIST_dlp.png,blur,0.12885890404383335,0.12178928156693773,3,MHIST,0.007069622476895618
MHIST_dlp.png,mean,0.1364968220392863,0.17547060052553806,3,MHIST,-0.038973778486251776
MHIST_dlq.png,black,-0.09278315305709837,-0.2261856974590392,3,MHIST,0.13340254440194083
MHIST_dlq.png,blur,-0.08846321702003478,-0.1455895984929705,3,MHIST,0.057126381472935736
MHIST_dlq.png,mean,-0.14751181999842325,-0.242635045969297,3,MHIST,0.09512322597087375
MHIST_dlt.png,black,0.13234657049179072,0.28196982517838476,2,MHIST,-0.14962325468659404
MHIST_dlt.png,blur,0.11869037151336664,0.2041529148817062,2,MHIST,-0.08546254336833956
MHIST_dlt.png,mean,0.12669906020164484,0.2277616053819656,2,MHIST,-0.10106254518032076
MHIST_dme.png,black,0.4202451854944229,0.45511750243604177,2,MHIST,-0.03487231694161885
MHIST_dme.png,blur,0.24515056610107416,0.3092072546482086,2,MHIST,-0.06405668854713442
MHIST_dme.png,mean,0.3277018666267395,0.3883894234895706,2,MHIST,-0.060687556862831116
MHIST_dmf.png,black,0.38986191153526306,0.37504788314302767,3,MHIST,0.01481402839223539
MHIST_dmf.png,blur,0.20755609869956967,0.34131177539626756,3,MHIST,-0.13375567669669788
MHIST_dmf.png,mean,0.2332226037979126,0.36504049003124234,3,MHIST,-0.13181788623332974
MHIST_dmh.png,black,0.283734954893589,0.28727938905358313,2,MHIST,-0.0035444341599941143
MHIST_dmh.png,blur,0.249265618622303,0.257238208130002,2,MHIST,-0.007972589507698968
MHIST_dmh.png,mean,0.23367784917354578,0.2735266871750355,2,MHIST,-0.039848838001489695
MHIST_dmo.png,black,-0.16373298565546665,-0.16311738292376196,3,MHIST,-0.0006156027317046897
MHIST_dmo.png,blur,-0.1868623296419779,-0.16929343839486435,3,MHIST,-0.017568891247113555
MHIST_dmo.png,mean,-0.19108237822850546,-0.17717114488283792,3,MHIST,-0.013911233345667545
MHIST_dmq.png,black,0.2610429922739665,0.31875266633809557,3,MHIST,-0.05770967406412908
MHIST_dmq.png,blur,0.189764936765035,0.2256092384378746,3,MHIST,-0.035844301672839585
MHIST_dmq.png,mean,0.2668652931849162,0.28941022058327986,3,MHIST,-0.022544927398363668
MHIST_dmr.png,black,0.10983109474182125,0.3147393584251404,3,MHIST,-0.20490826368331916
MHIST_dmr.png,blur,0.08922898769378657,0.2794182342787584,3,MHIST,-0.19018924658497183
MHIST_dmr.png,mean,0.14304006099700925,0.3455317099889119,3,MHIST,-0.20249164899190267
MHIST_dmx.png,black,0.24835299452145895,0.3365370253721873,3,MHIST,-0.08818403085072837
MHIST_dmx.png,blur,0.2423307995001475,0.2911850661039352,3,MHIST,-0.048854266603787694
MHIST_dmx.png,mean,0.21745747327804565,0.2860611364245415,3,MHIST,-0.06860366314649585
MHIST_dnc.png,black,0.2282898128032684,0.2780065536499023,2,MHIST,-0.04971674084663388
MHIST_dnc.png,blur,0.25620684027671814,0.2116305738687515,2,MHIST,0.044576266407966636
MHIST_dnc.png,mean,0.2793591171503067,0.22618700116872786,2,MHIST,0.05317211598157884
MHIST_dnd.png,black,0.22574522097905472,0.2711864829063415,3,MHIST,-0.045441261927286786
MHIST_dnd.png,blur,0.2520727912584941,0.3427647883693377,3,MHIST,-0.09069199711084364
MHIST_dnd.png,mean,0.27197450399398804,0.34029516875743865,3,MHIST,-0.06832066476345061
MHIST_dnf.png,black,0.3755917847156524,0.35111329630017274,2,MHIST,0.02447848841547967
MHIST_dnf.png,blur,0.1667012572288513,0.3131909318268299,2,MHIST,-0.1464896745979786
MHIST_dnf.png,mean,0.2668835520744324,0.37573269233107565,2,MHIST,-0.10884914025664327
MHIST_dng.png,black,0.6394072920084,0.4053078691164652,2,MHIST,0.23409942289193475
MHIST_dng.png,blur,0.3618901371955871,0.3224943478902181,2,MHIST,0.03939578930536902
MHIST_dng.png,mean,0.5302416980266571,0.3908721208572387,2,MHIST,0.1393695771694184
MHIST_dnj.png,black,0.19070410728454582,0.251717276374499,3,MHIST,-0.06101316908995316
MHIST_dnj.png,blur,0.21674146254857377,0.28670079360405604,3,MHIST,-0.06995933105548227
MHIST_dnj.png,mean,0.20555160442988074,0.27863391737143195,3,MHIST,-0.07308231294155121
MHIST_dnq.png,black,0.32094649970531464,0.23994335830211636,2,MHIST,0.08100314140319828
MHIST_dnq.png,blur,0.160532534122467,0.22292031496763226,2,MHIST,-0.06238778084516525
MHIST_dnq.png,mean,0.2444980144500732,0.23696883097290988,2,MHIST,0.007529183477163304
MHIST_dnr.png,black,0.148306926091512,0.22288071960210798,3,MHIST,-0.07457379351059598
MHIST_dnr.png,blur,0.19985171159108475,0.19826251798205904,3,MHIST,0.0015891936090257075
MHIST_dnr.png,mean,0.24376038710276282,0.24725370307763414,3,MHIST,-0.0034933159748713194
MHIST_dns.png,black,0.28065557777881617,0.359500678256154,2,MHIST,-0.07884510047733784
MHIST_dns.png,blur,0.2501488626003265,0.32261722981929775,2,MHIST,-0.07246836721897126
MHIST_dns.png,mean,0.1998787224292755,0.3160330586135387,2,MHIST,-0.11615433618426318
MHIST_dob.png,black,0.21543135245641068,0.24247134377559024,3,MHIST,-0.027039991319179557
MHIST_dob.png,blur,0.21747455994288126,0.19204214562972385,3,MHIST,0.025432414313157403
MHIST_dob.png,mean,0.2359058062235514,0.2699560215075811,3,MHIST,-0.03405021528402968
MHIST_dod.png,black,0.257241944471995,0.3928574120004971,3,MHIST,-0.13561546752850212
MHIST_dod.png,blur,0.13912851611773167,0.2849042321244875,3,MHIST,-0.14577571600675585
MHIST_dod.png,mean,0.1851893067359924,0.3755544630189736,3,MHIST,-0.1903651562829812
MHIST_doi.png,black,0.22995958725611365,0.40129607866207756,3,MHIST,-0.1713364914059639
MHIST_doi.png,blur,0.17040238777796424,0.22627545297145843,3,MHIST,-0.05587306519349419
MHIST_doi.png,mean,0.17456510663032523,0.26830327187975245,3,MHIST,-0.09373816524942721
MHIST_doj.png,black,0.3213100433349609,0.198503064257758,2,MHIST,0.1228069790772029
MHIST_doj.png,blur,0.3456604778766632,0.1620095201901027,2,MHIST,0.1836509576865605
MHIST_doj.png,mean,0.347318559885025,0.274124481848308,2,MHIST,0.07319407803671701
MHIST_don.png,black,0.20231260855992636,0.2587000739450256,3,MHIST,-0.05638746538509923
MHIST_don.png,blur,0.1246021489302317,0.21222976855933662,3,MHIST,-0.08762761962910492
MHIST_don.png,mean,0.26967091361681617,0.29125173967331647,3,MHIST,-0.021580826056500302
MHIST_doo.png,black,0.3388556092977524,0.3795007901532309,2,MHIST,-0.040645180855478524
MHIST_doo.png,blur,0.11792597174644465,0.3085726805031299,2,MHIST,-0.19064670875668527
MHIST_doo.png,mean,0.30013735592365265,0.44007839799991677,2,MHIST,-0.13994104207626412
MHIST_dop.png,black,0.16007141272226966,0.21846865614255262,3,MHIST,-0.05839724342028296
MHIST_dop.png,blur,0.11761736869812008,0.14231969912846879,3,MHIST,-0.02470233043034871
MHIST_dop.png,mean,0.11606583992640174,0.21173872749010716,3,MHIST,-0.09567288756370543
MHIST_dou.png,black,-0.16521831353505445,-0.1768729368845621,3,MHIST,0.011654623349507648
MHIST_dou.png,blur,-0.13066196441650388,-0.13960877855618786,3,MHIST,0.008946814139683984
MHIST_dou.png,mean,-0.1384183565775553,-0.14530608952045435,3,MHIST,0.006887732942899044
MHIST_dov.png,black,0.1255819300810496,0.14995228424668308,3,MHIST,-0.02437035416563349
MHIST_dov.png,blur,0.1803594430287679,0.14587082018454867,3,MHIST,0.03448862284421925
MHIST_dov.png,mean,0.1908506999413172,0.19019943103194234,3,MHIST,0.0006512689093748636
MHIST_dow.png,black,-0.1320751110712687,-0.16621970832347865,3,MHIST,0.034144597252209946
MHIST_dow.png,blur,-0.1644545793533325,-0.1855417132377624,3,MHIST,0.0210871338844299
MHIST_dow.png,mean,-0.16769355535507194,-0.18534121910730997,3,MHIST,0.01764766375223803
MHIST_doz.png,black,0.12572455406188962,0.20663004318873088,3,MHIST,-0.08090548912684126
MHIST_doz.png,blur,0.16573331753412876,0.24568420102198915,3,MHIST,-0.07995088348786039
MHIST_doz.png,mean,0.14417604605356846,0.25886740535497665,3,MHIST,-0.1146913593014082
MHIST_dpa.png,black,0.23288345336914062,0.4133932935694853,3,MHIST,-0.18050984020034466
MHIST_dpa.png,blur,0.15284436941146848,0.30304517100254696,3,MHIST,-0.1502008015910785
MHIST_dpa.png,mean,0.24075453480084738,0.40293442606925955,3,MHIST,-0.16217989126841217
MHIST_dpc.png,black,0.23277175426483154,0.28253212074438727,2,MHIST,-0.04976036647955573
MHIST_dpc.png,blur,0.34177340567111963,0.24088898797829938,2,MHIST,0.10088441769282025
MHIST_dpc.png,mean,0.41573393344879145,0.38533649841944373,2,MHIST,0.03039743502934772
MHIST_dpd.png,black,0.21540212631225578,0.28077598310876306,3,MHIST,-0.06537385679650728
MHIST_dpd.png,blur,0.17139458656311027,0.24173621686927052,3,MHIST,-0.07034163030616025
MHIST_dpd.png,mean,0.24929515520731607,0.2605560584287894,3,MHIST,-0.011260903221473356
MHIST_dpg.png,black,0.10853305459022519,0.2509036540985107,2,MHIST,-0.14237059950828548
MHIST_dpg.png,blur,0.13807341456413263,0.18005691319704048,2,MHIST,-0.041983498632907845
MHIST_dpg.png,mean,0.12176224589347834,0.18782565444707866,2,MHIST,-0.06606340855360032
MHIST_dpi.png,black,0.275178849697113,0.3597424656152725,2,MHIST,-0.08456361591815953
MHIST_dpi.png,blur,0.3132852017879486,0.23753661215305322,2,MHIST,0.07574858963489539
MHIST_dpi.png,mean,0.35314884781837463,0.3017657056450843,2,MHIST,0.05138314217329032
MHIST_dpx.png,black,-0.13790245850880936,-0.098710307230552,3,MHIST,-0.039192151278257356
MHIST_dpx.png,blur,-0.1329091588656107,-0.06145165711641313,3,MHIST,-0.07145750174919757
MHIST_dpx.png,mean,-0.18804212411244706,-0.13446602051456766,3,MHIST,-0.0535761035978794
MHIST_dpy.png,black,0.2906527519226074,0.39725424349308014,2,MHIST,-0.10660149157047272
MHIST_dpy.png,blur,0.1713005900382995,0.17413584440946575,2,MHIST,-0.002835254371166246
MHIST_dpy.png,mean,0.2571582198143005,0.26229947134852405,2,MHIST,-0.005141251534223568
MHIST_dqk.png,black,0.3086390495300293,0.45045588463544844,3,MHIST,-0.14181683510541915
MHIST_dqk.png,blur,0.24035503466924027,0.2838572775324186,3,MHIST,-0.0435022428631783
MHIST_dqk.png,mean,0.3659884532292684,0.4066408768296242,3,MHIST,-0.040652423600355814
MHIST_dqn.png,black,0.22985827922821037,0.2669004941980044,3,MHIST,-0.03704221496979401
MHIST_dqn.png,blur,0.20111874739329016,0.20428772866725917,3,MHIST,-0.0031689812739690015
MHIST_dqn.png,mean,0.23808846871058145,0.26092916925748183,3,MHIST,-0.022840700546900378
MHIST_dqs.png,black,0.35932446519533795,0.3506699132422606,3,MHIST,0.00865455195307735
MHIST_dqs.png,blur,0.2531075477600097,0.2303920527299245,3,MHIST,0.022715495030085214
MHIST_dqs.png,mean,0.28090691566467285,0.28461647182703015,3,MHIST,-0.003709556162357297
MHIST_dqv.png,black,0.2291167974472046,0.30842809900641444,2,MHIST,-0.07931130155920985
MHIST_dqv.png,blur,0.1335976123809814,0.24125763103365894,2,MHIST,-0.10766001865267755
MHIST_dqv.png,mean,0.0571380853652954,0.24920476749539372,2,MHIST,-0.1920666821300983
MHIST_dqy.png,black,-0.105334460735321,-0.1755507091681162,3,MHIST,0.07021624843279518
MHIST_dqy.png,blur,-0.15229525168736774,-0.1628238519032796,3,MHIST,0.01052860021591187
MHIST_dqy.png,mean,-0.17252314090728757,-0.2286021699508031,3,MHIST,0.05607902904351553
MHIST_drc.png,black,0.09931173920631406,0.16504793465137474,2,MHIST,-0.06573619544506068
MHIST_drc.png,blur,0.04629781842231745,0.21863679513335227,2,MHIST,-0.17233897671103482
MHIST_drc.png,mean,0.1248407065868377,0.22721511274576178,2,MHIST,-0.10237440615892408
MHIST_drl.png,black,0.1926636397838592,0.34212359147412436,2,MHIST,-0.14945995169026516
MHIST_drl.png,blur,0.17567989230155942,0.28242909482547207,2,MHIST,-0.10674920252391265
MHIST_drl.png,mean,0.24492834508419037,0.4066710025072098,2,MHIST,-0.1617426574230194
MHIST_drm.png,black,0.14354681968688965,0.34252727478742595,2,MHIST,-0.1989804551005363
MHIST_drm.png,blur,0.10076373815536496,0.20543094053864475,2,MHIST,-0.10466720238327978
MHIST_drm.png,mean,0.16090512275695795,0.3166988424956798,2,MHIST,-0.15579371973872186
MHIST_drp.png,black,-0.21824409564336136,-0.26518394052982325,3,MHIST,0.046939844886461884
MHIST_drp.png,blur,-0.2816348075866699,-0.27750284274419146,3,MHIST,-0.004131964842478464
MHIST_drp.png,mean,-0.25448220968246454,-0.26756162842114756,3,MHIST,0.013079418738683013
MHIST_drq.png,black,0.19777911156415934,0.1931524228304624,2,MHIST,0.0046266887336969265
MHIST_drq.png,blur,0.058679893612861654,0.12023453786969181,2,MHIST,-0.06155464425683015
MHIST_drq.png,mean,0.08229167759418485,0.1504451360553503,2,MHIST,-0.06815345846116544
MHIST_drs.png,black,0.28131324052810663,0.2873030863702297,2,MHIST,-0.005989845842123087
MHIST_drs.png,blur,0.271097332239151,0.20704961121082305,2,MHIST,0.06404772102832795
MHIST_drs.png,mean,0.30924302339553833,0.2617899380624294,2,MHIST,0.047453085333108935
MHIST_dru.png,black,0.33023715019226074,0.3636283328135808,3,MHIST,-0.03339118262132007
MHIST_dru.png,blur,0.2504719495773315,0.25028760929902394,3,MHIST,0.00018434027830754873
MHIST_dru.png,mean,0.2829624811808268,0.3189919759829839,3,MHIST,-0.036029494802157114
MHIST_dsb.png,black,-0.14065915346145624,-0.2062230810523033,2,MHIST,0.06556392759084706
MHIST_dsb.png,blur,-0.14350354671478266,-0.20032988637685775,2,MHIST,0.05682633966207509
MHIST_dsb.png,mean,-0.1498787403106689,-0.188531918823719,2,MHIST,0.03865317851305011
MHIST_dsg.png,black,0.17921517292658481,0.31039956510066985,3,MHIST,-0.13118439217408503
MHIST_dsg.png,blur,0.13078749179840085,0.21396056115627285,3,MHIST,-0.083173069357872
MHIST_dsg.png,mean,0.19213471810022986,0.2863242447376251,3,MHIST,-0.09418952663739522
MHIST_dsl.png,black,0.30841296911239624,0.25962807834148405,2,MHIST,0.04878489077091219
MHIST_dsl.png,blur,0.288126140832901,0.1918991215527057,2,MHIST,0.09622701928019531
MHIST_dsl.png,mean,0.2963604927062988,0.237967637181282,2,MHIST,0.058392855525016774
MHIST_dss.png,black,0.19139826297760004,0.30685572698712343,2,MHIST,-0.11545746400952339
MHIST_dss.png,blur,0.20397078990936274,0.2529847852885723,2,MHIST,-0.049013995379209585
MHIST_dss.png,mean,0.17082244157791135,0.23764689192175859,2,MHIST,-0.06682445034384724
MHIST_dsy.png,black,0.2652612825234731,0.36548991017043586,3,MHIST,-0.10022862764696278
MHIST_dsy.png,blur,0.154174268245697,0.2402964780728022,3,MHIST,-0.0861222098271052
MHIST_dsy.png,mean,0.1586183706919352,0.2597101807594299,3,MHIST,-0.10109181006749471
MHIST_dta.png,black,0.29555347065130866,0.3557797136406104,3,MHIST,-0.06022624298930174
MHIST_dta.png,blur,0.1998196840286254,0.24493735010425247,3,MHIST,-0.04511766607562706
MHIST_dta.png,mean,0.22336275378863013,0.26824876839915907,3,MHIST,-0.044886014610528935
MHIST_dtc.png,black,0.3421946167945862,0.42509480379521847,2,MHIST,-0.08290018700063229
MHIST_dtc.png,blur,0.2235511243343353,0.30752608105540274,2,MHIST,-0.08397495672106745
MHIST_dtc.png,mean,0.21814706921577448,0.3277368016541004,2,MHIST,-0.10958973243832593
MHIST_dtj.png,black,0.19703141848246253,0.42739174114096734,3,MHIST,-0.2303603226585048
MHIST_dtj.png,blur,0.0936523079872131,0.34444772324391765,3,MHIST,-0.25079541525670457
MHIST_dtj.png,mean,0.23296058177947998,0.5145019457631168,3,MHIST,-0.2815413639836368
MHIST_dtm.png,black,0.1636092960834503,0.2360408030450344,2,MHIST,-0.0724315069615841
MHIST_dtm.png,blur,0.14080855250358582,0.1922279149293899,2,MHIST,-0.05141936242580408
MHIST_dtm.png,mean,0.13823089003562924,0.2522503517568111,2,MHIST,-0.11401946172118185
MHIST_dto.png,black,0.27320486307144165,0.33238630630075927,2,MHIST,-0.05918144322931762
MHIST_dto.png,blur,0.17602542042732236,0.33048501200973984,2,MHIST,-0.15445959158241748
MHIST_dto.png,mean,0.23782195150852198,0.3655544618144631,2,MHIST,-0.12773251030594113
MHIST_dtq.png,black,0.21318203210830688,0.25397653480370835,3,MHIST,-0.04079450269540147
MHIST_dtq.png,blur,0.18272119760513297,0.21093885898590084,3,MHIST,-0.028217661380767867
MHIST_dtq.png,mean,0.14593402544657386,0.19924940069516497,3,MHIST,-0.05331537524859112
MHIST_dtx.png,black,0.2884205182393392,0.2702773426969846,3,MHIST,0.01814317554235456
MHIST_dtx.png,blur,0.16383391618728638,0.1704828411340713,3,MHIST,-0.006648924946784929
MHIST_dtx.png,mean,0.2696447769800822,0.27308440556128816,3,MHIST,-0.0034396285812059446
MHIST_dtz.png,black,-0.09782002369562781,-0.12900309960047399,3,MHIST,0.031183075904846175
MHIST_dtz.png,blur,-0.0511629780133565,-0.07512658668888933,3,MHIST,0.02396360867553283
MHIST_dtz.png,mean,-0.0634905099868774,-0.10540115965737235,3,MHIST,0.041910649670494945
MHIST_dub.png,black,0.2695283393065135,0.34802320102850587,3,MHIST,-0.07849486172199238
MHIST_dub.png,blur,0.2450984716415405,0.19056808749834694,3,MHIST,0.054530384143193555
MHIST_dub.png,mean,0.28609426816304523,0.27994530151287716,3,MHIST,0.006148966650168064
MHIST_dug.png,black,0.20271411538124082,0.3238912623907838,2,MHIST,-0.12117714700954299
MHIST_dug.png,blur,0.3023731857538223,0.2564780819628919,2,MHIST,0.045895103790930425
MHIST_dug.png,mean,0.3691204935312271,0.3720857695809432,2,MHIST,-0.0029652760497160813
MHIST_duh.png,black,0.16919137537479395,0.3001262325793504,2,MHIST,-0.13093485720455644
MHIST_duh.png,blur,0.116405576467514,0.26430105715990065,2,MHIST,-0.14789548069238667
MHIST_duh.png,mean,0.15737186372280113,0.29770334959030154,2,MHIST,-0.1403314858675004
MHIST_dul.png,black,0.1518385708332061,0.15310136377811423,2,MHIST,-0.0012627929449081365
MHIST_dul.png,blur,0.174986183643341,0.1800531342625618,2,MHIST,-0.0050669506192208
MHIST_dul.png,mean,0.1817430853843689,0.1868256479501724,2,MHIST,-0.0050825625658035
MHIST_dum.png,black,0.22448599338531486,0.28045949836572004,3,MHIST,-0.05597350498040518
MHIST_dum.png,blur,0.2246761520703633,0.20102286090453458,3,MHIST,0.023653291165828705
MHIST_dum.png,mean,0.3249533573786417,0.2892064720392227,3,MHIST,0.035746885339419054
MHIST_dun.png,black,-0.14930200576782227,-0.24652400314807887,2,MHIST,0.09722199738025661
MHIST_dun.png,blur,-0.1193273365497589,-0.1534549683332443,2,MHIST,0.03412763178348539
MHIST_dun.png,mean,-0.053183197975158705,-0.17253418862819664,2,MHIST,0.11935099065303793
MHIST_duo.png,black,0.3019312024116516,0.2609718024730682,2,MHIST,0.040959399938583385
MHIST_duo.png,blur,0.2236494719982147,0.1655688405036926,2,MHIST,0.058080631494522084
MHIST_duo.png,mean,0.3909972459077835,0.21631735563278195,2,MHIST,0.17467989027500155
MHIST_dur.png,black,0.46672356128692627,0.5178303483873605,2,MHIST,-0.05110678710043426
MHIST_dur.png,blur,0.2232391238212585,0.32631206102669236,2,MHIST,-0.10307293720543387
MHIST_dur.png,mean,0.2564246654510498,0.35376319922506805,2,MHIST,-0.09733853377401824
MHIST_dus.png,black,0.22514495253562927,0.24165697842836376,2,MHIST,-0.016512025892734483
MHIST_dus.png,blur,0.08134189248085015,0.23212331831455224,2,MHIST,-0.15078142583370208
MHIST_dus.png,mean,0.21633663773536677,0.36672211065888405,2,MHIST,-0.15038547292351728
MHIST_dut.png,black,0.20313522219657895,0.21842531934380527,3,MHIST,-0.015290097147226317
MHIST_dut.png,blur,0.3103931744893392,0.2548457249999046,3,MHIST,0.055547449489434575
MHIST_dut.png,mean,0.27934111158053077,0.27033392985661825,3,MHIST,0.009007181723912516
MHIST_duv.png,black,0.17003032565116882,0.23344269990921018,2,MHIST,-0.06341237425804136
MHIST_duv.png,blur,0.1335654556751251,0.17710694968700405,2,MHIST,-0.043541494011878956
MHIST_duv.png,mean,0.1561422049999237,0.17440200448036192,2,MHIST,-0.01825979948043821
MHIST_duw.png,black,0.17693837483723954,0.18748417645692825,3,MHIST,-0.01054580161968871
MHIST_duw.png,blur,0.15110075473785398,0.10750202437241867,3,MHIST,0.04359873036543531
MHIST_duw.png,mean,0.16376703977584836,0.13635391791661575,3,MHIST,0.027413121859232614
MHIST_dux.png,black,0.0024588108062744,-0.005448198318481367,3,MHIST,0.007907009124755768
MHIST_dux.png,blur,-0.0058989922205606666,-0.0071951140960057,3,MHIST,0.0012961218754450332
MHIST_dux.png,mean,-0.002449671427408833,-0.0064380884170532,3,MHIST,0.003988416989644366
MHIST_duy.png,black,0.25163085261980694,0.301823838280909,3,MHIST,-0.05019298566110203
MHIST_duy.png,blur,0.21190997958183286,0.2604221553061948,3,MHIST,-0.04851217572436192
MHIST_duy.png,mean,0.2783006727695465,0.3132726380770856,3,MHIST,-0.0349719653075391
MHIST_dva.png,black,0.22778791189193726,0.2680523256460825,3,MHIST,-0.040264413754145245
MHIST_dva.png,blur,0.11519328753153475,0.1761157939831415,3,MHIST,-0.06092250645160675
MHIST_dva.png,mean,0.19761914014816281,0.23714665770530696,3,MHIST,-0.03952751755714415
MHIST_dvd.png,black,0.20243576169013971,0.2141842782497406,2,MHIST,-0.01174851655960088
MHIST_dvd.png,blur,0.1442247927188873,0.104045557975769,2,MHIST,0.0401792347431183
MHIST_dvd.png,mean,0.16962960362434387,0.1471011027693748,2,MHIST,0.022528500854969075
MHIST_dve.png,black,0.2363269031047821,0.30737372611959773,3,MHIST,-0.07104682301481563
MHIST_dve.png,blur,0.16662752628326413,0.3077039256691933,3,MHIST,-0.14107639938592917
MHIST_dve.png,mean,0.1659214893976847,0.34609870488444966,3,MHIST,-0.18017721548676496
MHIST_dvi.png,black,0.3272995154062907,0.41056406858066713,3,MHIST,-0.08326455317437642
MHIST_dvi.png,blur,0.27629992365837097,0.2981026542683442,3,MHIST,-0.02180273060997323
MHIST_dvi.png,mean,0.28142886360486347,0.33330681746204693,3,MHIST,-0.05187795385718347
MHIST_dvl.png,black,0.1837019125620524,0.29597331285476686,3,MHIST,-0.11227140029271446
MHIST_dvl.png,blur,0.1887491941452026,0.27616916497548416,3,MHIST,-0.08741997083028155
MHIST_dvl.png,mean,0.24083073933919272,0.33593224982420605,3,MHIST,-0.09510151048501334
MHIST_dvq.png,black,-0.1648389299710591,-0.17992281417051947,3,MHIST,0.015083884199460385
MHIST_dvq.png,blur,-0.13816287120183307,-0.1313881993293762,3,MHIST,-0.006774671872456867
MHIST_dvq.png,mean,-0.14912454287211097,-0.16312767863273617,3,MHIST,0.014003135760625202
MHIST_dvs.png,black,0.3471495658159256,0.28480416461825364,2,MHIST,0.06234540119767196
MHIST_dvs.png,blur,0.26979172229766846,0.3129750072956085,2,MHIST,-0.04318328499794005
MHIST_dvs.png,mean,0.3281428813934326,0.35825310796499255,2,MHIST,-0.030110226571559928
MHIST_dvt.png,black,0.20982701579729712,0.3180554380019506,3,MHIST,-0.10822842220465345
MHIST_dvt.png,blur,0.26677532990773517,0.37531525095303847,3,MHIST,-0.1085399210453033
MHIST_dvt.png,mean,0.2740096449851989,0.3857306877772013,3,MHIST,-0.1117210427920024
MHIST_dvv.png,black,0.2758751809597015,0.20840656086802478,3,MHIST,0.0674686200916767
MHIST_dvv.png,blur,0.271868497133255,0.17116956189274782,3,MHIST,0.10069893524050719
MHIST_dvv.png,mean,0.3293538391590118,0.26509459204971786,3,MHIST,0.06425924710929393
MHIST_dvy.png,black,0.22469420731067655,0.37749044634401796,2,MHIST,-0.1527962390333414
MHIST_dvy.png,blur,0.10666429996490481,0.19529785364866253,2,MHIST,-0.08863355368375772
MHIST_dvy.png,mean,0.10283941030502321,0.20706386491656298,2,MHIST,-0.10422445461153977
MHIST_dvz.png,black,0.13639354705810547,0.2579587712883949,3,MHIST,-0.12156522423028943
MHIST_dvz.png,blur,0.1328441500663757,0.14381246467431383,3,MHIST,-0.010968314607938123
MHIST_dvz.png,mean,0.1289662917455037,0.2063500603040059,3,MHIST,-0.07738376855850221
MHIST_dwf.png,black,0.1907695929209391,0.23493103881676988,3,MHIST,-0.04416144589583079
MHIST_dwf.png,blur,0.04739119609196976,0.15950985004504517,3,MHIST,-0.11211865395307541
MHIST_dwf.png,mean,0.1316121419270833,0.19025485052002797,3,MHIST,-0.05864270859294468
MHIST_dwg.png,black,0.1283306777477264,0.29028751527269675,3,MHIST,-0.16195683752497034
MHIST_dwg.png,blur,0.048279205958048466,0.19385573814312615,3,MHIST,-0.14557653218507768
MHIST_dwg.png,mean,0.08015934626261391,0.21788802370429036,3,MHIST,-0.13772867744167644
MHIST_dwh.png,black,0.2153047621250152,0.38475283831357954,2,MHIST,-0.16944807618856433
MHIST_dwh.png,blur,0.2108872532844543,0.27976801469922064,2,MHIST,-0.06888076141476634
MHIST_dwh.png,mean,0.23039361834526056,0.2975089408457279,2,MHIST,-0.06711532250046731
MHIST_dwn.png,black,0.23791459202766413,0.40732022523880007,2,MHIST,-0.16940563321113594
MHIST_dwn.png,blur,0.24282959103584284,0.36603083461523056,2,MHIST,-0.12320124357938772
MHIST_dwn.png,mean,0.2555933892726898,0.3595763981342315,2,MHIST,-0.10398300886154166
MHIST_dws.png,black,0.32895620663960773,0.3005324882410821,3,MHIST,0.028423718398525644
MHIST_dws.png,blur,0.22474933664004004,0.24325252146947948,3,MHIST,-0.01850318482943944
MHIST_dws.png,mean,0.2705395420392354,0.259238028597264,3,MHIST,0.01130151344197139
MHIST_dwt.png,black,0.12759591639041895,0.19057742990553375,2,MHIST,-0.0629815135151148
MHIST_dwt.png,blur,0.17170140147209167,0.22370354570448395,2,MHIST,-0.05200214423239227
MHIST_dwt.png,mean,0.1723478734493255,0.21830797679722305,2,MHIST,-0.045960103347897546
MHIST_dxc.png,black,0.196195363998413,0.24407089948654173,3,MHIST,-0.04787553548812873
MHIST_dxc.png,blur,0.223181406656901,0.1454899375637372,3,MHIST,0.0776914690931638
MHIST_dxc.png,mean,0.22258345286051429,0.22476720710595446,3,MHIST,-0.002183754245440178
MHIST_dxi.png,black,0.1979056894779205,0.3127006538212299,2,MHIST,-0.11479496434330941
MHIST_dxi.png,blur,0.16030079126358024,0.2747620910406113,2,MHIST,-0.11446129977703104
MHIST_dxi.png,mean,0.17232164740562433,0.33442568257451055,2,MHIST,-0.16210403516888622
MHIST_dxj.png,black,0.29581974446773524,0.3065578507052527,2,MHIST,-0.010738106237517475
MHIST_dxj.png,blur,0.28886452317237854,0.3701420873403549,2,MHIST,-0.08127756416797638
MHIST_dxj.png,mean,0.31995707750320435,0.3792962787879838,2,MHIST,-0.05933920128477943
MHIST_dxl.png,black,0.23888500531514487,0.18197180330753324,3,MHIST,0.05691320200761163
MHIST_dxl.png,blur,0.17942194143931067,0.21060539384682966,3,MHIST,-0.03118345240751899
MHIST_dxl.png,mean,0.23297246297200516,0.22548436721165974,3,MHIST,0.007488095760345426
MHIST_dxo.png,black,0.25559201836586,0.3189700494209925,2,MHIST,-0.06337803105513251
MHIST_dxo.png,blur,0.07701227068901054,0.1752617965141932,2,MHIST,-0.09824952582518268
MHIST_dxo.png,mean,0.17635449767112726,0.2419102450211843,2,MHIST,-0.06555574735005704
MHIST_dxt.png,black,0.1656047105789184,0.24665965288877484,2,MHIST,-0.08105494230985644
MHIST_dxt.png,blur,0.1141792833805084,0.14891768246889114,2,MHIST,-0.03473839908838275
MHIST_dxt.png,mean,0.0920560657978057,0.20266408324241636,2,MHIST,-0.11060801744461066
MHIST_dxu.png,black,0.2935780212283134,0.28371833115816114,2,MHIST,0.00985969007015225
MHIST_dxu.png,blur,0.1743500232696533,0.20673770718276496,2,MHIST,-0.03238768391311167
MHIST_dxu.png,mean,0.1664767265319824,0.23207001164555546,2,MHIST,-0.06559328511357307
MHIST_dxv.png,black,0.30467830598354334,0.39217592788239314,3,MHIST,-0.0874976218988498
MHIST_dxv.png,blur,0.28458658854166663,0.31603729352355003,3,MHIST,-0.031450704981883404
MHIST_dxv.png,mean,0.2947916785875956,0.3330938970049222,3,MHIST,-0.03830221841732662
MHIST_dyd.png,black,-0.09793539841969807,-0.04668603506353163,3,MHIST,-0.05124936335616644
MHIST_dyd.png,blur,-0.16351368029912305,-0.0837358971436818,3,MHIST,-0.07977778315544125
MHIST_dyd.png,mean,-0.15012931823730466,-0.13014867438210376,3,MHIST,-0.019980643855200902
MHIST_dye.png,black,0.39306692282358807,0.31808003642492816,3,MHIST,0.07498688639865991
MHIST_dye.png,blur,0.20545184612274162,0.24864746613634955,3,MHIST,-0.04319562001360794
MHIST_dye.png,mean,0.2682129542032877,0.3124206248256895,3,MHIST,-0.044207670622401773
MHIST_dyk.png,black,0.19242264827092484,0.16290863851706183,3,MHIST,0.029514009753863008
MHIST_dyk.png,blur,0.18208191792170203,0.1834139252702395,3,MHIST,-0.0013320073485374728
MHIST_dyk.png,mean,0.162375678618749,0.15773654977480567,3,MHIST,0.004639128843943324
MHIST_dyn.png,black,-0.03550744056701654,-0.157466713587443,3,MHIST,0.12195927302042645
MHIST_dyn.png,blur,-0.044017006953557335,-0.13535390843947723,3,MHIST,0.09133690148591989
MHIST_dyn.png,mean,-0.044176379839579234,-0.14175633589426676,3,MHIST,0.09757995605468753
MHIST_dyo.png,black,-0.09240510066350298,-0.0883210311333338,3,MHIST,-0.004084069530169182
MHIST_dyo.png,blur,-0.06848569711049393,-0.07364732225735977,3,MHIST,0.005161625146865842
MHIST_dyo.png,mean,-0.07012204329172766,-0.0803887257973353,3,MHIST,0.010266682505607638
MHIST_dyp.png,black,0.1406285464763641,0.3137860681861639,2,MHIST,-0.17315752170979978
MHIST_dyp.png,blur,0.1733181625604629,0.2838938698172569,2,MHIST,-0.110575707256794
MHIST_dyp.png,mean,0.12791658937931055,0.3132931817322969,2,MHIST,-0.18537659235298637
MHIST_dyv.png,black,0.15958382685979203,0.3178610886136691,3,MHIST,-0.15827726175387705
MHIST_dyv.png,blur,0.1770164370536804,0.276677593588829,3,MHIST,-0.09966115653514859
MHIST_dyv.png,mean,0.21028951803843177,0.31081094021598493,3,MHIST,-0.10052142217755317
MHIST_dza.png,black,0.2711185812950134,0.3332426269538701,2,MHIST,-0.06212404565885665
MHIST_dza.png,blur,0.21166186034679407,0.31098909266293046,2,MHIST,-0.09932723231613638
MHIST_dza.png,mean,0.2010072767734527,0.3123221596702933,2,MHIST,-0.1113148828968406
MHIST_dzc.png,black,0.2004982829093933,0.2926959529519081,2,MHIST,-0.09219767004251478
MHIST_dzc.png,blur,0.14816978573799128,0.1611418649554252,2,MHIST,-0.01297207921743393
MHIST_dzc.png,mean,0.1695978939533233,0.1967630878090858,2,MHIST,-0.027165193855762493
MHIST_dzd.png,black,0.2913577059904734,0.3129024252295494,3,MHIST,-0.021544719239076027
MHIST_dzd.png,blur,0.35589886208375293,0.35731238772471746,3,MHIST,-0.0014135256409645303
MHIST_dzd.png,mean,0.3312208553155263,0.3692042658726374,3,MHIST,-0.037983410557111075
MHIST_dze.png,black,-0.1946695844332377,-0.21181416213512413,3,MHIST,0.017144577701886432
MHIST_dze.png,blur,-0.1478416323661804,-0.20821130474408464,3,MHIST,0.06036967237790425
MHIST_dze.png,mean,-0.17577248811721793,-0.22002805074055987,3,MHIST,0.04425556262334193
MHIST_dzl.png,black,0.18333529432614645,0.2634403968850771,3,MHIST,-0.08010510255893064
MHIST_dzl.png,blur,0.09930467605590816,0.15084629704554872,3,MHIST,-0.05154162098964056
MHIST_dzl.png,mean,0.0700513919194539,0.15571416715780892,3,MHIST,-0.08566277523835501
MHIST_dzm.png,black,0.1247164408365885,0.2566342800855636,3,MHIST,-0.1319178392489751
MHIST_dzm.png,blur,0.0815572142601013,0.15035098393758137,3,MHIST,-0.06879376967748006
MHIST_dzm.png,mean,0.11748858292897536,0.18390844563643136,3,MHIST,-0.06641986270745599
MHIST_dzq.png,black,0.3251804411411285,0.4170676087339719,3,MHIST,-0.09188716759284343
MHIST_dzq.png,blur,0.31021959582964576,0.4195181556046009,3,MHIST,-0.10929855977495512
MHIST_dzq.png,mean,0.3014737367630005,0.4242052622139454,3,MHIST,-0.1227315254509449
MHIST_dzs.png,black,0.19916146993637082,0.2954973783231143,3,MHIST,-0.09633590838674347
MHIST_dzs.png,blur,0.31456372638543445,0.27398451898585663,3,MHIST,0.04057920739957782
MHIST_dzs.png,mean,0.3387635002533595,0.34150861620225686,3,MHIST,-0.0027451159488973698
MHIST_dzu.png,black,0.16849899291992182,0.2988019704818725,2,MHIST,-0.1303029775619507
MHIST_dzu.png,blur,0.2016539871692657,0.16081206277012822,2,MHIST,0.040841924399137475
MHIST_dzu.png,mean,0.19505897164344785,0.23184967190027234,2,MHIST,-0.03679070025682449
MHIST_dzw.png,black,0.2437240481376647,0.31096971233685816,3,MHIST,-0.06724566419919345
MHIST_dzw.png,blur,0.15949636697769165,0.21740599572658534,3,MHIST,-0.05790962874889369
MHIST_dzw.png,mean,0.20603309075037637,0.31609893689552937,3,MHIST,-0.110065846145153
MHIST_dzx.png,black,0.1636347472667694,0.32420016899704934,2,MHIST,-0.16056542173027993
MHIST_dzx.png,blur,0.18944510817527765,0.35812329053878783,2,MHIST,-0.16867818236351018
MHIST_dzx.png,mean,0.2566749453544616,0.36333023980259893,2,MHIST,-0.10665529444813732
MHIST_eac.png,black,0.3535747826099396,0.3238249491900206,2,MHIST,0.029749833419918992
MHIST_eac.png,blur,0.1097707152366638,0.21258768029510972,2,MHIST,-0.10281696505844591
MHIST_eac.png,mean,0.11554498970508575,0.21960043795406814,2,MHIST,-0.10405544824898239
MHIST_eaf.png,black,0.15139732758204136,0.2597390259305636,3,MHIST,-0.10834169834852223
MHIST_eaf.png,blur,0.0719339847564697,0.09774163862069445,3,MHIST,-0.025807653864224747
MHIST_eaf.png,mean,0.15174249807993564,0.2243290483951568,3,MHIST,-0.07258655031522115
MHIST_eag.png,black,0.3159069816271464,0.42981178114811586,3,MHIST,-0.11390479952096944
MHIST_eag.png,blur,0.26652278502782184,0.28983057339986157,3,MHIST,-0.02330778837203973
MHIST_eag.png,mean,0.32161380847295123,0.38998940040667857,3,MHIST,-0.06837559193372733
MHIST_eah.png,black,0.15231810013453165,0.19736267824967701,3,MHIST,-0.04504457811514537
MHIST_eah.png,blur,0.10671230157216387,0.141270895799001,3,MHIST,-0.034558594226837144
MHIST_eah.png,mean,0.14483459790547684,0.18260350624720248,3,MHIST,-0.03776890834172564
MHIST_eai.png,black,0.30374670028686523,0.3113322839140892,2,MHIST,-0.007585583627223946
MHIST_eai.png,blur,0.20039978623390195,0.23581353724002835,2,MHIST,-0.0354137510061264
MHIST_eai.png,mean,0.19926163554191584,0.24204663708806035,2,MHIST,-0.04278500154614451
MHIST_eak.png,black,-0.0610212385654449,-0.25223783552646634,2,MHIST,0.19121659696102145
MHIST_eak.png,blur,-0.1076130867004394,-0.2086937293410301,2,MHIST,0.10108064264059069
MHIST_eak.png,mean,-0.10307186841964715,-0.21626080721616744,2,MHIST,0.1131889387965203
MHIST_eam.png,black,0.24614191055297852,0.29214853197336194,3,MHIST,-0.04600662142038342
MHIST_eam.png,blur,0.22744613885879517,0.20320524672667184,3,MHIST,0.024240892132123326
MHIST_eam.png,mean,0.3195268015066783,0.3163632065057754,3,MHIST,0.003163595000902908
MHIST_eao.png,black,0.2710106472174326,0.26097428898016606,3,MHIST,0.010036358237266563
MHIST_eao.png,blur,0.2652307550112406,0.23311957766612365,3,MHIST,0.032111177345116954
MHIST_eao.png,mean,0.35785265763600665,0.3386785541971524,3,MHIST,0.01917410343885423
MHIST_eap.png,black,0.30517024795214326,0.3233903657822382,3,MHIST,-0.018220117830094917
MHIST_eap.png,blur,0.10208068291346227,0.19053477914560402,3,MHIST,-0.08845409623214175
MHIST_eap.png,mean,0.16181888182957962,0.24684590945641197,3,MHIST,-0.08502702762683234
MHIST_ebc.png,black,0.1730608741442362,0.20599974095821375,3,MHIST,-0.032938866813977535
MHIST_ebc.png,blur,0.11795389652252193,0.1317753344774246,3,MHIST,-0.013821437954902663
MHIST_ebc.png,mean,0.13245073954264316,0.16254294713338213,3,MHIST,-0.030092207590738967
MHIST_ebh.png,black,0.3015630741914113,0.3735915680726369,3,MHIST,-0.07202849388122556
MHIST_ebh.png,blur,0.17464872201283768,0.2522885054349899,3,MHIST,-0.07763978342215219
MHIST_ebh.png,mean,0.21822252869606018,0.3428067445755005,3,MHIST,-0.1245842158794403
MHIST_ebk.png,black,0.22045258680979407,0.23237503468990325,3,MHIST,-0.011922447880109183
MHIST_ebk.png,blur,0.21463888883590698,0.20238913794358568,3,MHIST,0.012249750892321304
MHIST_ebk.png,mean,0.14893776178359983,0.18187191983064013,3,MHIST,-0.03293415804704031
MHIST_ebl.png,black,0.24010422825813288,0.3202351205050945,2,MHIST,-0.08013089224696163
MHIST_ebl.png,blur,0.22956249117851255,0.26014214605093,2,MHIST,-0.030579654872417456
MHIST_ebl.png,mean,0.251110315322876,0.27899663820862763,2,MHIST,-0.027886322885751658
MHIST_ebu.png,black,0.17036607861518854,0.29000105932354925,2,MHIST,-0.1196349807083607
MHIST_ebu.png,blur,0.07335889339447015,0.15952522456645965,2,MHIST,-0.0861663311719895
MHIST_ebu.png,mean,0.1396507024765014,0.24196779653429984,2,MHIST,-0.10231709405779843
MHIST_ecc.png,black,0.0808738470077514,0.31531281545758244,2,MHIST,-0.23443896844983103
MHIST_ecc.png,blur,0.0729236006736755,0.24086349308490754,2,MHIST,-0.16793989241123203
MHIST_ecc.png,mean,0.08123171329498285,0.3151706151664257,2,MHIST,-0.23393890187144284
MHIST_ece.png,black,0.2038138806819915,0.3704007405787706,2,MHIST,-0.1665868598967791
MHIST_ece.png,blur,0.23293219506740565,0.3534189619123935,2,MHIST,-0.12048676684498788
MHIST_ece.png,mean,0.23678530752658838,0.40417440608143806,2,MHIST,-0.16738909855484968
MHIST_ech.png,black,0.24063591162363684,0.3243431265155474,3,MHIST,-0.08370721489191058
MHIST_ech.png,blur,0.2836020191510518,0.2991011997063954,3,MHIST,-0.015499180555343606
MHIST_ech.png,mean,0.2662753462791443,0.32730741947889325,3,MHIST,-0.06103207319974896
MHIST_ecl.png,black,0.11569033066431678,0.2660476585229237,3,MHIST,-0.15035732785860695
MHIST_ecl.png,blur,0.12732579310735062,0.20024833480517068,3,MHIST,-0.07292254169782006
MHIST_ecl.png,mean,0.14583834012349442,0.2578090692559878,3,MHIST,-0.11197072913249337
MHIST_eco.png,black,0.20092036326726279,0.32374277263879775,3,MHIST,-0.12282240937153496
MHIST_eco.png,blur,0.18076360225677487,0.2197050849596659,3,MHIST,-0.03894148270289102
MHIST_eco.png,mean,0.209879457950592,0.28698799461126323,3,MHIST,-0.07710853666067122
MHIST_ecr.png,black,0.14783775806427,0.32055967623988785,3,MHIST,-0.17272191817561786
MHIST_ecr.png,blur,0.30938932299613947,0.30855599741141,3,MHIST,0.0008333255847294829
MHIST_ecr.png,mean,0.24430829286575315,0.3274034897486369,3,MHIST,-0.08309519688288378
MHIST_ecx.png,black,0.0975087881088257,0.3028147146105766,2,MHIST,-0.2053059265017509
MHIST_ecx.png,blur,0.11937120556831364,0.20605812668800355,2,MHIST,-0.08668692111968991
MHIST_ecx.png,mean,0.1479914486408233,0.22384259477257723,2,MHIST,-0.07585114613175392
MHIST_ecz.png,black,0.2384368479251861,0.335340541228652,2,MHIST,-0.09690369330346588
MHIST_ecz.png,blur,0.2485926896333694,0.3310925289988518,2,MHIST,-0.08249983936548239
MHIST_ecz.png,mean,0.3275023177266121,0.405539621412754,2,MHIST,-0.07803730368614192
MHIST_eda.png,black,0.22364646196365354,0.2213945440948009,2,MHIST,0.0022519178688526487
MHIST_eda.png,blur,0.18118020892143244,0.13702616244554516,2,MHIST,0.044154046475887276
MHIST_eda.png,mean,0.2198022305965423,0.19220695197582238,2,MHIST,0.02759527862071992
MHIST_edd.png,black,-0.037458837032318046,0.22884885668754573,2,MHIST,-0.2663076937198638
MHIST_edd.png,blur,-0.01547068357467645,0.13622709736227984,2,MHIST,-0.1516977809369563
MHIST_edd.png,mean,-0.036723971366882255,0.20657491758465768,2,MHIST,-0.24329888895153995
MHIST_edf.png,black,0.26625839869181317,0.3333598484595617,3,MHIST,-0.06710144976774851
MHIST_edf.png,blur,0.15302491188049314,0.21997407376766198,3,MHIST,-0.06694916188716885
MHIST_edf.png,mean,0.2325033942858378,0.32878088404734923,3,MHIST,-0.09627748976151143
MHIST_edg.png,black,0.3188628852367401,0.3772707670927048,2,MHIST,-0.05840788185596468
MHIST_edg.png,blur,0.3023875057697296,0.3453853286802768,2,MHIST,-0.04299782291054721
MHIST_edg.png,mean,0.34051331877708435,0.3453576974570751,2,MHIST,-0.004844378679990768
MHIST_edh.png,black,0.14372605085372922,0.2956579323641207,3,MHIST,-0.15193188151039147
MHIST_edh.png,blur,0.10622938474019362,0.16439738144319524,3,MHIST,-0.058167996703001615
MHIST_edh.png,mean,0.24848054846127823,0.3205609671653263,3,MHIST,-0.07208041870404805
MHIST_edi.png,black,0.07588322460651399,0.14910206831991668,2,MHIST,-0.07321884371340269
MHIST_edi.png,blur,0.10603357851505281,0.2208912584930658,2,MHIST,-0.11485767997801298
MHIST_edi.png,mean,0.08982574939727785,0.22578312754631036,2,MHIST,-0.13595737814903253
MHIST_edj.png,black,0.21184521913528442,0.25609712301411175,3,MHIST,-0.044251903878827326
MHIST_edj.png,blur,0.08210257689158117,0.19050781376596185,3,MHIST,-0.10840523687438068
MHIST_edj.png,mean,0.11703707774480182,0.24419973977865314,3,MHIST,-0.12716266203385132
MHIST_edm.png,black,0.12126038471857703,0.2369552041093508,3,MHIST,-0.11569481939077378
MHIST_edm.png,blur,0.09626342852910356,0.23665462235609688,3,MHIST,-0.14039119382699333
MHIST_edm.png,mean,0.07885785897572833,0.24738391737143195,3,MHIST,-0.16852605839570362
MHIST_edn.png,black,0.23698749144872022,0.17918286025524136,3,MHIST,0.05780463119347887
MHIST_edn.png,blur,0.10167717933654784,0.17032261093457537,3,MHIST,-0.06864543159802754
MHIST_edn.png,mean,0.13749206066131586,0.172677277525266,3,MHIST,-0.035185216863950125
MHIST_eds.png,black,0.13574077188968653,0.350179485976696,2,MHIST,-0.21443871408700949
MHIST_eds.png,blur,0.18057949841022491,0.23541375845670692,2,MHIST,-0.05483426004648201
MHIST_eds.png,mean,0.09324815869331354,0.24924723543226715,2,MHIST,-0.1559990767389536
MHIST_eeo.png,black,0.13999629020690915,0.16267981366677714,3,MHIST,-0.022683523459867988
MHIST_eeo.png,blur,0.0993415713310241,0.13757880817760118,3,MHIST,-0.03823723684657708
MHIST_eeo.png,mean,0.12027192115783686,0.14917059504624566,3,MHIST,-0.028898673888408805
MHIST_eeq.png,black,0.29506646593411756,0.38091227660576504,3,MHIST,-0.08584581067164748
MHIST_eeq.png,blur,0.22826399405797315,0.29715462873379384,3,MHIST,-0.06889063467582068
MHIST_eeq.png,mean,0.2976102630297342,0.38965173363685607,3,MHIST,-0.09204147060712187
MHIST_eey.png,black,0.2843592365582784,0.29702811886866887,3,MHIST,-0.012668882310390484
MHIST_eey.png,blur,0.19085743029912308,0.2550343851248423,3,MHIST,-0.0641769548257192
MHIST_eey.png,mean,0.263470967610677,0.3465552794436613,3,MHIST,-0.08308431183298431
MHIST_efd.png,black,0.23372792204221082,0.26710503647724787,3,MHIST,-0.03337711443503705
MHIST_efd.png,blur,0.2217693328857421,0.1776043315728505,3,MHIST,0.04416500131289161
MHIST_efd.png,mean,0.23478351036707557,0.2259350602825482,3,MHIST,0.008848450084527365
MHIST_eff.png,black,-0.08879832426706945,-0.11376187205314629,3,MHIST,0.024963547786076845
MHIST_eff.png,blur,-0.07875804106394443,-0.1128270288308461,3,MHIST,0.03406898776690166
MHIST_eff.png,mean,-0.07794793446858723,-0.10933043460051213,3,MHIST,0.031382500131924895
MHIST_efh.png,black,0.23371367653210953,0.2460964505871137,3,MHIST,-0.012382774055004181
MHIST_efh.png,blur,0.21412612994511918,0.1705406218767166,3,MHIST,0.043585508068402584
MHIST_efh.png,mean,0.2273920873800913,0.21991263578335438,3,MHIST,0.007479451596736936
MHIST_efr.png,black,0.0911762714385986,0.32647369280457494,2,MHIST,-0.23529742136597634
MHIST_efr.png,blur,0.14924159646034235,0.2448284640908241,2,MHIST,-0.09558686763048174
MHIST_efr.png,mean,0.10672846436500545,0.30492657348513597,2,MHIST,-0.19819810912013053
MHIST_efs.png,black,0.2697750926017761,0.2883894309401512,3,MHIST,-0.018614338338375058
MHIST_efs.png,blur,0.26863626142342883,0.30644701247413947,3,MHIST,-0.037810751050710634
MHIST_efs.png,mean,0.31540022790431976,0.33965340740978717,3,MHIST,-0.024253179505467404
MHIST_efv.png,black,0.20448036988576254,0.28701402197281517,3,MHIST,-0.08253365208705263
MHIST_efv.png,blur,0.2634874184926351,0.3780208518107731,3,MHIST,-0.11453343331813803
MHIST_efv.png,mean,0.2247445980707804,0.3894215991099675,3,MHIST,-0.1646770010391871
MHIST_efw.png,black,0.11369619766871131,0.21921768486499782,3,MHIST,-0.10552148719628651
MHIST_efw.png,blur,0.0537259380022684,0.11203576227029156,3,MHIST,-0.05830982426802316
MHIST_efw.png,mean,0.11766844987869256,0.16103820999463395,3,MHIST,-0.04336976011594139
MHIST_efy.png,black,0.22770580649375916,0.3007462531328201,2,MHIST,-0.07304044663906095
MHIST_efy.png,blur,0.1387412250041961,0.19434369504451746,2,MHIST,-0.055602470040321345
MHIST_efy.png,mean,0.2225953042507171,0.271202690154314,2,MHIST,-0.04860738590359687
MHIST_efz.png,black,0.2606668472290039,0.3826185299290551,2,MHIST,-0.12195168270005119
MHIST_efz.png,blur,0.17595997452735895,0.2305434985548003,2,MHIST,-0.05458352402744135
MHIST_efz.png,mean,0.2976135611534118,0.32419258827327657,2,MHIST,-0.026579027119864762
MHIST_egb.png,black,0.2907078266143799,0.48701450414955616,2,MHIST,-0.19630667753517628
MHIST_egb.png,blur,0.15338432788848877,0.27494302690029143,2,MHIST,-0.12155869901180266
MHIST_egb.png,mean,0.26417639851570124,0.3504750616848469,2,MHIST,-0.08629866316914564
MHIST_ege.png,black,0.39845307171344757,0.4943453237414359,2,MHIST,-0.09589225202798835
MHIST_ege.png,blur,0.30435279011726374,0.29126575738191596,2,MHIST,0.013087032735347781
MHIST_ege.png,mean,0.3092956393957138,0.34656054303050043,2,MHIST,-0.03726490363478663
MHIST_egf.png,black,0.2473422288894653,0.3239229038357735,2,MHIST,-0.07658067494630819
MHIST_egf.png,blur,0.15920197963714594,0.2830090619623661,2,MHIST,-0.12380708232522014
MHIST_egf.png,mean,0.22349914908409113,0.3397912241518497,2,MHIST,-0.11629207506775857
MHIST_egi.png,black,0.2864241401354472,0.33259008675813667,3,MHIST,-0.04616594662268947
MHIST_egi.png,blur,0.2505345543225606,0.205862812201182,3,MHIST,0.044671742121378616
MHIST_egi.png,mean,0.2982137401898701,0.27392339507738744,3,MHIST,0.02429034511248268
MHIST_egz.png,black,0.20148247480392453,0.38404784972469014,3,MHIST,-0.1825653749207656
MHIST_egz.png,blur,0.18393254280090324,0.2526080620785554,3,MHIST,-0.06867551927765217
MHIST_egz.png,mean,0.23073261976242063,0.3289428226649761,3,MHIST,-0.09821020290255547
MHIST_eha.png,black,0.331805944442749,0.3371053144335746,2,MHIST,-0.0052993699908255865
MHIST_eha.png,blur,0.2539921402931213,0.2136007510125637,2,MHIST,0.04039138928055758
MHIST_eha.png,mean,0.27284216880798334,0.29171533063054084,2,MHIST,-0.018873161822557494
MHIST_ehb.png,black,0.13721308112144465,0.1800604864954948,2,MHIST,-0.04284740537405016
MHIST_ehb.png,blur,0.0754685699939727,0.07592879533767695,2,MHIST,-0.00046022534370425416
MHIST_ehb.png,mean,0.0884383618831634,0.11964082419872275,2,MHIST,-0.031202462315559357
MHIST_ehd.png,black,0.16884317000706986,0.25583477467298504,3,MHIST,-0.08699160466591518
MHIST_ehd.png,blur,0.15908439954121903,0.15859831770261124,3,MHIST,0.00048608183860779364
MHIST_ehd.png,mean,0.19626309474309286,0.20162548571825023,3,MHIST,-0.005362390975157366
MHIST_ehg.png,black,0.14245084921518952,0.2941658169031143,3,MHIST,-0.15171496768792475
MHIST_ehg.png,blur,0.1624482671419779,0.30743441681067146,3,MHIST,-0.14498614966869355
MHIST_ehg.png,mean,0.19196542104085282,0.35706194390853235,3,MHIST,-0.16509652286767953
MHIST_ehh.png,black,0.3411210179328918,0.4183853053620883,2,MHIST,-0.0772642874291965
MHIST_ehh.png,blur,0.2826005816459656,0.2826992588383811,2,MHIST,-9.867719241551942e-05
MHIST_ehh.png,mean,0.34826005995273585,0.36974737346172326,2,MHIST,-0.021487313508987416
MHIST_ehm.png,black,0.22298371791839597,0.25595258808497223,3,MHIST,-0.032968870166576264
MHIST_ehm.png,blur,0.18641579151153562,0.23265978693962097,3,MHIST,-0.046243995428085355
MHIST_ehm.png,mean,0.20201857884724927,0.2825648098280935,3,MHIST,-0.08054623098084424
MHIST_eho.png,black,0.2573105990886688,0.24335235729813576,2,MHIST,0.013958241790533066
MHIST_eho.png,blur,0.20499452948570251,0.1343889400362968,2,MHIST,0.0706055894494057
MHIST_eho.png,mean,0.1879341602325439,0.15946015417575835,2,MHIST,0.028474006056785545
MHIST_ehs.png,black,0.34766727685928345,0.1978927228380652,2,MHIST,0.14977455402121825
MHIST_ehs.png,blur,0.3675829619169235,0.1338601791683365,2,MHIST,0.23372278274858702
MHIST_ehs.png,mean,0.44063927233219147,0.2067241232623072,2,MHIST,0.23391514906988425
MHIST_ehw.png,black,-0.08225277066230771,-0.08857948482036584,2,MHIST,0.006326714158058133
MHIST_ehw.png,blur,-0.0728582143783569,-0.01917902082204815,2,MHIST,-0.053679193556308756
MHIST_ehw.png,mean,-0.0628842711448669,-0.06972554028034206,2,MHIST,0.006841269135475156
MHIST_ehz.png,black,0.27251194914182025,0.3424062433342139,3,MHIST,-0.06989429419239362
MHIST_ehz.png,blur,0.24271698792775467,0.19806036005417504,3,MHIST,0.04465662787357963
MHIST_ehz.png,mean,0.28159388899803156,0.28069941451152164,3,MHIST,0.0008944744865099219
MHIST_eib.png,black,0.21124491095542905,0.3235500246286392,2,MHIST,-0.11230511367321014
MHIST_eib.png,blur,0.025769770145416197,0.15129806846380228,2,MHIST,-0.12552829831838608
MHIST_eib.png,mean,0.06963554024696345,0.2775492414832115,2,MHIST,-0.20791370123624803
MHIST_eie.png,black,0.31112958490848536,0.2940157316625118,2,MHIST,0.01711385324597353
MHIST_eie.png,blur,0.2492612153291702,0.288412544503808,2,MHIST,-0.03915132917463779
MHIST_eie.png,mean,0.2653103619813919,0.33612159863114355,2,MHIST,-0.07081123664975164
MHIST_eio.png,black,0.06541419029235837,0.23495721349067855,3,MHIST,-0.16954302319832018
MHIST_eio.png,blur,0.202700783809026,0.2411146437912656,3,MHIST,-0.03841385998223959
MHIST_eio.png,mean,0.1366073886553446,0.30337170376850847,3,MHIST,-0.16676431511316386
MHIST_eir.png,black,0.2297854423522949,0.363098336259524,3,MHIST,-0.13331289390722909
MHIST_eir.png,blur,0.1581713159879048,0.27173498670260104,3,MHIST,-0.11356367071469625
MHIST_eir.png,mean,0.16255068778991696,0.3208543663223584,3,MHIST,-0.15830367853244146
MHIST_eiy.png,black,0.2918538252512613,0.3409884506288696,3,MHIST,-0.04913462537760832
MHIST_eiy.png,blur,0.3315332035223643,0.2942836653660325,3,MHIST,0.03724953815633181
MHIST_eiy.png,mean,0.3737582017978032,0.3886020421251362,3,MHIST,-0.014843840327332991
MHIST_ejd.png,black,0.2679001092910766,0.3629945255815982,2,MHIST,-0.09509441629052162
MHIST_ejd.png,blur,0.3556530028581619,0.28255632519721985,2,MHIST,0.07309667766094208
MHIST_ejd.png,mean,0.3801537901163101,0.34170493856072426,2,MHIST,0.03844885155558586
MHIST_ejm.png,black,0.3198983445763588,0.31665957458317273,2,MHIST,0.0032387699931860636
MHIST_ejm.png,blur,0.2839554101228714,0.2715047564357519,2,MHIST,0.012450653687119506
MHIST_ejm.png,mean,0.32575473934412,0.32057680785655973,2,MHIST,0.005177931487560294
MHIST_ejo.png,black,0.1747038960456848,0.3500790476799011,3,MHIST,-0.17537515163421633
MHIST_ejo.png,blur,0.13655738035837808,0.27560468216737105,3,MHIST,-0.13904730180899297
MHIST_ejo.png,mean,0.1465015610059102,0.33046847532192863,3,MHIST,-0.18396691431601844
MHIST_ejr.png,black,0.3253183662891388,0.3637157263855139,3,MHIST,-0.03839736009637512
MHIST_ejr.png,blur,0.3585804303487142,0.39115562736988063,3,MHIST,-0.03257519702116646
MHIST_ejr.png,mean,0.3380032777786255,0.35837803781032557,3,MHIST,-0.02037476003170008
MHIST_ekc.png,black,0.3573995232582092,0.6178758442401886,2,MHIST,-0.2604763209819794
MHIST_ekc.png,blur,0.199385404586792,0.449013352394104,2,MHIST,-0.249627947807312
MHIST_ekc.png,mean,0.2628313302993774,0.5561820864677429,2,MHIST,-0.29335075616836553
MHIST_eke.png,black,0.306520809729894,0.3879933426777522,3,MHIST,-0.08147253294785822
MHIST_eke.png,blur,0.29179802536964417,0.30460723439852394,3,MHIST,-0.012809209028879776
MHIST_eke.png,mean,0.30815056959788,0.34949640880028404,3,MHIST,-0.04134583920240403
MHIST_ekg.png,black,0.2872247795263926,0.3672243764003118,3,MHIST,-0.07999959687391922
MHIST_ekg.png,blur,0.1533495386441548,0.25348311762015024,3,MHIST,-0.10013357897599545
MHIST_ekg.png,mean,0.18739080429077146,0.3292328002552191,3,MHIST,-0.14184199596444766
MHIST_ekh.png,black,0.13029524683952334,0.2834214500018528,2,MHIST,-0.15312620316232947
MHIST_ekh.png,blur,0.1260917782783508,0.20571472016828396,2,MHIST,-0.07962294188993316
MHIST_ekh.png,mean,0.1112720817327499,0.2591225975326129,2,MHIST,-0.14785051579986302
MHIST_ekj.png,black,0.24523575107256568,0.2585250879327456,3,MHIST,-0.013289336860179912
MHIST_ekj.png,blur,0.14389783143997187,0.2291852056980133,3,MHIST,-0.08528737425804142
MHIST_ekj.png,mean,0.17071169614791867,0.2665218864878018,3,MHIST,-0.09581019033988311
MHIST_ekm.png,black,0.3871805369853973,0.38980484083294864,2,MHIST,-0.002624303847551357
MHIST_ekm.png,blur,0.3393130898475647,0.30326135382056235,2,MHIST,0.036051736027002346
MHIST_ekm.png,mean,0.2996670007705688,0.33314925953745844,2,MHIST,-0.03348225876688965
MHIST_ekn.png,black,0.1370092431704203,0.2999094306180874,3,MHIST,-0.1629001874476671
MHIST_ekn.png,blur,0.1208739082018534,0.19279536704222355,3,MHIST,-0.07192145884037016
MHIST_ekn.png,mean,0.15569007396697995,0.2506876016656558,3,MHIST,-0.09499752769867584
MHIST_ela.png,black,0.26423866550127667,0.425967812538147,3,MHIST,-0.1617291470368703
MHIST_ela.png,blur,0.11746962865193682,0.34772979418436684,3,MHIST,-0.23026016553243
MHIST_ela.png,mean,0.1466645201047261,0.3505688945452372,3,MHIST,-0.2039043744405111
MHIST_elb.png,black,0.22778788208961487,0.2891242404778798,2,MHIST,-0.061336358388264955
MHIST_elb.png,blur,0.13630405068397516,0.1673146585623423,2,MHIST,-0.031010607878367125
MHIST_elb.png,mean,0.1834399402141571,0.16391856720050174,2,MHIST,0.019521373013655363
MHIST_ele.png,black,0.2234137952327728,0.4913044805328052,2,MHIST,-0.26789068530003235
MHIST_ele.png,blur,0.25880865752696985,0.3725344518820445,2,MHIST,-0.11372579435507463
MHIST_ele.png,mean,0.2627625465393066,0.4391149794061978,2,MHIST,-0.17635243286689123
MHIST_elh.png,black,0.20558751622835789,0.32071186502774557,3,MHIST,-0.11512434879938768
MHIST_elh.png,blur,0.34360424677530926,0.38540731718142823,3,MHIST,-0.04180307040611897
MHIST_elh.png,mean,0.3472641855478287,0.3950526098410288,3,MHIST,-0.04778842429320013
MHIST_eli.png,black,-0.0358851850032806,-0.0269870885780879,2,MHIST,-0.008898096425192698
MHIST_eli.png,blur,-0.05637538433074945,-0.03545583997453955,2,MHIST,-0.0209195443562099
MHIST_eli.png,mean,-0.10507628321647641,-0.09196368924209045,2,MHIST,-0.013112593974385967
MHIST_elj.png,black,0.1208844184875488,0.28617433607578274,2,MHIST,-0.16528991758823394
MHIST_elj.png,blur,0.20638969540596006,0.3361086703836918,2,MHIST,-0.12971897497773174
MHIST_elj.png,mean,0.1461817026138305,0.3877340789884328,2,MHIST,-0.2415523763746023
MHIST_elk.png,black,0.3412351260582606,0.42286854349076747,3,MHIST,-0.08163341743250685
MHIST_elk.png,blur,0.3244432707627614,0.38993548850218457,3,MHIST,-0.06549221773942315
MHIST_elk.png,mean,0.33006274700164795,0.4038163208713134,3,MHIST,-0.07375357386966547
MHIST_ell.png,black,0.09568880001703894,0.13969688989497994,3,MHIST,-0.044008089877941
MHIST_ell.png,blur,0.10206158955891924,0.13206250568230946,3,MHIST,-0.030000916123390217
MHIST_ell.png,mean,0.10193967819213863,0.1453474207056893,3,MHIST,-0.04340774251355066
MHIST_elo.png,black,0.2236576974391937,0.29983908087015143,2,MHIST,-0.07618138343095773
MHIST_elo.png,blur,0.25893557071685785,0.29522910863161084,2,MHIST,-0.03629353791475298
MHIST_elo.png,mean,0.28657740354537964,0.3381238438189029,2,MHIST,-0.051546440273523286
MHIST_els.png,black,0.18599277734756464,0.4077237762510776,2,MHIST,-0.22173099890351294
MHIST_els.png,blur,0.21248143911361694,0.3849960662424564,2,MHIST,-0.17251462712883947
MHIST_els.png,mean,0.2200034856796264,0.43554906435310836,2,MHIST,-0.21554557867348195
MHIST_elt.png,black,0.22238159179687494,0.2086295925080776,2,MHIST,0.013751999288797334
MHIST_elt.png,blur,0.15102602541446686,0.2401537999510765,2,MHIST,-0.08912777453660964
MHIST_elt.png,mean,0.21867468953132624,0.2428821355104446,2,MHIST,-0.024207445979118364
MHIST_elu.png,black,0.1226422190666198,0.2557143606245518,2,MHIST,-0.13307214155793196
MHIST_elu.png,blur,0.14782994985580444,0.17259458974003786,2,MHIST,-0.024764639884233414
MHIST_elu.png,mean,0.1690232753753662,0.221114607155323,2,MHIST,-0.052091331779956784
MHIST_elx.png,black,0.23339295387268064,0.34649785760550467,3,MHIST,-0.11310490373282403
MHIST_elx.png,blur,0.08689296245574947,0.16122341185052955,3,MHIST,-0.07433044939478008
MHIST_elx.png,mean,0.14660028616587317,0.23603540473049378,3,MHIST,-0.08943511856462061
MHIST_emf.png,black,0.2031726042429606,0.25664815008640285,3,MHIST,-0.053475545843442246
MHIST_emf.png,blur,0.16300219297409055,0.19335158715645465,3,MHIST,-0.030349394182364098
MHIST_emf.png,mean,0.16719843943913773,0.22777027338743205,3,MHIST,-0.060571833948294324
MHIST_emp.png,black,0.1720047791798909,0.21782869646946587,3,MHIST,-0.04582391728957497
MHIST_emp.png,blur,0.1897524793942769,0.16886652509371436,3,MHIST,0.02088595430056253
MHIST_emp.png,mean,0.18387544155120847,0.2094917630155881,3,MHIST,-0.025616321464379643
MHIST_emq.png,black,0.23468887805938718,0.33021093308925625,3,MHIST,-0.09552205502986907
MHIST_emq.png,blur,0.24936264753341666,0.27113289882739383,3,MHIST,-0.021770251293977166
MHIST_emq.png,mean,0.2931294043858846,0.3266031727194786,3,MHIST,-0.033473768333594
MHIST_emr.png,black,-0.08457394440968824,-0.12521223922570543,3,MHIST,0.04063829481601719
MHIST_emr.png,blur,-0.0386218229929606,-0.05485326747099553,3,MHIST,0.01623144447803493
MHIST_emr.png,mean,-0.04528399308522533,-0.08630186021327968,3,MHIST,0.04101786712805435
MHIST_ems.png,black,0.4627065658569336,0.32678736709058287,2,MHIST,0.13591919876635072
MHIST_ems.png,blur,0.2624309957027435,0.18230479806661598,2,MHIST,0.0801261976361275
MHIST_ems.png,mean,0.38419958949089045,0.22248015776276586,2,MHIST,0.16171943172812459
MHIST_emu.png,black,0.14263782898584998,0.31981012572844825,3,MHIST,-0.17717229674259827
MHIST_emu.png,blur,0.01806042591730753,0.1572175895174344,3,MHIST,-0.13915716360012687
MHIST_emu.png,mean,0.02555674314498897,0.2490869765480359,3,MHIST,-0.22353023340304695
MHIST_emx.png,black,0.5301695466041565,0.291178380449613,2,MHIST,0.23899116615454352
MHIST_emx.png,blur,0.23493021726608276,0.3276910136143366,2,MHIST,-0.09276079634825385
MHIST_emx.png,mean,0.3449951410293579,0.26535948117574054,2,MHIST,0.07963565985361737
MHIST_emy.png,black,0.3094352185726166,0.3944353053967158,3,MHIST,-0.08500008682409921
MHIST_emy.png,blur,0.1798992156982421,0.19501450017646504,3,MHIST,-0.01511528447822294
MHIST_emy.png,mean,0.23067633310953772,0.29618020283955115,3,MHIST,-0.06550386973001343
MHIST_ena.png,black,0.14725536108016965,0.4594425983726978,2,MHIST,-0.3121872372925282
MHIST_ena.png,blur,0.13176637887954712,0.29277809262275695,2,MHIST,-0.16101171374320983
MHIST_ena.png,mean,0.13834860920906064,0.3663917504251003,2,MHIST,-0.22804314121603966
MHIST_enc.png,black,0.16254907846450797,0.23387833833694457,3,MHIST,-0.0713292598724366
MHIST_enc.png,blur,0.21752981344858804,0.2292683571577072,3,MHIST,-0.011738543709119142
MHIST_enc.png,mean,0.141932745774587,0.206020238995552,3,MHIST,-0.06408749322096499
MHIST_end.png,black,0.2606130838394165,0.2831148155033588,2,MHIST,-0.022501731663942315
MHIST_end.png,blur,0.20953145623207092,0.167497643828392,2,MHIST,0.04203381240367893
MHIST_end.png,mean,0.25083816051483154,0.2817235112190246,2,MHIST,-0.03088535070419307
MHIST_ene.png,black,-0.0664734045664469,-0.06998317705260376,3,MHIST,0.003509772486156859
MHIST_ene.png,blur,-0.08068964878718053,-0.10298294325669599,3,MHIST,0.02229329446951546
MHIST_ene.png,mean,-0.09251556793848666,-0.1036784602536095,3,MHIST,0.011162892315122838
MHIST_enl.png,black,0.37508930265903473,0.3202441237866878,2,MHIST,0.05484517887234691
MHIST_enl.png,blur,0.22494539618492126,0.2704131536185741,2,MHIST,-0.04546775743365283
MHIST_enl.png,mean,0.2669039517641067,0.2723035272210836,2,MHIST,-0.0053995754569768906
MHIST_enm.png,black,0.30202218890190125,0.3659268572926522,2,MHIST,-0.06390466839075093
MHIST_enm.png,blur,0.22370484471321106,0.21380479931831353,2,MHIST,0.009900045394897528
MHIST_enm.png,mean,0.18435889482498163,0.24035118520259854,2,MHIST,-0.05599229037761691
MHIST_enq.png,black,0.24850390354792273,0.33933735622300043,3,MHIST,-0.0908334526750777
MHIST_enq.png,blur,0.1220463713010152,0.13182827035586037,3,MHIST,-0.009781899054845167
MHIST_enq.png,mean,0.16986028353373206,0.21680240266852904,3,MHIST,-0.046942119134796984
MHIST_enr.png,black,0.2783194780349731,0.4260372363030911,2,MHIST,-0.147717758268118
MHIST_enr.png,blur,0.2879273295402527,0.40727651268243786,2,MHIST,-0.11934918314218518
MHIST_enr.png,mean,0.19852027297019956,0.4194803472608327,2,MHIST,-0.22096007429063316
MHIST_enu.png,black,0.10055246949195859,0.12382673770189281,2,MHIST,-0.023274268209934224
MHIST_enu.png,blur,0.04527765512466425,0.1307446405291557,2,MHIST,-0.08546698540449144
MHIST_enu.png,mean,0.0648578405380249,0.1477788314223289,2,MHIST,-0.08292099088430399
MHIST_env.png,black,0.28565311431884766,0.3618054783479734,2,MHIST,-0.07615236402912573
MHIST_env.png,blur,0.2403146624565124,0.2087077415802262,2,MHIST,0.03160692087628619
MHIST_env.png,mean,0.30904683470726013,0.2785291963002898,2,MHIST,0.030517638406970304
MHIST_enx.png,black,0.21195003390312195,0.27018352275093394,3,MHIST,-0.05823348884781199
MHIST_enx.png,blur,0.10885920127232866,0.1159223355352878,3,MHIST,-0.007063134262959139
MHIST_enx.png,mean,0.15057766437530515,0.22117767607172326,3,MHIST,-0.07060001169641811
MHIST_eny.png,black,0.19665841261545816,0.2381278425455093,3,MHIST,-0.04146942993005115
MHIST_eny.png,blur,0.18858983119328812,0.23268906275431311,3,MHIST,-0.04409923156102499
MHIST_eny.png,mean,0.2299607992172241,0.23218324184417724,3,MHIST,-0.002222442626953147
MHIST_enz.png,black,-0.0697942972183227,-0.08738116323947907,3,MHIST,0.017586866021156375
MHIST_enz.png,blur,-0.11159368356068923,-0.12724181314309432,3,MHIST,0.015648129582405093
MHIST_enz.png,mean,-0.10366423924763994,-0.11222466727097824,3,MHIST,0.008560428023338298
MHIST_eoc.png,black,0.17058479785919184,0.29023178443312636,2,MHIST,-0.11964698657393452
MHIST_eoc.png,blur,0.07861793041229245,0.24561898037791252,2,MHIST,-0.16700104996562007
MHIST_eoc.png,mean,0.18767930567264554,0.3438213389366865,2,MHIST,-0.15614203326404094
MHIST_eod.png,black,-0.018188258012135767,-0.039935208360354066,3,MHIST,0.0217469503482183
MHIST_eod.png,blur,0.0016445716222127347,-0.031815825899442,3,MHIST,0.033460397521654736
MHIST_eod.png,mean,0.0011713703473408999,-0.029880626002947438,3,MHIST,0.03105199635028834
MHIST_eol.png,black,-0.23826044797897333,-0.26006175726652137,2,MHIST,0.021801309287548032
MHIST_eol.png,blur,-0.2030971050262451,-0.24137031733989708,2,MHIST,0.038273212313651994
MHIST_eol.png,mean,-0.2342903614044189,-0.24812447875738142,2,MHIST,0.013834117352962527
MHIST_eop.png,black,0.14542076985041297,0.22736773350172568,3,MHIST,-0.08194696365131271
MHIST_eop.png,blur,0.21159377694129944,0.27779202908277506,3,MHIST,-0.06619825214147562
MHIST_eop.png,mean,0.21455142895380652,0.22837940603494644,3,MHIST,-0.01382797708113992
MHIST_eoq.png,black,-0.1170722842216491,-0.18618760158618286,2,MHIST,0.06911531736453376
MHIST_eoq.png,blur,-0.14746725559234616,-0.15631449768940603,2,MHIST,0.008847242097059865
MHIST_eoq.png,mean,-0.17341646552085876,-0.24864798088868462,2,MHIST,0.07523151536782585
MHIST_eow.png,black,0.18009489774703977,0.22728883524735766,3,MHIST,-0.04719393750031789
MHIST_eow.png,blur,0.07703594366709386,0.10062242448329921,3,MHIST,-0.023586480816205346
MHIST_eow.png,mean,0.09766711791356397,0.11820352872212726,3,MHIST,-0.02053641080856329
MHIST_epf.png,black,-0.13408511877059934,-0.18562705053223502,3,MHIST,0.051541931761635684
MHIST_epf.png,blur,-0.14948385953903193,-0.1772436251242955,3,MHIST,0.02775976558526358
MHIST_epf.png,mean,-0.19262623786926267,-0.20119844012790253,3,MHIST,0.00857220225863986
MHIST_epj.png,black,-0.087243378162384,-0.13361430615186684,2,MHIST,0.046370927989482835
MHIST_epj.png,blur,-0.0699566602706909,-0.12640600055456155,2,MHIST,0.05644934028387065
MHIST_epj.png,mean,-0.047816872596740695,-0.1165326997637748,2,MHIST,0.0687158271670341
MHIST_epk.png,black,0.284027357896169,0.3179103205601374,3,MHIST,-0.0338829626639684
MHIST_epk.png,blur,0.2492393453915914,0.26170357912778847,3,MHIST,-0.012464233736197067
MHIST_epk.png,mean,0.3080314695835113,0.34188938339551284,3,MHIST,-0.03385791381200154
MHIST_epl.png,black,-0.13804852962493894,-0.14662439624468485,3,MHIST,0.008575866619745909
MHIST_epl.png,blur,-0.09376245737075804,-0.16259967287381485,3,MHIST,0.06883721550305681
MHIST_epl.png,mean,-0.1016587615013122,-0.15772187709808347,3,MHIST,0.05606311559677127
MHIST_epo.png,black,0.29869201779365534,0.31322610937058926,2,MHIST,-0.014534091576933916
MHIST_epo.png,blur,0.1858662962913513,0.3188141658902168,2,MHIST,-0.13294786959886554
MHIST_epo.png,mean,0.2998618483543396,0.2951909974217415,2,MHIST,0.004670850932598114
MHIST_epp.png,black,0.44107089440027875,0.4127503196529129,3,MHIST,0.028320574747365823
MHIST_epp.png,blur,0.2766613960266113,0.2409982444162954,3,MHIST,0.035663151610315885
MHIST_epp.png,mean,0.3491552273432414,0.3151568533689307,3,MHIST,0.033998373974310714
MHIST_eps.png,black,0.20914411544799802,0.29991154759018507,3,MHIST,-0.09076743214218705
MHIST_eps.png,blur,0.3143640955289205,0.2655637992752923,3,MHIST,0.048800296253628195
MHIST_eps.png,mean,0.3306332627932231,0.32361985577477353,3,MHIST,0.007013407018449547
MHIST_ept.png,black,0.22786964972813925,0.21457410355408982,3,MHIST,0.013295546174049433
MHIST_ept.png,blur,0.1720945835113525,0.16570419073104853,3,MHIST,0.006390392780303983
MHIST_ept.png,mean,0.14271452029546097,0.19952216645081833,3,MHIST,-0.056807646155357355
MHIST_epx.png,black,0.2663518339395523,0.37252037823200224,2,MHIST,-0.10616854429244993
MHIST_epx.png,blur,0.15608525276184074,0.2905167043209076,2,MHIST,-0.13443145155906686
MHIST_epx.png,mean,0.24847716093063354,0.3610250271856785,2,MHIST,-0.11254786625504498
MHIST_eqc.png,black,0.3592669665813446,0.3809331506490707,2,MHIST,-0.02166618406772608
MHIST_eqc.png,blur,0.1886232495307922,0.3148814551532268,2,MHIST,-0.1262582056224346
MHIST_eqc.png,mean,0.4122350960969925,0.4287880826741457,2,MHIST,-0.016552986577153206
MHIST_eqe.png,black,0.2432791789372762,0.22155968546867366,3,MHIST,0.021719493468602552
MHIST_eqe.png,blur,0.12857238451639807,0.17937586406866704,3,MHIST,-0.050803479552268965
MHIST_eqe.png,mean,0.12074222167332964,0.1525617927312851,3,MHIST,-0.03181957105795545
MHIST_eqg.png,black,0.4223107000192006,0.5062802714606126,3,MHIST,-0.08396957144141198
MHIST_eqg.png,blur,0.3097435633341471,0.4061157887180646,3,MHIST,-0.09637222538391749
MHIST_eqg.png,mean,0.4168504277865092,0.5096355388561885,3,MHIST,-0.0927851110696793
MHIST_eqi.png,black,-0.2098243534564972,-0.2689333140850067,2,MHIST,0.05910896062850951
MHIST_eqi.png,blur,-0.28282853960990906,-0.27274996787309647,2,MHIST,-0.010078571736812592
MHIST_eqi.png,mean,-0.28199416399002075,-0.2621675997972488,2,MHIST,-0.019826564192771956
MHIST_eqj.png,black,0.181844025850296,0.35412949503709873,2,MHIST,-0.17228546918680274
MHIST_eqj.png,blur,0.2625071108341217,0.20648299542566134,2,MHIST,0.05602411540846036
MHIST_eqj.png,mean,0.29397836327552795,0.28863429576158517,2,MHIST,0.005344067513942785
MHIST_eqt.png,black,0.27621907492478687,0.24912483294804888,3,MHIST,0.027094241976737987
MHIST_eqt.png,blur,0.20098193983236948,0.14630533481637634,3,MHIST,0.05467660501599314
MHIST_eqt.png,mean,0.2280069341262181,0.21035562704006827,3,MHIST,0.017651307086149842
MHIST_equ.png,black,0.13123979171117142,0.28745635549227394,3,MHIST,-0.15621656378110252
MHIST_equ.png,blur,0.16610070069630936,0.24354102561871213,3,MHIST,-0.07744032492240277
MHIST_equ.png,mean,0.18813914060592649,0.29355101088682806,3,MHIST,-0.10541187028090157
MHIST_eqv.png,black,0.20450453956921896,0.2164316202203432,3,MHIST,-0.011927080651124244
MHIST_eqv.png,blur,0.1170921623706817,0.16294975057244296,3,MHIST,-0.045857588201761265
MHIST_eqv.png,mean,0.16627476612726846,0.20596660375595088,3,MHIST,-0.03969183762868242
MHIST_eqz.png,black,0.3147459030151367,0.3191755346953869,2,MHIST,-0.004429631680250179
MHIST_eqz.png,blur,0.14590069651603693,0.17542262921730675,2,MHIST,-0.02952193270126982
MHIST_eqz.png,mean,0.19631600379943845,0.20673976242542264,2,MHIST,-0.010423758625984186
MHIST_erd.png,black,0.11322679122289016,0.18438004155953724,3,MHIST,-0.07115325033664709
MHIST_erd.png,blur,0.10456116994221999,0.1463388363520304,3,MHIST,-0.04177766640981041
MHIST_erd.png,mean,0.10331501563390089,0.16221994658311203,3,MHIST,-0.05890493094921115
pcam_test_000000.png,black,0.14783689379692078,0.16294622421264648,1,PatchCamelyon,-0.015109330415725708
pcam_test_000000.png,blur,0.16397076845169067,0.16810056567192078,1,PatchCamelyon,-0.0041297972202301025
pcam_test_000000.png,mean,0.16568294167518616,0.1739550530910492,1,PatchCamelyon,-0.008272111415863037
pcam_test_000001.png,black,0.016626060009002686,0.007783114910125732,1,PatchCamelyon,0.008842945098876953
pcam_test_000001.png,blur,-0.03794872760772705,-0.005001187324523926,1,PatchCamelyon,-0.032947540283203125
pcam_test_000001.png,mean,-0.019802749156951904,-0.0020885467529296875,1,PatchCamelyon,-0.017714202404022217
pcam_test_000002.png,black,-0.019099831581115723,0.02715963125228882,1,PatchCamelyon,-0.04625946283340454
pcam_test_000002.png,blur,0.0037900209426879883,0.01565730571746826,1,PatchCamelyon,-0.011867284774780273
pcam_test_000002.png,mean,0.0026317834854125977,0.005868852138519287,1,PatchCamelyon,-0.0032370686531066895
pcam_test_000003.png,black,0.022484183311462402,-0.029423773288726807,1,PatchCamelyon,0.05190795660018921
pcam_test_000003.png,blur,0.030380427837371826,-0.01245570182800293,1,PatchCamelyon,0.042836129665374756
pcam_test_000003.png,mean,0.028802037239074707,-0.013568639755249023,1,PatchCamelyon,0.04237067699432373
pcam_test_000004.png,black,0.10391545295715332,0.12126421928405762,1,PatchCamelyon,-0.017348766326904297
pcam_test_000004.png,blur,0.09930211305618286,0.13310116529464722,1,PatchCamelyon,-0.033799052238464355
pcam_test_000004.png,mean,0.09540122747421265,0.12760049104690552,1,PatchCamelyon,-0.03219926357269287
pcam_test_000005.png,black,-0.014684438705444336,0.06210559606552124,1,PatchCamelyon,-0.07679003477096558
pcam_test_000005.png,blur,0.029592037200927734,0.10699552297592163,1,PatchCamelyon,-0.0774034857749939
pcam_test_000005.png,mean,0.0205763578414917,0.056608617305755615,1,PatchCamelyon,-0.036032259464263916
pcam_test_000006.png,black,0.04874664545059204,0.03991931676864624,1,PatchCamelyon,0.0088273286819458
pcam_test_000006.png,blur,0.048417866230010986,0.05558466911315918,1,PatchCamelyon,-0.007166802883148193
pcam_test_000006.png,mean,0.044658005237579346,0.055019497871398926,1,PatchCamelyon,-0.01036149263381958
pcam_test_000007.png,black,0.03541797399520874,0.03641104698181152,1,PatchCamelyon,-0.0009930729866027832
pcam_test_000007.png,blur,0.035538434982299805,0.04679381847381592,1,PatchCamelyon,-0.011255383491516113
pcam_test_000007.png,mean,0.029924392700195312,0.03678101301193237,1,PatchCamelyon,-0.0068566203117370605
pcam_test_000008.png,black,0.09957671165466309,0.08297532796859741,1,PatchCamelyon,0.016601383686065674
pcam_test_000008.png,blur,0.12036430835723877,0.1308802366256714,1,PatchCamelyon,-0.010515928268432617
pcam_test_000008.png,mean,0.10656225681304932,0.09846782684326172,1,PatchCamelyon,0.008094429969787598
pcam_test_000009.png,black,0.014799356460571289,0.00036132335662841797,1,PatchCamelyon,0.014438033103942871
pcam_test_000009.png,blur,0.13302713632583618,0.030064284801483154,1,PatchCamelyon,0.10296285152435303
pcam_test_000009.png,mean,0.11734700202941895,0.025615036487579346,1,PatchCamelyon,0.0917319655418396
pcam_test_000010.png,black,0.12462115287780762,0.11513751745223999,1,PatchCamelyon,0.009483635425567627
pcam_test_000010.png,blur,0.16835272312164307,0.16167205572128296,1,PatchCamelyon,0.006680667400360107
pcam_test_000010.png,mean,0.1565456986427307,0.13606208562850952,1,PatchCamelyon,0.02048361301422119
pcam_test_000011.png,black,0.046275585889816284,0.06568154692649841,1,PatchCamelyon,-0.01940596103668213
pcam_test_000011.png,blur,0.018796801567077637,0.02668285369873047,1,PatchCamelyon,-0.007886052131652832
pcam_test_000011.png,mean,0.022865772247314453,0.045778632164001465,1,PatchCamelyon,-0.02291285991668701
pcam_test_000012.png,black,0.12558123469352722,0.11552724242210388,1,PatchCamelyon,0.01005399227142334
pcam_test_000012.png,blur,0.08237442374229431,0.10056799650192261,1,PatchCamelyon,-0.018193572759628296
pcam_test_000012.png,mean,0.09238025546073914,0.09679535031318665,1,PatchCamelyon,-0.00441509485244751
pcam_test_000013.png,black,0.10357260704040527,0.12251037359237671,1,PatchCamelyon,-0.018937766551971436
pcam_test_000013.png,blur,0.08619120717048645,0.09063604474067688,1,PatchCamelyon,-0.00444483757019043
pcam_test_000013.png,mean,0.08490064740180969,0.09241580963134766,1,PatchCamelyon,-0.007515162229537964
pcam_test_000014.png,black,0.06974053382873535,0.09246110916137695,1,PatchCamelyon,-0.0227205753326416
pcam_test_000014.png,blur,0.126659095287323,0.17095473408699036,1,PatchCamelyon,-0.04429563879966736
pcam_test_000014.png,mean,0.10133916139602661,0.14713945984840393,1,PatchCamelyon,-0.04580029845237732
pcam_test_000015.png,black,0.05722075700759888,0.03418874740600586,1,PatchCamelyon,0.023032009601593018
pcam_test_000015.png,blur,0.09969437122344971,0.0529598593711853,1,PatchCamelyon,0.046734511852264404
pcam_test_000015.png,mean,0.08007293939590454,0.03384321928024292,1,PatchCamelyon,0.04622972011566162
pcam_test_000016.png,black,0.04993441700935364,0.04021954536437988,1,PatchCamelyon,0.009714871644973755
pcam_test_000016.png,blur,0.011756539344787598,0.03973504900932312,1,PatchCamelyon,-0.027978509664535522
pcam_test_000016.png,mean,0.023896723985671997,0.021499544382095337,1,PatchCamelyon,0.00239717960357666
pcam_test_000021.png,black,-0.04889875650405884,-0.018481314182281494,1,PatchCamelyon,-0.030417442321777344
pcam_test_000021.png,blur,-0.040880024433135986,-0.008523285388946533,1,PatchCamelyon,-0.03235673904418945
pcam_test_000021.png,mean,-0.0450747013092041,-0.030975818634033203,1,PatchCamelyon,-0.014098882675170898
pcam_test_000022.png,black,0.12952935695648193,0.12443619966506958,1,PatchCamelyon,0.0050931572914123535
pcam_test_000022.png,blur,0.12879180908203125,0.1112748384475708,1,PatchCamelyon,0.01751697063446045
pcam_test_000022.png,mean,0.1310880184173584,0.120022714138031,1,PatchCamelyon,0.011065304279327393
pcam_test_000023.png,black,0.009853065013885498,0.02450883388519287,1,PatchCamelyon,-0.014655768871307373
pcam_test_000023.png,blur,0.02374446392059326,0.03830987215042114,1,PatchCamelyon,-0.01456540822982788
pcam_test_000023.png,mean,0.020360112190246582,0.0346338152885437,1,PatchCamelyon,-0.01427370309829712
