image,label,ssa_votes,partition,tile_tissue_pct,n_empty_cells,min_cell_pct,max_cell_pct
MHIST_aaa.png,SSA,6,train,71.68,2,0.0,100.0
MHIST_aab.png,HP,0,train,96.81,0,77.87,100.0
MHIST_aac.png,SSA,5,train,53.18,4,0.0,100.0
MHIST_aad.png,SSA,7,test,56.34,1,4.78,98.47
MHIST_aae.png,HP,1,train,66.75,2,0.19,99.08
MHIST_aaf.png,SSA,5,train,84.73,0,32.3,99.81
MHIST_aag.png,HP,2,test,41.26,5,0.0,94.01
MHIST_aah.png,HP,2,test,51.43,4,0.0,100.0
MHIST_aai.png,HP,3,train,64.37,0,31.7,92.89
MHIST_aaj.png,HP,0,train,76.55,0,5.87,98.28
MHIST_aak.png,HP,2,train,80.25,0,39.67,97.0
MHIST_aal.png,SSA,5,train,61.1,2,0.0,97.86
MHIST_aam.png,HP,0,train,66.77,3,0.0,99.33
MHIST_aan.png,SSA,6,train,41.36,7,0.0,99.14
MHIST_aao.png,HP,0,train,90.62,0,62.02,99.55
MHIST_aap.png,HP,2,train,73.6,0,22.99,96.94
MHIST_aaq.png,SSA,5,test,73.51,2,0.0,99.84
MHIST_aar.png,HP,0,test,83.27,0,30.77,99.9
MHIST_aas.png,SSA,4,train,89.03,0,78.03,97.83
MHIST_aat.png,HP,0,train,77.82,1,2.49,94.74
MHIST_aau.png,HP,0,train,80.66,1,0.16,99.3
MHIST_aav.png,HP,0,train,56.25,4,0.0,99.97
MHIST_aaw.png,HP,0,train,55.55,1,0.03,88.17
MHIST_aax.png,HP,0,train,48.21,4,0.0,99.46
MHIST_aay.png,HP,1,test,73.19,1,0.0,98.79
MHIST_aaz.png,SSA,7,test,54.34,3,0.0,99.78
MHIST_aba.png,HP,0,train,70.47,2,0.0,99.81
MHIST_abb.png,SSA,7,test,43.69,3,0.0,96.75
MHIST_abc.png,HP,0,train,52.44,5,0.0,98.66
MHIST_abd.png,HP,0,train,93.02,0,42.44,99.97
MHIST_abe.png,SSA,7,test,61.95,4,0.0,98.92
MHIST_abf.png,HP,2,train,73.21,0,16.68,99.94
MHIST_abg.png,HP,0,train,44.27,5,0.03,90.98
MHIST_abh.png,SSA,4,train,81.59,0,8.51,99.33
MHIST_abi.png,SSA,6,train,64.28,3,0.0,100.0
MHIST_abj.png,HP,1,train,93.62,0,82.97,98.82
MHIST_abk.png,HP,2,train,39.32,6,0.0,91.2
MHIST_abl.png,HP,1,train,41.19,7,0.0,96.94
MHIST_abm.png,HP,0,train,91.86,0,65.72,99.9
MHIST_abn.png,HP,2,train,56.2,1,0.0,86.35
MHIST_abo.png,SSA,7,train,63.36,1,0.0,95.22
MHIST_abp.png,HP,0,train,52.38,3,0.0,96.84
MHIST_abq.png,HP,0,train,45.66,4,0.0,94.13
MHIST_abr.png,SSA,5,train,67.25,2,0.0,99.81
MHIST_abs.png,HP,2,test,80.46,0,57.59,100.0
MHIST_abt.png,SSA,7,train,80.93,0,5.2,99.97
MHIST_abu.png,HP,1,train,74.14,0,20.06,94.8
MHIST_abv.png,HP,0,train,83.31,0,14.57,100.0
MHIST_abw.png,HP,0,train,48.18,6,0.0,100.0
MHIST_abx.png,HP,0,test,63.22,3,0.0,94.87
MHIST_aby.png,HP,3,train,64.19,0,12.05,98.85
MHIST_abz.png,HP,0,train,47.39,6,0.0,99.14
MHIST_aca.png,SSA,6,train,50.14,3,0.06,94.2
MHIST_acb.png,HP,0,test,79.06,1,0.06,100.0
MHIST_acc.png,SSA,7,train,56.58,2,0.0,97.0
MHIST_acd.png,HP,0,train,62.79,2,0.0,93.75
MHIST_ace.png,SSA,4,train,39.42,0,10.01,84.63
MHIST_acf.png,SSA,4,train,66.83,2,0.0,96.59
MHIST_acg.png,HP,3,test,84.39,0,39.64,99.97
MHIST_ach.png,HP,0,train,68.47,2,0.0,97.42
MHIST_aci.png,HP,2,train,67.0,0,27.84,84.12
MHIST_acj.png,HP,0,train,44.86,8,0.0,99.84
MHIST_ack.png,HP,0,train,94.27,0,79.66,99.14
MHIST_acl.png,HP,0,train,66.02,4,0.1,97.54
MHIST_acm.png,SSA,5,train,65.26,1,0.0,99.2
MHIST_acn.png,HP,2,train,62.01,4,0.0,99.84
MHIST_aco.png,HP,3,test,53.4,4,0.03,95.41
MHIST_acp.png,SSA,7,train,49.94,5,0.0,99.9
MHIST_acq.png,HP,2,test,76.85,1,4.18,100.0
MHIST_acr.png,HP,3,train,79.34,0,15.91,98.44
MHIST_acs.png,HP,0,train,66.19,1,0.38,98.85
MHIST_act.png,HP,1,train,85.87,0,22.61,99.74
MHIST_acu.png,HP,0,train,68.68,0,11.45,99.2
MHIST_acv.png,SSA,4,train,60.35,1,0.22,95.57
MHIST_acw.png,HP,0,test,45.69,7,0.0,99.97
MHIST_acx.png,HP,1,train,88.59,0,72.48,97.54
MHIST_acy.png,HP,1,test,87.42,0,45.44,99.62
MHIST_acz.png,HP,0,train,65.24,1,3.51,99.62
MHIST_ada.png,SSA,5,train,77.64,1,4.27,99.2
MHIST_adb.png,HP,0,train,74.07,2,0.06,100.0
MHIST_adc.png,SSA,6,test,63.84,3,0.0,100.0
MHIST_add.png,HP,3,test,47.38,6,0.0,97.42
MHIST_ade.png,HP,2,train,67.26,2,0.48,98.28
MHIST_adf.png,HP,0,train,78.76,0,16.58,100.0
MHIST_adg.png,HP,0,train,95.56,0,71.24,100.0
MHIST_adh.png,HP,2,train,57.11,4,0.0,99.9
MHIST_adi.png,HP,1,train,38.19,6,0.29,93.24
MHIST_adj.png,HP,2,test,39.37,8,0.0,98.28
MHIST_adk.png,SSA,6,train,72.2,0,6.22,99.46
MHIST_adl.png,HP,3,train,87.59,0,59.82,100.0
MHIST_adm.png,HP,3,train,58.23,1,4.34,95.98
MHIST_adn.png,HP,2,train,68.15,1,0.0,99.74
MHIST_ado.png,HP,3,test,59.99,1,1.05,91.07
MHIST_adp.png,HP,0,train,83.37,0,40.34,99.84
MHIST_adq.png,HP,1,train,64.58,1,0.1,97.74
MHIST_adr.png,SSA,6,train,48.44,5,0.0,98.57
MHIST_ads.png,HP,0,train,98.46,0,94.61,99.94
MHIST_adt.png,HP,0,train,58.52,5,0.0,99.97
MHIST_adu.png,SSA,7,train,79.13,0,7.72,99.9
MHIST_adv.png,HP,0,train,85.09,0,48.41,99.62
MHIST_adw.png,HP,0,train,43.08,6,0.0,98.79
MHIST_adx.png,SSA,7,test,49.82,4,0.0,95.79
MHIST_ady.png,SSA,4,test,75.49,0,21.75,100.0
MHIST_adz.png,HP,2,train,76.73,0,29.82,96.43
MHIST_aea.png,HP,2,train,74.15,0,15.88,95.38
MHIST_aeb.png,HP,0,test,91.55,0,39.99,100.0
MHIST_aec.png,HP,2,test,68.82,1,0.22,95.44
MHIST_aed.png,SSA,4,train,69.04,1,0.1,99.14
MHIST_aee.png,HP,0,test,96.08,0,89.96,98.5
MHIST_aef.png,HP,2,train,45.22,4,0.0,98.69
MHIST_aeg.png,HP,2,train,53.82,4,0.0,99.9
MHIST_aeh.png,SSA,5,train,47.94,1,0.0,91.71
MHIST_aei.png,SSA,5,train,65.05,3,0.0,99.46
MHIST_aej.png,HP,3,test,78.52,0,63.74,87.05
MHIST_aek.png,HP,1,test,56.24,2,1.21,93.69
MHIST_ael.png,HP,1,train,46.74,4,0.1,97.7
MHIST_aem.png,HP,1,train,66.08,0,13.71,95.76
MHIST_aen.png,SSA,4,train,50.65,3,0.0,91.65
MHIST_aeo.png,HP,1,train,80.7,1,0.0,99.94
MHIST_aep.png,HP,1,test,63.13,1,0.16,97.64
MHIST_aeq.png,HP,0,test,91.01,0,83.71,98.72
MHIST_aer.png,HP,0,train,75.85,0,18.94,99.81
MHIST_aes.png,HP,2,test,79.43,0,12.09,99.3
MHIST_aet.png,SSA,7,train,60.5,2,0.0,98.28
MHIST_aeu.png,HP,1,train,67.36,1,0.06,97.96
MHIST_aev.png,HP,0,train,84.72,0,23.28,98.63
MHIST_aew.png,HP,1,train,87.66,0,19.83,98.37
MHIST_aex.png,HP,1,train,51.42,4,0.13,95.85
MHIST_aey.png,HP,2,train,42.9,6,0.0,99.65
MHIST_aez.png,HP,1,test,55.42,3,0.0,97.67
MHIST_afa.png,HP,2,train,79.92,2,0.0,99.87
MHIST_afb.png,HP,3,train,53.65,3,0.86,88.68
MHIST_afc.png,HP,3,test,48.87,0,6.82,98.6
MHIST_afd.png,HP,1,train,63.97,2,0.0,97.48
MHIST_afe.png,HP,1,train,62.83,2,0.0,99.87
MHIST_aff.png,SSA,7,test,56.89,3,0.0,98.28
MHIST_afg.png,HP,1,test,53.25,5,0.0,100.0
MHIST_afh.png,HP,0,train,75.8,1,0.0,98.76
MHIST_afi.png,SSA,4,train,67.16,0,7.97,93.85
MHIST_afj.png,HP,1,train,81.71,0,14.41,95.15
MHIST_afk.png,HP,2,train,61.87,3,0.13,94.16
MHIST_afl.png,HP,0,train,60.95,4,0.0,98.63
MHIST_afm.png,HP,2,test,80.26,0,45.63,100.0
MHIST_afn.png,HP,0,test,37.95,7,0.0,95.18
MHIST_afo.png,HP,3,test,60.82,1,0.0,99.33
MHIST_afp.png,HP,1,train,50.41,5,0.1,99.59
MHIST_afq.png,SSA,6,train,46.13,7,0.0,99.9
MHIST_afr.png,HP,1,train,67.84,3,0.0,98.88
MHIST_afs.png,HP,1,test,70.0,2,0.0,99.97
MHIST_aft.png,SSA,6,train,88.17,0,30.93,100.0
MHIST_afu.png,HP,1,train,81.36,0,11.07,95.92
MHIST_afv.png,HP,3,train,59.28,0,6.47,97.13
MHIST_afw.png,HP,1,train,50.06,3,0.13,88.11
MHIST_afx.png,HP,1,train,96.7,0,93.11,99.55
MHIST_afy.png,HP,1,train,43.11,7,0.0,98.88
MHIST_afz.png,HP,0,train,98.34,0,92.44,99.84
MHIST_aga.png,HP,1,train,48.94,3,0.1,92.06
MHIST_agb.png,SSA,7,test,80.56,1,3.67,99.97
MHIST_agc.png,HP,2,train,50.54,4,0.0,98.25
MHIST_agd.png,SSA,7,test,66.03,1,0.32,99.23
MHIST_age.png,SSA,6,train,66.12,1,0.0,99.71
MHIST_agf.png,SSA,6,train,52.75,4,0.0,100.0
MHIST_agg.png,HP,2,train,72.77,0,34.47,96.59
MHIST_agh.png,HP,2,test,91.23,0,75.51,99.97
MHIST_agi.png,SSA,6,test,75.24,1,0.0,100.0
MHIST_agj.png,SSA,6,train,57.44,2,0.0,99.68
MHIST_agk.png,HP,1,test,87.64,0,69.45,97.42
MHIST_agl.png,HP,2,train,73.81,0,21.21,98.12
MHIST_agm.png,HP,2,train,92.48,0,70.22,99.87
MHIST_agn.png,HP,1,train,54.79,4,0.06,99.43
MHIST_ago.png,HP,2,train,44.99,5,0.0,99.2
MHIST_agp.png,HP,3,train,42.76,7,0.0,95.06
MHIST_agq.png,HP,1,train,72.5,1,1.31,99.68
MHIST_agr.png,HP,1,train,59.8,4,0.0,99.78
MHIST_ags.png,SSA,7,train,58.52,2,0.0,98.79
MHIST_agt.png,HP,1,train,74.34,0,33.8,93.46
MHIST_agu.png,SSA,7,test,64.45,4,0.0,100.0
MHIST_agv.png,HP,1,train,68.66,1,0.06,95.63
MHIST_agw.png,HP,1,train,80.55,0,35.91,99.74
MHIST_agx.png,HP,1,train,43.31,6,0.0,96.05
MHIST_agy.png,HP,3,test,87.07,0,51.95,99.23
MHIST_agz.png,HP,1,train,82.48,0,7.02,100.0
MHIST_aha.png,SSA,5,test,75.12,0,9.66,99.33
MHIST_ahb.png,SSA,4,test,54.17,3,0.06,93.02
MHIST_ahc.png,SSA,6,train,56.82,1,0.57,99.78
MHIST_ahd.png,HP,0,test,49.74,4,0.0,98.57
MHIST_ahe.png,HP,0,train,38.47,7,0.0,91.39
MHIST_ahf.png,HP,0,train,91.93,0,58.86,99.62
MHIST_ahg.png,HP,0,train,63.48,1,0.35,100.0
MHIST_ahh.png,SSA,5,train,74.91,0,21.52,100.0
MHIST_ahi.png,HP,1,train,64.74,2,0.0,98.98
MHIST_ahj.png,HP,2,train,81.23,0,50.03,94.96
MHIST_ahk.png,SSA,7,train,92.03,0,41.8,99.68
MHIST_ahl.png,SSA,4,train,71.95,0,20.31,99.78
MHIST_ahm.png,HP,2,train,66.04,2,0.19,99.2
MHIST_ahn.png,HP,1,train,87.68,0,31.92,98.57
MHIST_aho.png,HP,1,test,94.16,0,73.92,100.0
MHIST_ahp.png,HP,0,train,37.89,5,0.1,89.32
MHIST_ahq.png,SSA,5,test,81.12,0,29.11,99.84
MHIST_ahr.png,SSA,5,test,81.48,0,16.36,100.0
MHIST_ahs.png,HP,0,train,45.19,1,0.45,92.09
MHIST_aht.png,HP,0,train,43.2,7,0.0,99.94
MHIST_ahu.png,SSA,6,train,69.53,1,0.29,95.73
MHIST_ahv.png,HP,3,train,83.69,0,57.17,98.37
MHIST_ahw.png,HP,1,test,75.02,2,0.0,99.94
MHIST_ahx.png,HP,1,train,71.83,1,0.0,93.88
MHIST_ahy.png,HP,1,train,57.35,5,0.0,99.71
MHIST_ahz.png,SSA,7,train,76.61,0,9.82,98.31
MHIST_aia.png,SSA,5,train,46.37,5,0.0,99.17
MHIST_aib.png,HP,1,train,79.72,0,44.32,98.57
MHIST_aic.png,HP,3,train,52.09,1,0.0,89.92
MHIST_aid.png,HP,1,train,58.09,4,0.0,98.31
MHIST_aie.png,HP,1,test,76.82,0,49.68,89.16
MHIST_aif.png,HP,1,test,82.03,0,41.23,99.04
MHIST_aig.png,HP,1,train,74.38,0,22.7,97.86
MHIST_aih.png,SSA,4,train,65.75,0,11.1,99.97
MHIST_aii.png,HP,2,train,97.17,0,89.89,99.81
MHIST_aij.png,SSA,7,train,79.95,0,39.45,99.62
MHIST_aik.png,HP,3,train,62.73,3,0.0,99.74
MHIST_ail.png,SSA,7,train,56.5,2,0.0,98.18
MHIST_aim.png,HP,1,test,91.09,0,83.61,99.46
MHIST_ain.png,SSA,4,test,54.73,3,0.0,97.42
MHIST_aio.png,HP,1,train,82.4,0,25.41,96.27
MHIST_aip.png,SSA,4,train,51.0,2,0.0,97.16
MHIST_aiq.png,SSA,6,train,72.16,0,13.27,99.71
MHIST_air.png,HP,0,train,66.23,2,0.16,90.24
MHIST_ais.png,SSA,7,test,65.07,0,8.96,99.97
MHIST_ait.png,HP,2,train,85.54,0,69.42,99.17
MHIST_aiu.png,SSA,7,train,63.15,3,0.0,99.97
MHIST_aiv.png,HP,0,train,80.38,0,22.32,99.49
MHIST_aiw.png,HP,3,train,77.02,0,20.15,98.31
MHIST_aix.png,HP,1,train,85.22,0,46.88,96.36
MHIST_aiy.png,HP,1,train,65.3,1,0.0,99.62
MHIST_aiz.png,HP,1,train,59.36,2,0.03,99.97
MHIST_aja.png,HP,3,train,54.74,3,0.67,93.3
MHIST_ajb.png,HP,2,train,86.87,0,59.53,99.97
MHIST_ajc.png,SSA,7,test,73.86,1,0.06,99.59
MHIST_ajd.png,SSA,5,test,63.32,2,0.0,98.12
MHIST_aje.png,HP,2,train,78.74,0,5.58,99.84
MHIST_ajf.png,SSA,7,train,96.37,0,82.59,100.0
MHIST_ajg.png,HP,2,train,73.08,1,3.99,98.44
MHIST_ajh.png,HP,2,train,86.86,0,18.72,99.97
MHIST_aji.png,SSA,7,train,60.95,0,30.96,87.18
MHIST_ajj.png,HP,0,train,39.69,8,0.0,99.3
MHIST_ajk.png,SSA,4,train,75.09,0,25.48,99.97
MHIST_ajl.png,HP,0,train,89.23,0,62.09,99.97
MHIST_ajm.png,HP,0,train,53.5,3,0.22,98.02
MHIST_ajn.png,SSA,7,test,52.28,2,0.0,97.7
MHIST_ajo.png,HP,0,test,70.46,0,23.41,97.86
MHIST_ajp.png,HP,2,test,54.33,3,0.0,93.91
MHIST_ajq.png,HP,3,train,87.93,0,55.33,99.39
MHIST_ajr.png,SSA,7,train,58.59,1,0.0,91.01
MHIST_ajs.png,HP,1,train,62.04,3,0.0,95.76
MHIST_ajt.png,HP,1,train,80.49,1,0.51,100.0
MHIST_aju.png,HP,3,test,60.6,2,0.0,99.23
MHIST_ajv.png,HP,1,train,78.96,0,25.29,99.33
MHIST_ajw.png,SSA,4,train,66.5,3,0.0,99.97
MHIST_ajx.png,SSA,4,train,54.97,4,0.0,90.5
MHIST_ajy.png,HP,1,test,62.13,2,0.0,98.15
MHIST_ajz.png,HP,3,test,62.59,1,0.0,93.4
MHIST_aka.png,HP,1,train,52.81,5,0.0,99.94
MHIST_akb.png,HP,3,train,91.73,0,56.51,99.94
MHIST_akc.png,HP,1,test,40.18,8,0.0,99.87
MHIST_akd.png,SSA,7,test,49.97,6,0.0,100.0
MHIST_ake.png,SSA,7,train,42.61,6,0.0,99.36
MHIST_akf.png,HP,2,train,84.07,0,31.54,99.62
MHIST_akg.png,HP,1,train,51.9,6,0.0,99.74
MHIST_akh.png,HP,3,train,82.02,0,36.22,100.0
MHIST_aki.png,SSA,5,test,49.88,3,0.32,93.14
MHIST_akj.png,HP,0,train,45.34,4,0.0,96.78
MHIST_akk.png,SSA,6,test,42.84,5,0.0,99.71
MHIST_akl.png,SSA,5,test,75.3,0,26.31,99.23
MHIST_akm.png,SSA,6,train,66.84,2,2.3,99.46
MHIST_akn.png,SSA,6,test,61.16,2,0.06,97.07
MHIST_ako.png,HP,2,train,76.74,0,44.04,95.63
MHIST_akp.png,HP,3,test,52.02,4,0.03,98.41
MHIST_akq.png,SSA,4,train,64.95,2,0.03,99.81
MHIST_akr.png,SSA,5,train,48.56,4,0.0,99.08
MHIST_aks.png,SSA,4,train,61.23,2,0.0,98.47
MHIST_akt.png,HP,1,train,89.11,0,71.36,97.13
MHIST_aku.png,HP,1,train,72.28,0,25.7,94.58
MHIST_akv.png,SSA,4,test,59.38,2,0.06,97.42
MHIST_akw.png,SSA,4,train,54.53,3,0.0,96.08
MHIST_akx.png,SSA,6,test,81.43,0,14.73,99.9
MHIST_aky.png,SSA,6,test,47.26,5,0.0,99.3
MHIST_akz.png,HP,1,train,95.88,0,65.21,100.0
MHIST_ala.png,SSA,7,train,94.44,0,84.15,100.0
MHIST_alb.png,HP,1,train,66.73,2,0.0,99.78
MHIST_alc.png,HP,0,test,88.13,0,75.57,94.71
MHIST_ald.png,HP,0,train,50.69,5,0.0,99.84
MHIST_ale.png,SSA,6,test,45.45,5,0.0,95.79
MHIST_alf.png,HP,0,train,48.19,6,0.0,99.62
MHIST_alg.png,HP,2,test,78.64,0,46.75,94.87
MHIST_alh.png,HP,3,train,91.99,0,60.2,99.97
MHIST_ali.png,HP,1,test,83.79,0,49.65,99.55
MHIST_alj.png,HP,1,train,70.92,0,28.83,94.32
MHIST_alk.png,HP,0,train,82.48,0,24.01,98.85
MHIST_all.png,HP,3,train,53.06,4,0.0,94.23
MHIST_alm.png,HP,0,train,74.0,1,0.1,99.9
MHIST_aln.png,SSA,5,train,62.35,2,0.0,97.48
MHIST_alo.png,HP,1,test,44.86,6,0.0,99.84
MHIST_alp.png,HP,0,train,73.05,2,0.0,99.2
MHIST_alq.png,HP,3,train,65.35,0,7.43,98.69
MHIST_alr.png,HP,0,test,44.52,5,0.0,98.21
MHIST_als.png,HP,3,test,57.81,3,0.03,99.23
MHIST_alt.png,HP,0,test,48.78,4,0.03,97.58
MHIST_alu.png,HP,3,train,64.72,2,0.0,100.0
MHIST_alv.png,HP,2,test,58.18,3,0.03,96.08
MHIST_alw.png,SSA,7,train,53.85,3,0.0,97.42
MHIST_alx.png,HP,0,train,93.87,0,70.15,100.0
MHIST_aly.png,HP,2,train,58.93,0,12.76,97.13
MHIST_alz.png,HP,0,train,95.92,0,88.84,99.65
MHIST_ama.png,HP,0,train,61.22,4,0.0,99.87
MHIST_amb.png,HP,2,train,53.91,4,0.0,99.71
MHIST_amc.png,HP,3,train,85.8,0,58.74,98.95
MHIST_amd.png,HP,1,train,88.42,0,40.59,99.59
MHIST_ame.png,HP,1,test,58.45,4,0.22,98.82
MHIST_amf.png,HP,3,train,79.41,1,0.0,99.9
MHIST_amg.png,SSA,6,train,52.4,3,0.03,89.76
MHIST_amh.png,HP,0,train,87.27,0,17.98,99.23
MHIST_ami.png,HP,0,test,53.64,1,0.0,97.42
MHIST_amj.png,SSA,6,train,54.44,4,0.0,99.87
MHIST_amk.png,HP,0,train,55.71,4,0.16,95.73
MHIST_aml.png,HP,0,train,72.46,0,7.08,97.7
MHIST_amm.png,SSA,5,test,88.88,0,32.43,99.94
MHIST_amn.png,HP,0,train,98.63,0,94.01,100.0
MHIST_amo.png,HP,1,test,71.06,2,0.0,100.0
MHIST_amp.png,HP,2,train,80.88,0,29.11,96.33
MHIST_amq.png,HP,1,test,69.88,2,0.0,99.9
MHIST_amr.png,HP,2,train,78.36,0,6.76,95.89
MHIST_ams.png,HP,1,train,74.95,1,0.06,99.68
MHIST_amt.png,HP,3,train,53.02,3,0.06,96.33
MHIST_amu.png,HP,2,train,72.04,2,0.13,99.04
MHIST_amv.png,SSA,6,test,90.69,0,31.51,100.0
MHIST_amw.png,HP,1,test,77.77,0,42.06,93.75
MHIST_amx.png,HP,1,train,48.67,4,0.16,98.76
MHIST_amy.png,HP,2,train,60.63,0,16.68,89.73
MHIST_amz.png,HP,1,test,77.19,0,62.85,93.11
MHIST_ana.png,HP,0,test,49.88,3,0.0,99.62
MHIST_anb.png,HP,0,train,58.62,4,0.0,98.25
MHIST_anc.png,SSA,4,test,65.43,1,1.53,99.97
MHIST_and.png,HP,0,test,54.97,3,0.0,96.36
MHIST_ane.png,HP,3,test,57.78,1,0.0,93.56
MHIST_anf.png,HP,0,train,57.75,4,0.0,97.39
MHIST_ang.png,HP,1,train,85.61,0,52.71,95.73
MHIST_anh.png,SSA,4,train,52.17,4,0.03,95.18
MHIST_ani.png,HP,1,train,65.34,0,5.13,99.17
MHIST_anj.png,HP,0,train,53.79,4,0.0,98.79
MHIST_ank.png,HP,1,test,86.23,0,30.8,99.52
MHIST_anl.png,HP,0,train,91.5,0,40.56,99.9
MHIST_anm.png,SSA,6,test,84.58,0,11.29,99.97
MHIST_ann.png,SSA,6,test,60.24,3,0.0,97.03
MHIST_ano.png,SSA,5,test,49.21,3,0.1,93.37
MHIST_anp.png,SSA,6,train,52.63,4,0.0,99.94
MHIST_anq.png,HP,0,train,88.92,0,18.05,99.33
MHIST_anr.png,HP,2,test,81.11,0,24.17,100.0
MHIST_ans.png,SSA,6,test,73.12,0,20.18,94.42
MHIST_ant.png,HP,2,test,77.42,0,19.8,99.74
MHIST_anu.png,HP,1,train,71.78,0,29.97,91.74
MHIST_anv.png,HP,0,train,56.31,4,0.0,99.14
MHIST_anw.png,SSA,6,test,59.84,2,0.0,98.63
MHIST_anx.png,SSA,6,train,48.95,5,0.0,99.17
MHIST_any.png,HP,0,train,49.56,4,0.0,99.87
MHIST_anz.png,SSA,6,train,81.92,0,43.75,100.0
MHIST_aoa.png,HP,0,train,85.43,0,43.59,93.53
MHIST_aob.png,HP,1,train,93.26,0,66.39,100.0
MHIST_aoc.png,SSA,6,train,56.02,4,0.0,99.65
MHIST_aod.png,HP,0,test,60.17,1,1.53,97.99
MHIST_aoe.png,HP,1,train,72.53,0,9.85,98.09
MHIST_aof.png,HP,0,train,67.6,3,0.16,97.61
MHIST_aog.png,SSA,6,train,45.95,4,1.12,95.15
MHIST_aoh.png,SSA,6,train,64.58,3,0.06,99.94
MHIST_aoi.png,SSA,6,train,63.39,1,0.0,99.87
MHIST_aoj.png,SSA,6,train,63.43,2,0.03,98.85
MHIST_aok.png,HP,0,train,36.05,7,0.06,95.76
MHIST_aol.png,HP,3,test,74.12,0,10.2,100.0
MHIST_aom.png,HP,1,train,41.12,5,0.0,90.53
MHIST_aon.png,HP,1,train,58.15,2,0.0,96.4
MHIST_aoo.png,SSA,4,test,46.57,4,0.0,99.27
MHIST_aop.png,HP,1,test,82.54,0,66.14,98.18
MHIST_aoq.png,HP,0,train,99.38,0,98.34,99.97
MHIST_aor.png,SSA,6,train,55.9,5,0.0,94.93
MHIST_aos.png,HP,0,train,92.52,0,75.96,98.21
MHIST_aot.png,HP,2,train,87.58,0,63.68,99.43
MHIST_aou.png,HP,0,train,41.2,6,0.0,98.09
MHIST_aov.png,HP,1,train,57.52,1,0.0,92.12
MHIST_aow.png,SSA,5,test,67.93,2,0.0,99.97
MHIST_aox.png,HP,2,train,40.85,6,0.0,95.31
MHIST_aoy.png,HP,0,train,86.84,0,56.25,99.97
MHIST_aoz.png,HP,1,train,52.77,5,0.0,97.32
MHIST_apa.png,HP,0,test,45.75,5,0.0,92.89
MHIST_apb.png,HP,1,train,89.33,0,54.56,97.7
MHIST_apc.png,SSA,4,test,77.74,0,20.28,99.2
MHIST_apd.png,HP,0,train,84.21,0,19.32,99.97
MHIST_ape.png,HP,1,train,56.8,4,0.0,97.54
MHIST_apf.png,HP,0,train,42.0,8,0.0,99.87
MHIST_apg.png,HP,3,train,60.48,2,0.0,95.12
MHIST_aph.png,HP,3,train,86.22,0,62.56,96.17
MHIST_api.png,HP,1,train,69.65,2,0.03,98.85
MHIST_apj.png,HP,3,train,54.3,3,0.0,97.7
MHIST_apk.png,HP,2,test,50.0,5,0.0,96.01
MHIST_apl.png,HP,2,train,89.92,0,69.42,97.03
MHIST_apm.png,SSA,6,test,66.7,1,3.57,99.94
MHIST_apn.png,SSA,6,train,75.82,1,1.34,97.54
MHIST_apo.png,HP,3,train,71.14,1,0.0,98.76
MHIST_app.png,HP,0,train,51.7,2,0.38,98.76
MHIST_apq.png,HP,2,train,88.74,0,63.65,98.09
MHIST_apr.png,HP,1,train,42.38,7,0.0,95.47
MHIST_aps.png,HP,2,test,49.94,5,0.0,99.39
MHIST_apt.png,SSA,4,train,67.82,0,14.89,95.63
MHIST_apu.png,SSA,6,test,72.92,0,5.13,100.0
MHIST_apv.png,SSA,6,train,63.93,2,0.06,94.67
MHIST_apw.png,HP,2,train,49.17,4,0.0,94.96
MHIST_apx.png,HP,1,train,44.6,6,0.0,95.73
MHIST_apy.png,HP,3,train,77.16,0,35.11,98.15
MHIST_apz.png,SSA,5,train,88.02,0,46.52,100.0
MHIST_aqa.png,HP,1,train,56.45,2,0.0,99.36
MHIST_aqb.png,SSA,5,train,80.87,0,62.6,98.09
MHIST_aqc.png,HP,1,train,53.79,3,0.0,95.92
MHIST_aqd.png,SSA,6,train,62.16,1,0.32,94.77
MHIST_aqe.png,HP,0,train,58.23,4,0.0,99.49
MHIST_aqf.png,SSA,5,train,69.47,0,15.88,95.38
MHIST_aqg.png,HP,2,train,44.84,5,0.0,91.93
MHIST_aqh.png,SSA,4,test,49.79,4,0.0,93.02
MHIST_aqi.png,SSA,7,test,70.87,2,0.0,99.94
MHIST_aqj.png,HP,3,test,56.82,2,0.0,90.98
MHIST_aqk.png,SSA,5,test,65.68,0,7.08,99.94
MHIST_aql.png,HP,3,train,56.85,2,0.0,90.85
MHIST_aqm.png,HP,3,test,57.89,3,0.0,97.48
MHIST_aqn.png,HP,2,train,43.16,5,0.03,97.39
MHIST_aqo.png,HP,2,train,64.12,2,0.06,94.39
MHIST_aqp.png,SSA,4,train,79.2,0,21.17,98.12
MHIST_aqq.png,HP,2,train,60.09,5,0.0,99.65
MHIST_aqr.png,SSA,6,test,47.33,4,0.0,97.1
MHIST_aqs.png,SSA,6,train,56.52,3,0.0,99.9
MHIST_aqt.png,HP,0,train,95.91,0,83.83,100.0
MHIST_aqu.png,HP,3,train,82.0,0,57.17,98.09
MHIST_aqv.png,SSA,6,test,72.14,0,13.58,97.67
MHIST_aqw.png,HP,3,train,77.94,0,42.89,98.92
MHIST_aqx.png,SSA,5,train,53.23,3,0.0,98.72
MHIST_aqy.png,HP,1,test,62.53,2,0.0,99.33
MHIST_aqz.png,HP,3,train,50.99,3,0.0,99.65
MHIST_ara.png,HP,3,train,58.61,1,2.14,95.22
MHIST_arb.png,HP,2,train,67.06,1,0.26,97.7
MHIST_arc.png,HP,1,train,55.35,5,0.0,99.94
MHIST_ard.png,SSA,5,train,66.75,0,8.16,96.81
MHIST_are.png,HP,1,train,93.61,0,66.9,99.71
MHIST_arf.png,SSA,7,test,54.88,4,0.0,99.27
MHIST_arg.png,HP,1,train,48.18,6,0.0,100.0
MHIST_arh.png,HP,0,train,71.79,1,0.29,97.58
MHIST_ari.png,HP,0,train,98.65,0,85.52,99.97
MHIST_arj.png,HP,0,train,87.1,0,24.71,99.97
MHIST_ark.png,HP,2,train,73.11,0,13.52,92.25
MHIST_arl.png,HP,2,train,51.48,4,0.0,99.81
MHIST_arm.png,HP,1,train,63.95,1,0.06,98.76
MHIST_arn.png,SSA,6,train,58.62,3,0.0,99.14
MHIST_aro.png,HP,0,train,44.88,6,0.0,99.62
MHIST_arp.png,SSA,6,test,64.98,3,0.06,99.65
MHIST_arq.png,HP,1,test,93.28,0,89.13,96.78
MHIST_arr.png,HP,1,train,66.23,2,0.19,98.69
MHIST_ars.png,SSA,4,train,54.83,3,0.0,91.77
MHIST_art.png,HP,2,train,46.66,5,0.0,93.59
MHIST_aru.png,HP,1,train,66.11,3,0.19,91.42
MHIST_arv.png,HP,3,train,77.85,1,0.1,99.65
MHIST_arw.png,SSA,7,test,54.16,4,0.0,100.0
MHIST_arx.png,HP,0,train,64.54,3,0.06,99.65
MHIST_ary.png,HP,0,train,96.67,0,75.45,100.0
MHIST_arz.png,HP,2,train,43.34,3,0.41,89.29
MHIST_asa.png,HP,2,test,58.45,3,0.0,98.31
MHIST_asb.png,SSA,7,test,57.8,3,0.0,100.0
MHIST_asc.png,SSA,5,test,51.15,4,0.0,99.84
MHIST_asd.png,SSA,5,test,71.94,2,0.0,99.01
MHIST_ase.png,HP,3,test,53.89,5,0.0,99.97
MHIST_asf.png,HP,2,train,43.03,7,0.0,97.39
MHIST_asg.png,HP,1,test,61.16,5,0.0,100.0
MHIST_ash.png,SSA,6,test,67.21,1,4.56,100.0
MHIST_asi.png,HP,2,test,65.35,1,0.0,100.0
MHIST_asj.png,HP,1,train,44.9,4,0.0,95.85
MHIST_ask.png,HP,0,train,70.81,1,0.16,97.32
MHIST_asl.png,HP,3,train,50.48,2,0.06,84.12
MHIST_asm.png,HP,1,train,43.09,5,0.0,92.76
MHIST_asn.png,HP,0,train,57.17,4,0.0,95.6
MHIST_aso.png,HP,1,test,60.51,4,0.0,98.79
MHIST_asp.png,HP,1,train,53.76,1,3.92,99.33
MHIST_asq.png,HP,2,train,64.52,2,0.0,98.34
MHIST_asr.png,HP,1,train,88.32,0,26.47,99.94
MHIST_ass.png,HP,1,train,49.51,2,0.0,92.47
MHIST_ast.png,HP,2,train,43.12,6,0.0,99.52
MHIST_asu.png,HP,1,test,55.97,3,0.0,99.23
MHIST_asv.png,HP,2,train,96.09,0,76.53,99.97
MHIST_asw.png,HP,1,test,47.75,5,0.06,98.41
MHIST_asx.png,SSA,6,train,63.7,2,0.48,99.55
MHIST_asy.png,HP,0,train,77.99,0,28.6,92.63
MHIST_asz.png,HP,2,train,72.74,0,15.88,91.58
MHIST_ata.png,SSA,5,test,45.51,6,0.0,97.86
MHIST_atb.png,HP,1,test,66.08,3,0.0,98.98
MHIST_atc.png,HP,1,train,89.0,0,43.97,100.0
MHIST_atd.png,HP,0,test,94.46,0,75.45,100.0
MHIST_ate.png,SSA,6,train,64.2,1,0.06,97.83
MHIST_atf.png,HP,3,train,78.62,0,53.51,94.8
MHIST_atg.png,HP,1,train,53.41,4,0.0,95.92
MHIST_ath.png,HP,0,test,59.74,2,0.83,97.35
MHIST_ati.png,HP,1,train,71.4,1,3.22,97.93
MHIST_atj.png,SSA,4,train,57.98,3,0.0,97.48
MHIST_atk.png,SSA,6,train,60.93,2,0.03,98.82
MHIST_atl.png,HP,1,train,59.28,3,0.0,99.49
MHIST_atm.png,HP,3,train,52.36,4,0.0,99.84
MHIST_atn.png,HP,3,train,48.41,3,0.0,98.53
MHIST_ato.png,SSA,5,test,73.47,1,0.03,99.78
MHIST_atp.png,HP,1,train,83.08,0,36.0,99.9
MHIST_atq.png,HP,2,test,43.76,6,0.0,94.01
MHIST_atr.png,HP,0,train,71.5,1,0.1,99.62
MHIST_ats.png,HP,0,train,60.62,3,0.0,99.84
MHIST_att.png,HP,0,train,87.03,0,38.97,99.87
MHIST_atu.png,HP,0,test,84.69,0,42.32,93.56
MHIST_atv.png,HP,1,train,75.8,0,47.67,95.12
MHIST_atw.png,HP,2,train,81.5,0,24.94,98.15
MHIST_atx.png,HP,3,train,91.17,0,69.58,98.25
MHIST_aty.png,HP,2,test,44.43,4,0.0,97.67
MHIST_atz.png,HP,2,train,66.89,1,0.03,98.92
MHIST_aua.png,SSA,4,test,83.02,0,10.04,100.0
MHIST_aub.png,HP,1,test,51.25,5,0.0,99.81
MHIST_auc.png,HP,1,test,47.91,5,0.0,99.55
MHIST_aud.png,HP,0,train,93.83,0,85.14,99.52
MHIST_aue.png,HP,0,train,61.82,1,0.22,99.65
MHIST_auf.png,HP,1,train,48.05,6,0.0,96.56
MHIST_aug.png,HP,3,test,53.57,3,0.0,97.39
MHIST_auh.png,SSA,6,test,48.81,3,0.0,99.46
MHIST_aui.png,SSA,5,train,63.73,2,0.0,98.72
MHIST_auj.png,HP,0,train,48.98,4,0.0,99.65
MHIST_auk.png,HP,1,test,65.77,2,0.0,98.21
MHIST_aul.png,HP,0,train,94.3,0,88.46,98.09
MHIST_aum.png,HP,2,train,58.84,1,0.26,86.67
MHIST_aun.png,HP,1,train,45.42,4,0.0,99.39
MHIST_auo.png,HP,0,train,75.09,1,2.93,97.16
MHIST_aup.png,HP,0,train,70.38,2,0.41,99.87
MHIST_auq.png,SSA,4,train,80.54,1,0.03,99.74
MHIST_aur.png,HP,0,train,79.62,0,57.91,89.96
MHIST_aus.png,HP,2,test,57.59,4,0.0,96.08
MHIST_aut.png,HP,3,test,76.03,0,10.52,98.53
MHIST_auu.png,SSA,4,test,90.58,0,53.35,100.0
MHIST_auv.png,SSA,4,train,86.36,0,50.45,98.05
MHIST_auw.png,SSA,5,test,57.02,3,0.0,99.9
MHIST_aux.png,HP,3,test,58.43,4,0.0,99.59
MHIST_auy.png,HP,0,test,83.73,0,35.87,99.2
MHIST_auz.png,HP,0,train,91.75,0,72.9,99.23
MHIST_ava.png,HP,0,train,73.3,1,0.0,99.11
MHIST_avb.png,HP,0,train,66.85,2,0.0,99.87
MHIST_avc.png,HP,0,train,79.65,1,0.0,99.97
MHIST_avd.png,HP,1,test,92.36,0,85.04,98.79
MHIST_ave.png,SSA,4,test,53.43,4,0.0,97.32
MHIST_avf.png,HP,0,test,96.24,0,80.26,99.55
MHIST_avg.png,HP,0,test,68.36,1,4.02,100.0
MHIST_avh.png,SSA,4,train,87.37,0,63.9,99.14
MHIST_avi.png,SSA,5,train,55.76,2,0.0,98.72
MHIST_avj.png,HP,0,train,93.33,0,89.51,96.62
MHIST_avk.png,HP,1,train,63.22,2,0.0,99.84
MHIST_avl.png,HP,0,train,88.53,0,63.04,100.0
MHIST_avm.png,HP,0,train,64.56,3,0.0,99.65
MHIST_avn.png,HP,0,train,73.49,0,18.3,100.0
MHIST_avo.png,HP,1,train,48.08,4,0.0,100.0
MHIST_avp.png,SSA,6,test,52.78,3,0.0,97.07
MHIST_avq.png,SSA,4,train,53.05,3,0.0,97.74
MHIST_avr.png,SSA,6,train,78.27,0,20.98,99.71
MHIST_avs.png,HP,2,train,47.28,5,0.03,92.35
MHIST_avt.png,HP,1,train,59.86,3,0.19,97.58
MHIST_avu.png,HP,0,train,76.99,0,6.51,100.0
MHIST_avv.png,SSA,6,train,85.97,1,0.73,100.0
MHIST_avw.png,HP,2,test,56.8,3,0.0,99.2
MHIST_avx.png,HP,2,test,76.23,0,21.81,98.28
MHIST_avy.png,HP,3,train,43.73,6,0.0,99.94
MHIST_avz.png,HP,2,test,89.43,0,54.43,100.0
MHIST_awa.png,HP,1,train,66.28,1,0.0,99.97
MHIST_awb.png,HP,2,train,59.52,4,0.0,99.2
MHIST_awc.png,HP,0,train,96.62,0,87.91,99.23
MHIST_awd.png,HP,2,train,40.12,7,0.0,96.3
MHIST_awe.png,HP,0,train,68.95,1,0.0,96.91
MHIST_awf.png,HP,2,train,76.17,0,47.39,95.28
MHIST_awg.png,SSA,4,train,74.18,1,0.0,97.58
MHIST_awh.png,HP,0,test,92.87,0,80.01,99.94
MHIST_awi.png,HP,2,train,75.6,0,17.92,96.43
MHIST_awj.png,SSA,6,train,68.93,1,0.48,98.95
MHIST_awk.png,SSA,4,test,56.31,3,0.0,99.2
MHIST_awl.png,HP,2,train,91.49,0,63.62,99.87
MHIST_awm.png,HP,2,test,76.39,0,7.21,92.89
MHIST_awn.png,SSA,5,train,52.25,5,0.0,97.9
MHIST_awo.png,SSA,6,train,47.87,4,0.0,94.1
MHIST_awp.png,HP,3,train,48.44,3,0.0,93.46
MHIST_awq.png,HP,3,train,50.1,4,0.0,91.65
MHIST_awr.png,HP,2,train,47.9,5,0.03,93.91
MHIST_aws.png,HP,0,train,87.18,0,10.65,99.74
MHIST_awt.png,HP,0,train,55.85,3,0.0,98.31
MHIST_awu.png,HP,1,test,64.55,3,0.0,100.0
MHIST_awv.png,HP,0,train,88.9,0,29.72,100.0
MHIST_aww.png,SSA,6,train,69.4,2,0.0,98.25
MHIST_awx.png,HP,0,train,50.97,4,0.38,91.74
MHIST_awy.png,HP,2,train,78.5,0,29.34,95.22
MHIST_awz.png,HP,2,test,73.1,0,6.57,96.88
MHIST_axa.png,SSA,6,train,62.81,3,0.0,100.0
MHIST_axb.png,SSA,6,test,59.65,1,1.4,99.43
MHIST_axc.png,HP,0,test,83.48,0,54.5,99.36
MHIST_axd.png,SSA,4,train,69.17,2,0.0,99.78
MHIST_axe.png,HP,3,train,76.42,0,43.78,99.49
MHIST_axf.png,HP,0,train,70.3,0,34.57,88.58
MHIST_axg.png,SSA,6,test,72.26,0,7.81,99.84
MHIST_axh.png,SSA,5,train,53.2,3,0.0,91.01
MHIST_axi.png,HP,0,train,65.89,2,0.22,94.29
MHIST_axj.png,SSA,4,test,52.5,4,0.0,95.73
MHIST_axk.png,HP,0,train,70.64,1,1.12,96.11
MHIST_axl.png,HP,2,train,45.04,3,0.0,97.0
MHIST_axm.png,HP,0,test,93.74,0,78.67,99.43
MHIST_axn.png,HP,2,train,86.58,0,62.63,100.0
MHIST_axo.png,HP,0,train,61.31,3,0.0,99.84
MHIST_axp.png,SSA,6,train,67.64,1,0.0,98.41
MHIST_axq.png,HP,3,train,71.0,0,7.14,100.0
MHIST_axr.png,HP,1,train,69.37,2,0.06,99.81
MHIST_axs.png,HP,2,train,42.86,6,0.1,95.89
MHIST_axt.png,HP,2,train,80.88,0,43.49,99.43
MHIST_axu.png,HP,0,train,46.07,6,0.0,97.8
MHIST_axv.png,SSA,6,train,64.66,2,0.0,99.94
MHIST_axw.png,HP,1,train,50.63,4,0.0,98.69
MHIST_axx.png,HP,1,train,61.79,3,0.0,99.71
MHIST_axy.png,HP,2,train,64.25,1,0.0,97.74
MHIST_axz.png,HP,1,train,88.16,0,69.99,95.73
MHIST_aya.png,SSA,5,train,42.68,7,0.0,99.43
MHIST_ayb.png,HP,2,train,57.55,4,0.0,99.2
MHIST_ayc.png,SSA,5,train,72.68,0,6.12,98.63
MHIST_ayd.png,HP,0,train,43.86,6,0.0,96.3
MHIST_aye.png,SSA,4,test,75.46,0,8.45,99.97
MHIST_ayf.png,HP,1,test,65.08,1,0.0,99.9
MHIST_ayg.png,HP,1,train,59.6,1,0.06,96.11
MHIST_ayh.png,HP,1,test,46.66,5,0.0,97.13
MHIST_ayi.png,HP,2,train,69.65,1,1.91,89.64
MHIST_ayj.png,HP,3,train,57.69,2,0.0,94.71
MHIST_ayk.png,HP,0,train,45.97,2,0.26,94.13
MHIST_ayl.png,HP,0,train,69.6,1,0.51,98.25
MHIST_aym.png,HP,0,train,95.36,0,86.58,99.74
MHIST_ayn.png,SSA,5,train,76.6,1,0.03,97.54
MHIST_ayo.png,SSA,6,train,49.87,4,0.0,98.02
MHIST_ayp.png,HP,0,train,53.43,0,7.75,84.22
MHIST_ayq.png,SSA,6,test,76.62,1,2.26,99.68
MHIST_ayr.png,HP,1,train,57.75,3,0.0,99.43
MHIST_ays.png,SSA,4,test,73.36,0,16.36,100.0
MHIST_ayt.png,HP,0,train,52.63,3,0.16,84.85
MHIST_ayu.png,HP,1,train,73.44,2,0.0,99.49
MHIST_ayv.png,SSA,5,train,44.88,6,0.0,97.61
MHIST_ayw.png,SSA,7,train,52.4,3,0.0,94.67
MHIST_ayx.png,HP,2,train,86.94,0,65.75,96.17
MHIST_ayy.png,HP,0,test,71.17,2,0.06,97.64
MHIST_ayz.png,HP,0,test,67.02,3,0.0,98.21
MHIST_aza.png,HP,0,train,71.93,0,5.77,98.53
MHIST_azb.png,HP,3,train,75.92,2,0.0,100.0
MHIST_azc.png,HP,0,train,70.56,1,0.35,98.09
MHIST_azd.png,HP,0,train,60.78,4,0.0,97.7
MHIST_aze.png,SSA,6,test,63.26,3,0.29,98.92
MHIST_azf.png,HP,3,test,68.61,1,1.43,99.52
MHIST_azg.png,HP,0,train,51.62,5,0.0,99.84
MHIST_azh.png,HP,0,train,84.27,0,32.72,99.71
MHIST_azi.png,HP,0,train,77.48,0,57.59,93.21
MHIST_azj.png,SSA,4,train,82.58,1,0.83,99.78
MHIST_azk.png,HP,3,train,62.27,2,0.32,90.24
MHIST_azl.png,SSA,7,test,53.16,3,0.06,97.07
MHIST_azm.png,SSA,7,train,82.72,1,2.74,98.88
MHIST_azn.png,SSA,6,test,74.88,0,37.76,99.94
MHIST_azo.png,SSA,6,test,50.1,4,0.03,97.23
MHIST_azp.png,SSA,6,train,73.56,1,1.47,99.94
MHIST_azq.png,SSA,6,train,50.77,3,0.0,98.53
MHIST_azr.png,HP,1,train,53.4,2,0.32,93.34
MHIST_azs.png,HP,0,train,53.99,5,0.0,99.17
MHIST_azt.png,HP,0,train,57.55,4,0.0,100.0
MHIST_azu.png,SSA,6,train,64.07,0,8.23,99.71
MHIST_azv.png,HP,0,train,69.44,0,29.62,96.4
MHIST_azw.png,HP,0,train,75.79,0,22.16,94.13
MHIST_azx.png,HP,0,test,87.43,0,13.9,99.78
MHIST_azy.png,HP,1,train,81.2,0,21.59,99.68
MHIST_azz.png,HP,2,test,66.79,1,0.0,95.89
MHIST_baa.png,HP,1,train,60.93,2,0.0,99.81
MHIST_bab.png,HP,1,train,43.19,6,0.0,100.0
MHIST_bac.png,HP,1,train,69.79,1,4.85,98.41
MHIST_bad.png,HP,2,train,48.53,5,0.0,99.97
MHIST_bae.png,SSA,7,test,57.32,1,4.78,94.8
MHIST_baf.png,SSA,5,test,60.48,2,0.0,97.1
MHIST_bag.png,HP,1,test,94.1,0,87.85,98.98
MHIST_bah.png,HP,0,train,40.09,7,0.0,96.52
MHIST_bai.png,HP,0,train,71.67,0,7.02,100.0
MHIST_baj.png,HP,0,train,92.18,0,71.72,99.33
MHIST_bak.png,HP,0,train,35.44,8,0.0,90.21
MHIST_bal.png,SSA,6,test,52.12,2,0.61,99.94
MHIST_bam.png,SSA,6,train,75.67,0,8.48,99.23
MHIST_ban.png,HP,0,test,85.28,1,4.72,100.0
MHIST_bao.png,SSA,6,train,77.74,0,40.11,98.31
MHIST_bap.png,HP,3,test,86.15,0,22.1,99.78
MHIST_baq.png,HP,2,train,76.69,0,27.84,99.87
MHIST_bar.png,HP,1,train,90.62,0,55.45,99.84
MHIST_bas.png,SSA,5,test,48.96,5,0.0,98.37
MHIST_bat.png,HP,3,train,88.43,0,60.81,94.29
MHIST_bau.png,HP,2,train,93.05,0,81.7,99.87
MHIST_bav.png,SSA,6,test,65.24,2,0.0,99.97
MHIST_baw.png,HP,1,test,67.12,1,2.71,92.19
MHIST_bax.png,SSA,6,train,49.57,6,0.0,98.95
MHIST_bay.png,HP,0,train,89.47,0,18.53,99.62
MHIST_baz.png,HP,1,test,53.81,4,0.0,99.65
MHIST_bba.png,HP,0,train,82.36,0,48.76,98.37
MHIST_bbb.png,HP,0,train,46.41,4,0.0,90.05
MHIST_bbc.png,HP,1,train,76.01,1,0.0,97.96
MHIST_bbd.png,SSA,4,train,86.08,0,70.98,99.27
MHIST_bbe.png,SSA,6,test,63.44,3,1.69,98.92
MHIST_bbf.png,HP,0,test,54.43,4,0.0,98.63
MHIST_bbg.png,SSA,6,train,54.33,5,0.0,98.25
MHIST_bbh.png,SSA,4,train,60.1,0,10.87,98.05
MHIST_bbi.png,SSA,7,train,69.41,2,0.0,100.0
MHIST_bbj.png,HP,3,train,64.04,0,16.93,90.78
MHIST_bbk.png,HP,2,train,42.89,5,0.0,85.46
MHIST_bbl.png,SSA,7,test,60.45,2,0.0,99.9
MHIST_bbm.png,SSA,7,train,51.38,3,0.0,94.1
MHIST_bbn.png,HP,3,test,71.48,1,0.13,97.54
MHIST_bbo.png,HP,1,train,89.9,0,9.18,100.0
MHIST_bbp.png,HP,1,train,87.64,0,15.62,100.0
MHIST_bbq.png,HP,0,train,71.73,1,0.06,96.49
MHIST_bbr.png,HP,0,test,59.77,1,0.03,99.08
MHIST_bbs.png,SSA,6,test,49.91,3,0.0,97.26
MHIST_bbt.png,SSA,6,train,47.01,4,0.0,91.55
MHIST_bbu.png,HP,1,train,49.73,4,0.0,97.51
MHIST_bbv.png,HP,1,train,85.55,0,41.87,99.65
MHIST_bbw.png,SSA,5,train,89.53,0,54.62,99.87
MHIST_bbx.png,SSA,7,train,74.47,0,39.25,98.44
MHIST_bby.png,HP,1,train,58.06,4,0.0,100.0
MHIST_bbz.png,HP,3,train,65.01,2,0.03,99.94
MHIST_bca.png,HP,2,train,97.61,0,94.42,99.52
MHIST_bcb.png,SSA,4,train,85.2,0,32.3,99.97
MHIST_bcc.png,SSA,6,test,60.63,3,0.0,99.27
MHIST_bcd.png,HP,2,test,53.69,4,0.0,93.4
MHIST_bce.png,SSA,6,train,39.26,6,0.0,98.82
MHIST_bcf.png,HP,1,train,85.89,0,45.18,97.26
MHIST_bcg.png,HP,1,train,49.86,3,0.0,98.92
MHIST_bch.png,HP,3,train,86.96,0,12.05,99.08
MHIST_bci.png,HP,2,train,51.68,4,0.0,98.88
MHIST_bcj.png,HP,1,train,50.28,2,0.48,99.87
MHIST_bck.png,HP,1,train,92.38,0,41.65,99.81
MHIST_bcl.png,SSA,7,train,82.91,0,19.13,99.39
MHIST_bcm.png,HP,3,train,56.22,2,0.03,99.3
MHIST_bcn.png,SSA,7,train,68.34,1,3.67,99.71
MHIST_bco.png,HP,2,train,41.51,8,0.0,99.97
MHIST_bcp.png,HP,3,train,87.89,0,65.75,99.81
MHIST_bcq.png,HP,3,train,67.01,1,0.22,98.31
MHIST_bcr.png,HP,0,test,68.37,1,0.54,99.68
MHIST_bcs.png,HP,1,train,88.53,0,57.88,98.76
MHIST_bct.png,HP,0,train,78.51,0,14.32,99.62
MHIST_bcu.png,HP,1,train,51.53,1,0.06,93.94
MHIST_bcv.png,HP,0,test,54.75,5,0.0,97.67
MHIST_bcw.png,HP,0,train,93.05,0,78.79,97.99
MHIST_bcx.png,HP,2,train,60.86,1,4.4,97.39
MHIST_bcy.png,SSA,7,train,76.73,0,41.49,98.76
MHIST_bcz.png,HP,3,test,75.91,0,8.39,96.27
MHIST_bda.png,HP,1,test,48.5,4,0.0,96.17
MHIST_bdb.png,HP,2,test,46.16,4,0.0,98.69
MHIST_bdc.png,HP,1,test,57.05,2,1.59,97.64
MHIST_bdd.png,HP,1,test,61.41,2,0.03,92.7
MHIST_bde.png,HP,0,train,66.36,3,0.38,98.41
MHIST_bdf.png,HP,0,train,62.89,2,0.06,99.84
MHIST_bdg.png,HP,0,train,59.73,3,0.13,97.35
MHIST_bdh.png,HP,1,test,92.09,0,56.19,99.36
MHIST_bdi.png,HP,1,train,77.81,0,21.75,93.21
MHIST_bdj.png,HP,1,train,88.33,0,66.58,99.87
MHIST_bdk.png,HP,0,train,90.78,0,41.39,99.68
MHIST_bdl.png,HP,0,test,51.46,2,0.57,99.84
MHIST_bdm.png,HP,0,train,72.36,1,1.82,99.49
MHIST_bdn.png,HP,1,train,70.37,1,0.7,92.28
MHIST_bdo.png,HP,0,test,77.13,0,29.56,87.63
MHIST_bdp.png,SSA,6,train,83.5,0,13.93,99.04
MHIST_bdq.png,HP,1,train,73.39,0,47.45,94.67
MHIST_bdr.png,HP,0,train,91.63,0,79.05,97.54
MHIST_bds.png,HP,0,train,67.02,1,1.02,96.97
MHIST_bdt.png,HP,1,test,62.71,2,0.0,99.74
MHIST_bdu.png,HP,1,train,77.06,0,59.22,90.21
MHIST_bdv.png,SSA,6,test,82.45,0,50.1,99.04
MHIST_bdw.png,HP,0,train,97.18,0,88.04,100.0
MHIST_bdx.png,SSA,5,train,82.88,0,17.0,97.99
MHIST_bdy.png,HP,3,train,59.85,3,0.0,98.15
MHIST_bdz.png,HP,1,train,43.39,3,0.0,96.91
MHIST_bea.png,HP,0,test,86.88,0,75.92,95.28
MHIST_beb.png,HP,3,train,57.8,0,9.28,92.6
MHIST_bec.png,SSA,5,test,56.43,1,0.03,96.68
MHIST_bed.png,HP,0,train,76.16,0,32.21,100.0
MHIST_bee.png,HP,3,train,67.07,0,21.91,87.12
MHIST_bef.png,HP,1,train,55.73,3,0.0,98.15
MHIST_beg.png,HP,2,train,52.43,5,0.0,99.04
MHIST_beh.png,HP,0,test,57.58,3,0.0,97.35
MHIST_bei.png,SSA,4,train,54.4,4,0.0,94.36
MHIST_bej.png,HP,3,test,89.34,0,50.89,99.78
MHIST_bek.png,HP,0,train,79.77,0,16.9,100.0
MHIST_bel.png,HP,2,test,77.87,0,38.49,99.17
MHIST_bem.png,HP,1,test,70.14,2,0.22,99.78
MHIST_ben.png,HP,0,test,40.56,7,0.06,97.13
MHIST_beo.png,SSA,6,train,80.23,0,30.01,100.0
MHIST_bep.png,HP,3,train,85.38,0,42.63,99.62
MHIST_beq.png,HP,0,train,80.78,0,48.02,99.39
MHIST_ber.png,SSA,6,test,68.72,1,0.0,100.0
MHIST_bes.png,HP,2,train,89.14,0,70.98,99.74
MHIST_bet.png,HP,3,train,83.53,1,2.55,99.87
MHIST_beu.png,SSA,6,train,80.55,0,57.33,99.43
MHIST_bev.png,SSA,6,train,54.9,3,0.0,99.68
MHIST_bew.png,SSA,5,train,39.06,4,0.0,93.65
MHIST_bex.png,SSA,4,test,73.14,1,0.0,99.71
MHIST_bey.png,HP,1,train,86.08,0,42.22,99.74
MHIST_bez.png,HP,2,test,76.16,0,5.29,100.0
MHIST_bfa.png,HP,2,train,65.52,0,15.08,97.83
MHIST_bfb.png,HP,1,test,51.86,6,0.06,99.2
MHIST_bfc.png,HP,0,test,71.75,2,0.22,99.94
MHIST_bfd.png,HP,3,test,67.66,1,0.0,99.97
MHIST_bfe.png,HP,0,train,86.61,0,18.43,99.39
MHIST_bff.png,SSA,4,train,90.81,0,63.17,99.39
MHIST_bfg.png,SSA,6,train,83.28,0,37.18,98.21
MHIST_bfh.png,HP,2,train,81.84,0,36.38,96.36
MHIST_bfi.png,HP,0,test,47.61,5,0.0,100.0
MHIST_bfj.png,HP,3,test,47.96,4,0.0,95.79
MHIST_bfk.png,HP,1,train,54.15,3,0.19,97.07
MHIST_bfl.png,HP,1,train,75.44,1,0.06,99.97
MHIST_bfm.png,HP,1,train,81.24,0,42.54,97.99
MHIST_bfn.png,HP,2,train,67.29,0,20.76,96.05
MHIST_bfo.png,SSA,6,test,77.27,0,24.2,99.97
MHIST_bfp.png,HP,2,train,56.48,2,0.29,91.04
MHIST_bfq.png,SSA,6,train,65.1,2,0.0,99.17
MHIST_bfr.png,HP,0,train,42.39,4,0.0,99.94
MHIST_bfs.png,HP,0,train,55.6,2,0.48,90.08
MHIST_bft.png,SSA,5,train,62.44,3,0.0,99.52
MHIST_bfu.png,SSA,7,train,54.35,0,15.78,89.99
MHIST_bfv.png,SSA,7,train,73.02,0,5.74,100.0
MHIST_bfw.png,SSA,7,train,86.61,0,43.14,99.97
MHIST_bfx.png,SSA,4,test,79.58,0,50.61,99.65
MHIST_bfy.png,HP,0,test,38.44,5,0.13,97.16
MHIST_bfz.png,HP,0,test,72.87,2,0.22,99.27
MHIST_bga.png,HP,0,test,57.38,5,0.29,99.33
MHIST_bgb.png,SSA,6,train,51.33,2,0.32,92.51
MHIST_bgc.png,SSA,4,train,64.4,2,0.67,98.6
MHIST_bgd.png,HP,1,train,98.22,0,85.08,100.0
MHIST_bge.png,HP,2,test,78.18,0,58.42,90.62
MHIST_bgf.png,SSA,6,train,69.77,1,1.43,99.97
MHIST_bgg.png,HP,0,train,83.17,0,27.07,99.43
MHIST_bgh.png,SSA,5,train,57.95,0,8.13,99.78
MHIST_bgi.png,HP,0,test,63.87,2,0.1,91.04
MHIST_bgj.png,HP,0,test,51.85,5,0.0,98.25
MHIST_bgk.png,SSA,5,test,47.91,5,0.03,98.85
MHIST_bgl.png,HP,3,train,76.6,1,0.06,99.97
MHIST_bgm.png,HP,0,train,63.95,0,14.67,94.42
MHIST_bgn.png,HP,2,train,89.76,0,24.55,99.87
MHIST_bgo.png,HP,0,train,59.25,4,0.06,99.43
MHIST_bgp.png,SSA,5,train,70.88,1,3.76,99.84
MHIST_bgq.png,HP,0,train,59.11,3,0.03,99.23
MHIST_bgr.png,HP,1,train,96.46,0,87.28,100.0
MHIST_bgs.png,SSA,7,test,57.89,3,0.0,97.03
MHIST_bgt.png,HP,0,train,90.82,0,70.15,100.0
MHIST_bgu.png,HP,1,train,74.13,2,0.0,98.57
MHIST_bgv.png,SSA,5,train,83.12,0,32.94,98.05
MHIST_bgw.png,HP,2,train,93.66,0,66.65,99.9
MHIST_bgx.png,HP,0,train,47.13,5,0.0,99.08
MHIST_bgy.png,HP,2,test,44.15,7,0.0,99.81
MHIST_bgz.png,HP,0,test,70.57,1,0.0,98.02
MHIST_bha.png,HP,0,train,82.44,1,2.14,98.95
MHIST_bhb.png,HP,1,train,93.71,0,69.71,99.9
MHIST_bhc.png,HP,0,train,72.47,0,17.25,96.49
MHIST_bhd.png,HP,0,train,59.11,4,0.0,99.74
MHIST_bhe.png,HP,0,train,93.93,0,86.0,98.09
MHIST_bhf.png,HP,2,train,79.04,0,59.66,97.32
MHIST_bhg.png,HP,3,train,59.38,1,0.06,87.85
MHIST_bhh.png,HP,2,train,81.81,0,19.71,99.78
MHIST_bhi.png,HP,2,train,82.32,0,7.17,99.84
MHIST_bhj.png,HP,3,train,81.89,0,39.86,97.26
MHIST_bhk.png,HP,3,train,78.44,0,9.5,98.05
MHIST_bhl.png,SSA,6,train,47.38,4,0.0,95.38
MHIST_bhm.png,HP,0,train,51.69,5,0.0,98.28
MHIST_bhn.png,SSA,4,test,79.39,0,35.52,99.49
MHIST_bho.png,SSA,5,test,69.73,0,11.51,96.27
MHIST_bhp.png,HP,0,train,82.56,1,0.0,97.96
MHIST_bhq.png,SSA,6,test,67.56,2,4.27,94.61
MHIST_bhr.png,HP,0,train,77.6,0,12.21,96.52
MHIST_bhs.png,SSA,6,train,70.23,0,21.59,98.15
MHIST_bht.png,HP,0,train,42.98,6,0.0,98.31
MHIST_bhu.png,HP,1,test,71.39,0,19.23,100.0
MHIST_bhv.png,SSA,6,test,54.37,6,0.0,100.0
MHIST_bhw.png,SSA,6,train,62.66,3,0.06,99.71
MHIST_bhx.png,HP,2,test,90.32,0,70.85,99.97
MHIST_bhy.png,SSA,6,test,39.77,5,0.0,92.44
MHIST_bhz.png,HP,0,train,83.99,0,16.26,99.71
MHIST_bia.png,HP,0,train,38.78,3,0.83,80.71
MHIST_bib.png,SSA,6,train,55.99,2,0.0,94.07
MHIST_bic.png,HP,1,train,57.8,3,0.26,97.54
MHIST_bid.png,HP,1,train,50.61,4,0.64,97.83
MHIST_bie.png,SSA,4,train,85.57,0,62.28,100.0
MHIST_bif.png,HP,0,test,39.03,7,0.0,99.71
MHIST_big.png,SSA,5,train,56.37,3,0.0,97.64
MHIST_bih.png,SSA,6,train,86.03,0,6.6,100.0
MHIST_bii.png,SSA,6,train,64.63,2,2.3,97.64
MHIST_bij.png,HP,2,test,87.52,0,35.55,98.98
MHIST_bik.png,HP,0,train,38.38,8,0.0,99.27
MHIST_bil.png,HP,0,test,89.43,0,76.82,98.47
MHIST_bim.png,HP,0,test,67.79,2,0.0,99.23
MHIST_bin.png,SSA,4,test,56.85,3,0.0,99.2
MHIST_bio.png,SSA,7,train,75.38,0,7.72,99.97
MHIST_bip.png,SSA,6,test,49.31,3,0.0,87.91
MHIST_biq.png,HP,1,train,76.15,0,13.74,97.77
MHIST_bir.png,HP,3,train,63.38,4,0.0,98.53
MHIST_bis.png,HP,1,train,56.18,1,0.0,95.12
MHIST_bit.png,SSA,4,train,58.52,3,0.0,100.0
MHIST_biu.png,HP,1,test,71.27,1,0.06,99.87
MHIST_biv.png,HP,2,train,70.32,0,7.17,95.98
MHIST_biw.png,SSA,5,train,58.66,2,0.0,95.54
MHIST_bix.png,HP,2,test,61.34,3,0.0,98.02
MHIST_biy.png,HP,2,test,55.7,3,0.0,96.65
MHIST_biz.png,HP,0,test,95.72,0,88.78,99.84
MHIST_bja.png,SSA,6,train,58.84,2,2.39,97.74
MHIST_bjb.png,HP,1,train,69.14,0,9.09,100.0
MHIST_bjc.png,HP,3,train,57.08,2,0.0,95.63
MHIST_bjd.png,SSA,6,test,55.89,4,0.13,94.61
MHIST_bje.png,HP,0,test,88.07,0,66.84,95.95
MHIST_bjf.png,HP,0,train,40.89,8,0.06,99.11
MHIST_bjg.png,HP,1,train,54.62,3,0.0,95.22
MHIST_bjh.png,HP,1,test,50.06,5,0.0,98.02
MHIST_bji.png,SSA,4,train,61.69,4,0.0,99.9
MHIST_bjj.png,HP,0,train,58.07,4,0.0,90.85
MHIST_bjk.png,HP,0,train,78.28,1,0.06,99.04
MHIST_bjl.png,HP,0,train,86.8,0,54.56,98.21
MHIST_bjm.png,HP,0,test,81.56,0,28.51,95.95
MHIST_bjn.png,HP,0,train,72.08,1,0.96,98.53
MHIST_bjo.png,HP,3,train,80.84,0,14.48,97.54
MHIST_bjp.png,SSA,6,train,78.47,0,17.79,99.81
MHIST_bjq.png,HP,3,train,44.24,6,0.0,100.0
MHIST_bjr.png,SSA,6,test,67.39,2,0.0,100.0
MHIST_bjs.png,SSA,5,train,60.2,4,0.0,96.01
MHIST_bjt.png,HP,2,test,47.2,4,0.0,98.69
MHIST_bju.png,HP,2,train,72.0,2,0.0,98.98
MHIST_bjv.png,HP,1,train,94.62,0,75.16,99.97
MHIST_bjw.png,HP,2,train,70.87,0,46.49,85.52
MHIST_bjx.png,SSA,6,test,83.08,0,40.02,100.0
MHIST_bjy.png,HP,1,train,69.38,1,1.47,93.85
MHIST_bjz.png,HP,0,train,82.66,1,0.29,99.97
MHIST_bka.png,HP,0,test,68.07,2,0.03,95.06
MHIST_bkb.png,SSA,6,train,73.94,0,13.81,99.62
MHIST_bkc.png,SSA,4,train,85.9,0,46.91,100.0
MHIST_bkd.png,SSA,6,train,46.3,5,0.0,94.67
MHIST_bke.png,HP,0,test,84.67,0,38.71,99.62
MHIST_bkf.png,HP,3,train,48.7,4,0.0,94.96
MHIST_bkg.png,SSA,4,train,63.03,2,0.03,99.43
MHIST_bkh.png,HP,0,test,48.34,6,0.0,100.0
MHIST_bki.png,HP,2,train,78.46,1,4.27,99.04
MHIST_bkj.png,SSA,5,test,71.17,0,5.52,100.0
MHIST_bkk.png,SSA,6,test,73.12,1,3.95,99.94
MHIST_bkl.png,SSA,5,train,59.02,0,11.86,96.78
MHIST_bkm.png,HP,1,train,89.04,0,43.65,100.0
MHIST_bkn.png,HP,1,train,75.11,0,8.1,99.87
MHIST_bko.png,HP,1,test,65.42,3,0.22,97.07
MHIST_bkp.png,HP,1,test,42.38,4,0.06,81.73
MHIST_bkq.png,HP,3,train,39.11,6,0.0,96.52
MHIST_bkr.png,HP,2,train,74.94,0,7.84,98.28
MHIST_bks.png,SSA,6,train,46.45,2,0.0,99.14
MHIST_bkt.png,HP,1,test,84.95,0,10.52,98.57
MHIST_bku.png,HP,0,test,41.69,6,0.0,99.46
MHIST_bkv.png,SSA,6,test,45.36,4,0.0,93.69
MHIST_bkw.png,HP,0,train,84.21,0,21.3,95.5
MHIST_bkx.png,HP,0,train,44.45,4,0.0,96.65
MHIST_bky.png,SSA,6,train,52.33,2,0.0,99.08
MHIST_bkz.png,HP,1,train,49.52,4,0.29,98.79
MHIST_bla.png,HP,1,train,95.55,0,78.19,99.65
MHIST_blb.png,HP,1,train,60.23,0,14.16,89.99
MHIST_blc.png,SSA,7,train,79.88,0,34.5,97.64
MHIST_bld.png,HP,1,test,64.42,3,0.0,99.94
MHIST_ble.png,SSA,7,test,72.46,1,0.0,98.95
MHIST_blf.png,SSA,7,train,72.21,1,0.0,99.94
MHIST_blg.png,SSA,4,test,66.13,2,0.06,99.08
MHIST_blh.png,SSA,4,train,60.6,2,0.1,98.21
MHIST_bli.png,HP,0,train,49.23,5,0.0,99.71
MHIST_blj.png,HP,3,test,62.87,1,0.0,96.05
MHIST_blk.png,HP,0,train,85.36,0,17.09,98.69
MHIST_bll.png,HP,0,train,60.51,1,0.7,94.9
MHIST_blm.png,HP,0,test,82.21,0,32.21,98.41
MHIST_bln.png,HP,1,test,55.28,3,0.0,87.24
MHIST_blo.png,HP,0,test,39.88,6,0.03,98.69
MHIST_blp.png,HP,3,train,49.07,4,0.0,99.43
MHIST_blq.png,HP,2,train,78.88,1,2.93,97.29
MHIST_blr.png,SSA,7,test,55.4,2,0.0,97.26
MHIST_bls.png,HP,3,train,69.48,1,0.89,98.25
MHIST_blt.png,SSA,4,train,70.78,0,12.69,97.83
MHIST_blu.png,SSA,6,train,71.99,0,25.73,98.6
MHIST_blv.png,HP,1,test,79.28,0,23.12,97.19
MHIST_blw.png,SSA,7,test,80.98,0,35.08,100.0
MHIST_blx.png,HP,0,train,58.4,3,0.0,98.5
MHIST_bly.png,HP,2,test,59.9,1,0.0,97.74
MHIST_blz.png,HP,3,train,57.93,5,0.0,100.0
MHIST_bma.png,HP,2,train,39.66,8,0.0,99.97
MHIST_bmb.png,SSA,4,train,61.32,3,0.0,98.37
MHIST_bmc.png,HP,3,test,85.1,0,26.69,97.26
MHIST_bmd.png,SSA,6,test,68.12,0,8.77,97.74
MHIST_bme.png,HP,1,train,94.07,0,80.52,99.84
MHIST_bmf.png,HP,1,train,72.33,2,0.19,99.52
MHIST_bmg.png,HP,1,test,87.08,0,65.72,98.34
MHIST_bmh.png,HP,2,test,57.74,2,0.0,96.11
MHIST_bmi.png,HP,0,train,88.48,1,3.51,100.0
MHIST_bmj.png,HP,2,train,89.1,0,27.17,99.94
MHIST_bmk.png,HP,1,train,74.17,0,13.49,95.89
MHIST_bml.png,HP,0,train,96.72,0,95.76,98.12
MHIST_bmm.png,HP,1,train,50.35,4,0.0,97.86
MHIST_bmn.png,SSA,6,test,65.53,3,0.0,99.84
MHIST_bmo.png,HP,0,train,62.25,2,0.35,97.07
MHIST_bmp.png,SSA,7,train,80.54,0,41.61,98.31
MHIST_bmq.png,SSA,4,train,88.47,0,77.61,98.53
MHIST_bmr.png,HP,2,train,82.95,0,69.16,95.54
MHIST_bms.png,SSA,6,train,82.78,0,13.42,99.9
MHIST_bmt.png,HP,1,test,93.02,0,87.53,98.47
MHIST_bmu.png,HP,3,train,86.22,0,16.71,98.85
MHIST_bmv.png,HP,1,test,86.8,0,45.73,99.74
MHIST_bmw.png,HP,1,test,86.98,0,78.44,95.66
MHIST_bmx.png,HP,0,train,37.51,7,0.0,97.07
MHIST_bmy.png,SSA,4,test,92.91,0,73.05,100.0
MHIST_bmz.png,HP,1,train,80.03,0,43.14,99.78
MHIST_bna.png,HP,1,train,60.86,3,0.0,98.79
MHIST_bnb.png,HP,0,test,80.91,1,0.57,99.65
MHIST_bnc.png,SSA,6,test,55.38,3,0.0,99.84
MHIST_bnd.png,SSA,6,test,90.74,0,30.23,100.0
MHIST_bne.png,HP,0,test,63.1,3,0.19,94.45
MHIST_bnf.png,SSA,6,train,48.72,4,0.0,97.42
MHIST_bng.png,HP,2,train,43.24,6,0.0,99.39
MHIST_bnh.png,HP,1,train,98.16,0,87.63,99.78
MHIST_bni.png,SSA,4,train,64.51,2,0.0,98.41
MHIST_bnj.png,SSA,7,train,63.1,3,0.03,95.85
MHIST_bnk.png,SSA,6,train,40.86,4,0.0,91.01
MHIST_bnl.png,HP,1,test,76.8,1,1.34,99.94
MHIST_bnm.png,HP,1,test,80.23,0,12.05,94.55
MHIST_bnn.png,HP,3,test,87.18,0,71.4,99.87
MHIST_bno.png,HP,1,train,96.12,0,65.78,100.0
MHIST_bnp.png,SSA,4,train,73.37,2,0.0,98.63
MHIST_bnq.png,HP,0,test,86.08,0,47.42,99.08
MHIST_bnr.png,SSA,4,train,66.36,0,31.7,92.89
MHIST_bns.png,HP,0,train,83.89,1,1.18,99.33
MHIST_bnt.png,HP,3,train,42.22,6,0.0,99.17
MHIST_bnu.png,HP,1,train,57.53,2,1.12,88.14
MHIST_bnv.png,HP,1,test,57.98,1,0.0,98.18
MHIST_bnw.png,HP,2,test,75.65,0,30.99,94.64
MHIST_bnx.png,SSA,4,train,75.71,1,3.32,100.0
MHIST_bny.png,SSA,4,train,45.31,3,0.0,86.07
MHIST_bnz.png,HP,1,train,95.4,0,91.36,99.74
MHIST_boa.png,SSA,6,test,71.7,1,4.27,94.61
MHIST_bob.png,HP,2,train,85.62,0,47.1,99.9
MHIST_boc.png,HP,2,train,95.0,0,68.49,100.0
MHIST_bod.png,HP,0,test,67.13,0,11.61,98.98
MHIST_boe.png,SSA,5,test,92.03,0,38.46,99.81
MHIST_bof.png,HP,1,test,70.2,3,0.0,99.87
MHIST_bog.png,HP,1,train,57.43,3,0.0,94.2
MHIST_boh.png,HP,1,train,66.47,1,3.41,98.37
MHIST_boi.png,SSA,5,train,90.72,0,69.16,99.39
MHIST_boj.png,HP,3,train,40.51,4,0.13,87.85
MHIST_bok.png,SSA,4,train,68.12,1,0.0,99.94
MHIST_bol.png,HP,3,train,84.86,0,66.49,97.26
MHIST_bom.png,HP,2,train,87.17,0,48.88,97.54
MHIST_bon.png,SSA,7,train,86.73,0,8.16,99.94
MHIST_boo.png,SSA,7,train,51.55,0,8.67,97.99
MHIST_bop.png,SSA,6,train,75.84,2,0.0,99.62
MHIST_boq.png,HP,1,train,68.44,3,0.0,99.14
MHIST_bor.png,SSA,6,train,63.37,1,0.0,98.72
MHIST_bos.png,SSA,5,train,68.59,0,13.74,99.55
MHIST_bot.png,SSA,6,test,75.42,0,24.52,100.0
MHIST_bou.png,HP,0,train,38.61,4,0.03,90.59
MHIST_bov.png,SSA,6,test,68.88,1,0.45,97.93
MHIST_bow.png,SSA,5,train,76.08,0,18.56,100.0
MHIST_box.png,HP,2,train,46.38,4,0.16,87.66
MHIST_boy.png,SSA,4,train,88.39,0,26.72,99.87
MHIST_boz.png,HP,2,test,76.69,0,63.74,94.93
MHIST_bpa.png,HP,1,test,93.35,0,70.85,99.97
MHIST_bpb.png,SSA,6,train,54.57,3,0.0,99.81
MHIST_bpc.png,HP,2,train,82.07,0,61.35,96.78
MHIST_bpd.png,HP,0,test,67.83,0,15.66,99.04
MHIST_bpe.png,HP,1,train,46.22,5,0.0,99.08
MHIST_bpf.png,SSA,5,train,66.47,3,0.0,98.28
MHIST_bpg.png,HP,2,test,42.02,6,0.0,99.46
MHIST_bph.png,HP,1,test,61.58,3,0.0,94.87
MHIST_bpi.png,HP,0,train,55.35,5,0.0,99.78
MHIST_bpj.png,SSA,4,train,76.17,0,43.78,99.49
MHIST_bpk.png,SSA,5,test,59.53,5,0.13,99.65
MHIST_bpl.png,SSA,7,train,60.79,4,0.0,98.28
MHIST_bpm.png,HP,1,train,51.98,3,0.03,98.95
MHIST_bpn.png,HP,0,test,47.74,4,0.03,93.18
MHIST_bpo.png,HP,1,test,93.54,0,85.84,99.52
MHIST_bpp.png,SSA,6,train,57.82,4,0.0,98.25
MHIST_bpq.png,HP,0,train,39.57,7,0.0,97.67
MHIST_bpr.png,HP,3,train,52.82,5,0.0,98.31
MHIST_bps.png,SSA,4,test,95.64,0,75.8,100.0
MHIST_bpt.png,HP,2,train,46.78,5,0.0,92.83
MHIST_bpu.png,HP,0,test,93.08,0,69.39,98.63
MHIST_bpv.png,HP,1,train,82.2,0,34.22,99.68
MHIST_bpw.png,HP,2,train,83.22,0,20.28,100.0
MHIST_bpx.png,HP,3,test,76.15,0,5.77,98.82
MHIST_bpy.png,HP,3,train,90.72,0,69.26,99.52
MHIST_bpz.png,HP,3,train,85.93,0,17.54,100.0
MHIST_bqa.png,HP,0,train,72.32,2,0.0,98.44
MHIST_bqb.png,HP,0,test,71.08,0,26.69,99.43
MHIST_bqc.png,SSA,6,test,65.32,0,21.91,99.97
MHIST_bqd.png,HP,0,train,78.41,1,0.0,100.0
MHIST_bqe.png,SSA,5,train,64.48,2,0.13,97.48
MHIST_bqf.png,HP,0,train,69.24,2,0.0,96.78
MHIST_bqg.png,SSA,6,test,48.74,5,0.0,99.59
MHIST_bqh.png,SSA,7,train,56.32,3,0.0,99.97
MHIST_bqi.png,SSA,5,test,49.66,2,0.13,98.41
MHIST_bqj.png,HP,0,train,59.47,2,0.0,99.55
MHIST_bqk.png,SSA,5,train,91.97,0,73.41,100.0
MHIST_bql.png,SSA,6,train,84.95,0,16.04,99.9
MHIST_bqm.png,HP,2,train,55.12,1,0.19,84.12
MHIST_bqn.png,SSA,4,train,58.22,3,0.0,98.47
MHIST_bqo.png,HP,0,train,77.9,0,19.96,91.61
MHIST_bqp.png,HP,0,train,42.16,7,0.0,98.12
MHIST_bqq.png,HP,3,train,64.32,0,19.42,92.89
MHIST_bqr.png,SSA,6,test,74.87,0,19.13,99.04
MHIST_bqs.png,HP,1,test,51.27,3,0.03,91.52
MHIST_bqt.png,HP,2,train,69.21,2,0.0,100.0
MHIST_bqu.png,HP,2,train,73.55,1,2.58,96.68
MHIST_bqv.png,SSA,4,test,65.45,3,0.0,99.3
MHIST_bqw.png,HP,0,train,79.1,1,4.85,100.0
MHIST_bqx.png,HP,0,train,71.27,0,7.62,97.74
MHIST_bqy.png,HP,1,train,41.96,3,0.0,94.45
MHIST_bqz.png,SSA,4,train,63.53,2,0.0,100.0
MHIST_bra.png,HP,1,train,44.22,8,0.06,97.54
MHIST_brb.png,SSA,4,train,69.69,1,0.0,98.72
MHIST_brc.png,HP,2,train,75.4,0,15.59,99.94
MHIST_brd.png,HP,1,train,76.59,1,1.5,97.7
MHIST_bre.png,HP,1,test,68.55,2,0.54,98.31
MHIST_brf.png,HP,0,train,85.25,0,18.78,99.43
MHIST_brg.png,HP,0,train,41.41,4,0.0,96.59
MHIST_brh.png,HP,0,train,73.19,1,0.73,95.25
MHIST_bri.png,HP,0,train,59.47,4,0.0,99.97
MHIST_brj.png,HP,0,train,48.42,5,0.0,99.36
MHIST_brk.png,HP,0,train,96.64,0,55.74,99.97
MHIST_brl.png,SSA,4,train,63.46,2,0.45,97.86
MHIST_brm.png,HP,1,train,47.01,4,0.0,96.21
MHIST_brn.png,HP,1,train,88.45,0,46.78,100.0
MHIST_bro.png,HP,3,test,57.29,2,0.0,100.0
MHIST_brp.png,HP,0,test,78.14,1,3.35,97.45
MHIST_brq.png,HP,1,train,84.34,0,20.47,99.9
MHIST_brr.png,SSA,7,test,79.07,1,2.07,99.94
MHIST_brs.png,HP,3,test,66.13,2,0.0,97.48
MHIST_brt.png,HP,3,test,73.51,2,0.0,100.0
MHIST_bru.png,HP,0,test,78.12,0,9.47,99.97
MHIST_brv.png,HP,3,test,67.87,1,4.5,99.84
MHIST_brw.png,SSA,6,train,47.93,3,0.0,96.27
MHIST_brx.png,HP,1,test,88.17,0,66.74,98.18
MHIST_bry.png,HP,0,train,76.8,0,8.45,96.33
MHIST_brz.png,HP,0,train,53.76,4,0.0,99.71
MHIST_bsa.png,HP,2,test,81.88,0,64.09,100.0
MHIST_bsb.png,HP,1,train,63.16,2,0.0,97.42
MHIST_bsc.png,HP,0,test,45.66,6,0.0,98.72
MHIST_bsd.png,HP,0,test,54.95,4,0.0,97.32
MHIST_bse.png,SSA,7,train,85.02,0,43.14,99.9
MHIST_bsf.png,HP,0,test,46.24,4,0.16,96.75
MHIST_bsg.png,HP,1,train,64.92,1,0.16,92.0
MHIST_bsh.png,HP,0,test,87.82,0,40.62,99.62
MHIST_bsi.png,HP,2,train,82.5,0,27.71,98.53
MHIST_bsj.png,SSA,6,train,48.0,4,0.0,98.79
MHIST_bsk.png,SSA,6,train,92.73,0,69.52,99.97
MHIST_bsl.png,HP,0,train,84.11,0,15.69,98.47
MHIST_bsm.png,SSA,4,train,90.88,0,47.45,99.97
MHIST_bsn.png,HP,0,train,69.28,1,2.17,93.69
MHIST_bso.png,HP,3,train,93.0,0,72.23,100.0
MHIST_bsp.png,HP,0,train,83.19,0,43.85,95.5
MHIST_bsq.png,SSA,7,train,80.85,0,43.75,100.0
MHIST_bsr.png,HP,0,test,55.81,4,0.38,89.35
MHIST_bss.png,HP,0,test,50.44,5,0.0,100.0
MHIST_bst.png,HP,2,train,95.23,0,82.14,99.59
MHIST_bsu.png,HP,0,test,82.79,0,37.5,99.87
MHIST_bsv.png,HP,1,train,89.21,0,79.34,94.13
MHIST_bsw.png,SSA,5,train,52.12,4,0.0,93.85
MHIST_bsx.png,SSA,6,train,73.26,0,13.33,99.14
MHIST_bsy.png,SSA,7,test,61.64,4,0.0,99.9
MHIST_bsz.png,HP,1,test,46.41,5,0.0,99.97
MHIST_bta.png,SSA,7,test,79.05,0,38.71,99.84
MHIST_btb.png,SSA,7,train,61.82,3,0.0,99.43
MHIST_btc.png,HP,2,train,68.58,0,36.1,94.58
MHIST_btd.png,HP,1,train,61.14,2,0.22,98.88
MHIST_bte.png,HP,2,train,67.06,0,23.72,90.66
MHIST_btf.png,HP,2,test,51.98,3,0.0,98.53
MHIST_btg.png,HP,3,train,81.5,0,29.11,99.74
MHIST_bth.png,HP,2,test,87.28,0,51.63,99.46
MHIST_bti.png,HP,0,train,65.73,1,0.03,97.42
MHIST_btj.png,HP,3,train,51.31,1,0.0,91.36
MHIST_btk.png,HP,0,test,60.83,3,0.1,96.43
MHIST_btl.png,HP,0,test,51.96,3,0.0,99.17
MHIST_btm.png,HP,0,test,90.3,0,60.84,99.94
MHIST_btn.png,HP,0,train,71.38,1,0.0,96.43
MHIST_bto.png,HP,3,train,77.05,0,48.85,95.28
MHIST_btp.png,SSA,4,train,54.68,0,8.0,97.45
MHIST_btq.png,HP,1,train,92.66,0,49.43,99.36
MHIST_btr.png,SSA,7,test,55.25,3,0.0,97.93
MHIST_bts.png,HP,1,train,41.51,6,0.0,99.81
MHIST_btt.png,SSA,6,train,66.22,2,0.0,97.64
MHIST_btu.png,SSA,5,train,53.92,1,0.0,87.12
MHIST_btv.png,HP,2,train,53.19,2,0.06,96.33
MHIST_btw.png,HP,2,train,80.22,0,28.6,98.95
MHIST_btx.png,HP,2,train,36.88,6,0.0,87.18
MHIST_bty.png,SSA,7,test,80.61,0,47.83,98.69
MHIST_btz.png,HP,2,test,55.45,4,0.0,97.7
MHIST_bua.png,HP,3,train,60.85,3,0.0,99.04
MHIST_bub.png,SSA,7,train,71.71,0,14.51,99.17
MHIST_buc.png,HP,2,train,49.41,5,0.0,97.9
MHIST_bud.png,HP,1,test,40.73,6,0.0,90.75
MHIST_bue.png,HP,1,test,77.03,0,24.65,97.58
MHIST_buf.png,SSA,4,train,91.55,0,65.31,99.97
MHIST_bug.png,SSA,7,train,82.93,0,43.37,99.78
MHIST_buh.png,HP,1,test,50.86,3,0.03,96.27
MHIST_bui.png,HP,0,train,48.6,6,0.1,99.14
MHIST_buj.png,HP,1,test,77.56,0,20.28,99.08
MHIST_buk.png,SSA,4,train,85.94,0,34.98,99.94
MHIST_bul.png,HP,0,train,53.58,3,0.06,99.27
MHIST_bum.png,SSA,7,train,56.48,3,0.0,97.0
MHIST_bun.png,HP,1,train,56.84,2,0.03,99.46
MHIST_buo.png,SSA,7,train,61.22,0,17.03,98.02
MHIST_bup.png,SSA,5,train,53.06,4,0.0,99.81
MHIST_buq.png,HP,2,train,74.08,0,9.53,97.83
MHIST_bur.png,SSA,7,test,71.94,1,0.16,99.78
MHIST_bus.png,HP,1,train,89.23,0,31.76,99.49
MHIST_but.png,HP,2,train,71.65,1,0.0,99.65
MHIST_buu.png,HP,1,train,81.66,0,8.71,99.11
MHIST_buv.png,SSA,5,test,65.43,1,0.1,99.97
MHIST_buw.png,HP,1,train,90.44,0,70.95,99.87
MHIST_bux.png,HP,0,test,87.94,0,59.63,100.0
MHIST_buy.png,HP,1,train,72.34,1,3.6,99.01
MHIST_buz.png,HP,0,train,43.71,6,0.0,99.87
MHIST_bva.png,HP,1,test,54.98,4,0.0,96.08
MHIST_bvb.png,SSA,6,test,58.72,3,0.0,99.49
MHIST_bvc.png,HP,0,test,78.65,1,0.19,99.27
MHIST_bvd.png,HP,1,train,77.89,1,0.06,99.11
MHIST_bve.png,HP,0,train,76.83,1,3.92,94.64
MHIST_bvf.png,HP,0,train,68.19,1,0.0,99.62
MHIST_bvg.png,SSA,4,train,75.21,1,3.32,100.0
MHIST_bvh.png,SSA,4,train,88.36,0,64.35,99.84
MHIST_bvi.png,HP,1,train,79.35,0,38.87,97.9
MHIST_bvj.png,HP,1,test,40.31,5,0.0,81.44
MHIST_bvk.png,HP,2,test,41.38,8,0.0,99.68
MHIST_bvl.png,HP,1,test,69.19,2,0.0,98.69
MHIST_bvm.png,HP,1,train,84.26,0,47.23,97.93
MHIST_bvn.png,SSA,5,train,68.58,1,0.22,97.74
MHIST_bvo.png,HP,1,train,59.99,3,1.66,98.09
MHIST_bvp.png,SSA,7,test,76.69,0,38.71,96.91
MHIST_bvq.png,SSA,4,train,66.05,1,4.21,97.99
MHIST_bvr.png,HP,3,train,84.66,0,61.83,99.23
MHIST_bvs.png,HP,2,train,42.92,6,0.0,99.62
MHIST_bvt.png,HP,1,train,74.66,0,34.44,98.12
MHIST_bvu.png,SSA,7,test,90.55,0,48.66,100.0
MHIST_bvv.png,HP,1,test,84.78,0,73.44,96.33
MHIST_bvw.png,HP,2,train,97.19,0,75.22,100.0
MHIST_bvx.png,SSA,7,train,65.06,2,0.1,99.87
MHIST_bvy.png,SSA,7,train,80.13,1,0.0,100.0
MHIST_bvz.png,SSA,5,test,58.39,4,0.0,99.3
MHIST_bwa.png,SSA,6,train,62.0,2,0.0,96.62
MHIST_bwb.png,HP,2,train,56.39,4,0.0,98.5
MHIST_bwc.png,SSA,7,test,59.99,3,0.64,94.61
MHIST_bwd.png,HP,2,train,56.69,2,0.0,99.14
MHIST_bwe.png,HP,2,train,68.16,2,0.0,100.0
MHIST_bwf.png,HP,0,train,59.35,2,0.13,88.97
MHIST_bwg.png,HP,0,test,69.55,2,3.86,98.15
MHIST_bwh.png,HP,3,test,48.33,5,0.0,97.03
MHIST_bwi.png,SSA,5,train,67.27,1,0.1,95.18
MHIST_bwj.png,HP,3,train,94.3,0,75.99,99.71
MHIST_bwk.png,HP,1,train,53.46,0,7.21,98.79
MHIST_bwl.png,SSA,7,train,51.19,5,0.0,98.66
MHIST_bwm.png,HP,1,train,73.43,1,0.86,99.97
MHIST_bwn.png,HP,1,train,73.05,0,28.16,99.46
MHIST_bwo.png,SSA,7,train,58.87,4,0.13,99.43
MHIST_bwp.png,HP,2,train,55.47,0,5.07,90.08
MHIST_bwq.png,HP,1,train,54.3,3,0.0,99.84
MHIST_bwr.png,HP,0,train,98.14,0,92.47,99.97
MHIST_bws.png,SSA,7,train,58.58,3,0.35,99.33
MHIST_bwt.png,HP,0,test,65.77,1,0.0,95.76
MHIST_bwu.png,SSA,4,train,44.03,6,0.0,95.41
MHIST_bwv.png,HP,0,train,48.32,6,0.0,97.96
MHIST_bww.png,HP,0,test,83.11,0,37.44,91.52
MHIST_bwx.png,SSA,5,train,79.83,0,27.61,97.8
MHIST_bwy.png,HP,1,train,66.24,1,4.91,94.52
MHIST_bwz.png,HP,3,test,59.66,3,0.0,98.88
MHIST_bxa.png,HP,1,train,69.81,0,13.39,93.75
MHIST_bxb.png,SSA,7,train,75.08,0,21.59,98.15
MHIST_bxc.png,SSA,7,test,55.2,3,0.0,99.59
MHIST_bxd.png,HP,1,train,83.93,1,0.16,99.87
MHIST_bxe.png,SSA,7,train,71.85,1,0.1,100.0
MHIST_bxf.png,SSA,7,test,55.67,5,0.0,97.77
MHIST_bxg.png,HP,1,test,75.14,1,2.46,99.2
MHIST_bxh.png,HP,2,train,82.13,0,56.7,95.89
MHIST_bxi.png,SSA,6,test,60.32,2,0.0,98.12
MHIST_bxj.png,HP,0,train,85.46,0,29.18,96.94
MHIST_bxk.png,HP,2,test,74.59,2,0.0,99.97
MHIST_bxl.png,HP,3,train,67.84,0,28.28,94.87
MHIST_bxm.png,HP,0,train,71.78,2,0.0,97.54
MHIST_bxn.png,HP,0,train,78.83,1,1.08,99.33
MHIST_bxo.png,HP,0,test,88.44,0,5.17,99.97
MHIST_bxp.png,HP,2,train,56.7,5,0.0,99.97
MHIST_bxq.png,SSA,7,train,66.16,1,0.0,99.9
MHIST_bxr.png,SSA,7,train,78.53,0,26.21,98.15
MHIST_bxs.png,SSA,5,train,55.54,0,8.13,96.78
MHIST_bxt.png,HP,3,train,80.4,0,53.92,94.2
MHIST_bxu.png,HP,2,test,75.48,1,2.1,98.88
MHIST_bxv.png,HP,2,test,61.82,2,0.0,97.8
MHIST_bxw.png,HP,2,train,53.55,4,0.0,96.75
MHIST_bxx.png,HP,0,test,59.83,3,0.0,97.61
MHIST_bxy.png,HP,2,test,82.87,0,36.22,97.54
MHIST_bxz.png,SSA,7,test,44.67,7,0.0,99.84
MHIST_bya.png,SSA,5,test,43.65,4,0.0,93.02
MHIST_byb.png,SSA,6,test,69.61,1,0.03,98.85
MHIST_byc.png,HP,1,train,61.61,4,0.0,98.82
MHIST_byd.png,HP,1,train,96.79,0,59.79,100.0
MHIST_bye.png,HP,1,train,73.47,0,5.58,99.01
MHIST_byf.png,HP,1,test,50.44,2,2.9,100.0
MHIST_byg.png,HP,2,test,67.21,3,0.0,100.0
MHIST_byh.png,SSA,6,train,54.39,5,0.0,97.26
MHIST_byi.png,HP,1,test,72.26,0,18.34,97.77
MHIST_byj.png,HP,3,train,48.56,5,0.0,99.27
MHIST_byk.png,HP,1,test,82.76,0,7.84,99.46
MHIST_byl.png,HP,1,test,84.44,0,17.22,100.0
MHIST_bym.png,SSA,6,train,61.81,2,0.0,98.95
MHIST_byn.png,HP,3,train,64.72,1,0.0,91.17
MHIST_byo.png,HP,1,train,48.87,5,0.0,98.05
MHIST_byp.png,HP,1,train,66.05,0,20.09,100.0
MHIST_byq.png,SSA,4,test,83.22,1,0.0,99.81
MHIST_byr.png,SSA,6,test,69.47,2,0.0,97.77
MHIST_bys.png,HP,1,train,63.96,4,0.29,94.77
MHIST_byt.png,HP,2,train,59.7,1,1.59,98.44
MHIST_byu.png,SSA,7,train,68.31,1,0.32,99.78
MHIST_byv.png,HP,1,train,78.32,0,7.11,98.53
MHIST_byw.png,SSA,7,train,49.48,3,0.0,97.42
MHIST_byx.png,HP,1,train,66.25,1,0.38,95.31
MHIST_byy.png,SSA,6,train,40.31,6,0.0,94.87
MHIST_byz.png,SSA,4,train,72.36,0,43.78,97.67
MHIST_bza.png,HP,0,test,96.48,0,85.68,99.71
MHIST_bzb.png,HP,3,train,92.6,0,55.48,100.0
MHIST_bzc.png,SSA,7,train,52.55,2,0.64,98.12
MHIST_bzd.png,HP,0,train,42.25,7,0.0,99.97
MHIST_bze.png,SSA,7,train,62.84,2,0.0,95.76
MHIST_bzf.png,SSA,4,train,66.86,4,0.0,98.66
MHIST_bzg.png,HP,0,train,91.53,0,32.24,98.82
MHIST_bzh.png,SSA,4,test,83.38,0,63.2,99.3
MHIST_bzi.png,HP,1,test,75.46,0,10.4,99.36
MHIST_bzj.png,HP,1,train,55.63,5,0.0,99.71
MHIST_bzk.png,SSA,5,train,57.35,3,0.0,94.9
MHIST_bzl.png,HP,3,test,69.47,0,11.29,99.94
MHIST_bzm.png,SSA,4,test,53.35,4,0.0,97.0
MHIST_bzn.png,SSA,7,train,67.09,1,0.03,99.9
MHIST_bzo.png,HP,2,train,88.0,0,13.3,99.33
MHIST_bzp.png,HP,0,train,61.12,0,10.01,94.42
MHIST_bzq.png,HP,0,train,41.26,7,0.0,98.44
MHIST_bzr.png,HP,0,test,78.14,0,24.84,99.94
MHIST_bzs.png,HP,0,test,56.63,1,0.7,100.0
MHIST_bzt.png,HP,0,train,43.83,6,0.32,93.3
MHIST_bzu.png,HP,3,test,74.98,1,3.12,99.3
MHIST_bzv.png,HP,3,train,87.62,0,50.38,100.0
MHIST_bzw.png,SSA,6,train,60.43,1,3.6,99.36
MHIST_bzx.png,HP,3,train,40.89,4,0.0,96.21
MHIST_bzy.png,HP,1,train,56.25,4,0.0,91.55
MHIST_bzz.png,HP,2,train,82.87,0,37.18,99.52
MHIST_caa.png,HP,1,test,89.85,0,73.57,99.01
MHIST_cab.png,SSA,7,train,88.49,0,46.52,100.0
MHIST_cac.png,SSA,7,train,53.73,4,0.0,97.83
MHIST_cad.png,HP,3,test,63.83,1,2.26,97.93
MHIST_cae.png,HP,2,train,67.63,0,18.14,100.0
MHIST_caf.png,HP,1,test,75.95,1,0.03,99.14
MHIST_cag.png,SSA,7,test,62.27,4,0.0,99.97
MHIST_cah.png,HP,0,train,54.19,4,0.0,99.68
MHIST_cai.png,SSA,4,test,85.38,0,63.65,99.55
MHIST_caj.png,SSA,6,train,49.37,0,12.37,90.05
MHIST_cak.png,HP,1,train,47.83,5,0.0,97.93
MHIST_cal.png,HP,3,train,43.44,4,0.0,89.76
MHIST_cam.png,HP,3,test,77.44,1,4.43,100.0
MHIST_can.png,HP,0,train,85.31,0,38.74,98.63
MHIST_cao.png,HP,0,test,64.78,2,2.77,99.87
MHIST_cap.png,SSA,7,train,87.88,0,34.53,100.0
MHIST_caq.png,HP,1,train,66.74,0,9.38,84.12
MHIST_car.png,SSA,7,train,53.22,4,0.0,98.82
MHIST_cas.png,HP,1,train,91.33,0,71.17,99.23
MHIST_cat.png,HP,0,test,98.41,0,85.84,100.0
MHIST_cau.png,SSA,5,test,81.06,0,6.31,95.63
MHIST_cav.png,HP,0,train,78.25,0,32.05,99.78
MHIST_caw.png,HP,1,train,81.8,0,59.22,99.71
MHIST_cax.png,HP,1,test,61.12,3,0.0,100.0
MHIST_cay.png,SSA,4,train,82.82,0,49.94,99.9
MHIST_caz.png,HP,0,train,78.66,1,0.51,99.97
MHIST_cba.png,HP,0,train,96.6,0,91.93,99.68
MHIST_cbb.png,SSA,7,test,48.92,3,0.0,97.93
MHIST_cbc.png,SSA,6,train,87.32,0,17.67,100.0
MHIST_cbd.png,HP,0,train,53.76,4,0.0,99.65
MHIST_cbe.png,SSA,5,train,74.95,0,5.58,99.01
MHIST_cbf.png,HP,0,train,71.97,2,0.0,99.87
MHIST_cbg.png,SSA,7,test,85.26,0,52.39,98.69
MHIST_cbh.png,SSA,4,train,96.52,0,77.55,100.0
MHIST_cbi.png,HP,1,train,44.11,5,0.0,99.97
MHIST_cbj.png,SSA,5,test,74.57,0,11.93,99.94
MHIST_cbk.png,HP,1,train,85.11,0,20.47,99.9
MHIST_cbl.png,SSA,7,test,74.39,0,17.79,99.97
MHIST_cbm.png,HP,0,train,88.63,0,70.25,99.9
MHIST_cbn.png,HP,0,train,64.73,0,5.52,98.09
MHIST_cbo.png,SSA,7,train,49.36,4,0.0,99.62
MHIST_cbp.png,HP,1,train,50.5,6,0.0,99.9
MHIST_cbq.png,HP,2,test,55.77,2,0.1,99.94
MHIST_cbr.png,HP,0,train,53.33,5,0.16,97.67
MHIST_cbs.png,HP,0,train,43.83,4,0.06,97.23
MHIST_cbt.png,HP,1,train,54.23,3,0.0,96.97
MHIST_cbu.png,SSA,6,train,65.47,0,19.42,92.89
MHIST_cbv.png,SSA,5,train,50.22,3,0.0,97.16
MHIST_cbw.png,HP,2,train,81.43,0,36.07,99.97
MHIST_cbx.png,SSA,7,test,64.3,1,0.0,96.91
MHIST_cby.png,HP,0,train,72.23,0,10.14,99.68
MHIST_cbz.png,HP,0,train,76.34,0,19.8,99.78
MHIST_cca.png,HP,1,train,76.06,1,3.19,94.01
MHIST_ccb.png,HP,2,train,61.14,1,0.03,92.83
MHIST_ccc.png,SSA,6,train,78.38,0,27.9,100.0
MHIST_ccd.png,SSA,6,train,51.34,4,0.0,99.74
MHIST_cce.png,SSA,7,test,72.84,0,17.79,95.41
MHIST_ccf.png,SSA,7,train,89.08,0,25.26,99.97
MHIST_ccg.png,HP,1,train,92.59,0,82.84,99.94
MHIST_cch.png,HP,3,train,63.15,1,4.56,96.14
MHIST_cci.png,HP,0,train,66.62,0,27.77,96.94
MHIST_ccj.png,HP,1,train,59.07,4,0.0,99.94
MHIST_cck.png,HP,0,train,47.91,6,0.0,99.71
MHIST_ccl.png,HP,1,train,83.54,0,14.92,95.57
MHIST_ccm.png,SSA,7,train,50.14,6,0.0,99.97
MHIST_ccn.png,HP,0,test,41.52,4,0.0,99.3
MHIST_cco.png,HP,0,test,75.75,1,0.0,99.84
MHIST_ccp.png,HP,0,train,90.09,0,41.71,99.3
MHIST_ccq.png,HP,0,train,86.6,0,58.77,100.0
MHIST_ccr.png,SSA,7,test,57.5,2,0.0,94.42
MHIST_ccs.png,SSA,4,train,65.38,0,6.15,96.46
MHIST_cct.png,HP,0,test,77.1,1,0.48,100.0
MHIST_ccu.png,SSA,7,train,85.46,0,36.58,98.95
MHIST_ccv.png,HP,1,train,51.8,4,0.0,95.12
MHIST_ccw.png,HP,0,train,82.94,1,0.1,99.74
MHIST_ccx.png,HP,0,train,98.67,0,94.42,100.0
MHIST_ccy.png,HP,0,train,49.38,3,0.0,99.36
MHIST_ccz.png,HP,2,train,49.78,5,0.0,99.17
MHIST_cda.png,HP,0,train,43.78,8,0.0,99.87
MHIST_cdb.png,HP,0,train,47.62,5,0.0,98.76
MHIST_cdc.png,HP,1,train,60.81,3,0.06,95.31
MHIST_cdd.png,SSA,5,train,78.04,0,9.12,99.94
MHIST_cde.png,SSA,4,test,79.8,0,27.93,98.02
MHIST_cdf.png,SSA,7,test,42.05,6,0.0,96.49
MHIST_cdg.png,HP,1,train,58.0,4,0.0,95.47
MHIST_cdh.png,HP,2,train,49.5,6,0.0,97.32
MHIST_cdi.png,HP,3,train,64.57,1,0.16,99.87
MHIST_cdj.png,HP,3,train,72.13,2,0.16,100.0
MHIST_cdk.png,HP,3,test,61.94,4,0.0,99.97
MHIST_cdl.png,HP,1,train,93.88,0,61.64,100.0
MHIST_cdm.png,HP,1,train,74.27,1,0.16,98.63
MHIST_cdn.png,SSA,5,test,75.11,0,38.11,98.98
MHIST_cdo.png,HP,2,test,63.2,0,11.16,95.15
MHIST_cdp.png,HP,0,test,72.22,0,5.87,98.41
MHIST_cdq.png,HP,0,train,82.7,0,45.31,92.19
MHIST_cdr.png,HP,0,test,92.92,0,59.82,99.01
MHIST_cds.png,SSA,4,train,70.45,0,13.84,98.92
MHIST_cdt.png,HP,0,train,92.92,0,64.06,100.0
MHIST_cdu.png,HP,0,test,79.0,1,0.0,99.27
MHIST_cdv.png,HP,3,train,41.07,6,0.0,99.3
MHIST_cdw.png,HP,0,test,96.28,0,82.27,99.46
MHIST_cdx.png,HP,2,train,69.8,1,0.45,95.22
MHIST_cdy.png,SSA,4,train,39.47,8,0.0,98.63
MHIST_cdz.png,SSA,6,train,58.28,2,0.29,96.14
MHIST_cea.png,HP,2,train,82.76,0,23.82,99.23
MHIST_ceb.png,HP,2,test,82.6,0,67.83,98.5
MHIST_cec.png,HP,1,train,46.48,6,0.0,98.44
MHIST_ced.png,SSA,5,train,79.3,0,7.33,98.05
MHIST_cee.png,HP,0,train,66.58,3,0.06,99.84
MHIST_cef.png,HP,1,train,63.52,2,0.41,93.49
MHIST_ceg.png,HP,3,train,68.63,1,0.0,99.78
MHIST_ceh.png,HP,3,train,65.45,3,0.03,100.0
MHIST_cei.png,SSA,7,test,59.41,2,0.0,98.95
MHIST_cej.png,HP,3,train,43.07,7,0.0,97.29
MHIST_cek.png,SSA,4,test,92.2,0,67.98,99.87
MHIST_cel.png,SSA,7,test,79.8,2,1.95,100.0
MHIST_cem.png,SSA,5,test,82.62,1,4.97,99.65
MHIST_cen.png,HP,3,train,61.31,2,0.0,100.0
MHIST_ceo.png,HP,2,test,90.86,0,56.28,96.49
MHIST_cep.png,HP,3,train,44.95,3,0.0,96.97
MHIST_ceq.png,SSA,4,train,74.04,1,0.0,100.0
MHIST_cer.png,HP,2,train,94.73,0,87.53,100.0
MHIST_ces.png,SSA,6,test,87.79,0,47.23,99.97
MHIST_cet.png,HP,3,train,57.22,3,0.0,99.33
MHIST_ceu.png,SSA,6,test,60.41,3,0.0,95.89
MHIST_cev.png,SSA,7,test,52.58,4,0.0,97.58
MHIST_cew.png,HP,0,test,75.2,1,1.12,97.67
MHIST_cex.png,HP,1,train,56.36,4,0.0,97.93
MHIST_cey.png,HP,1,train,95.58,0,92.92,99.01
MHIST_cez.png,SSA,7,test,46.87,5,0.0,97.7
MHIST_cfa.png,HP,1,train,98.58,0,96.27,99.87
MHIST_cfb.png,SSA,7,train,47.39,4,0.0,97.0
MHIST_cfc.png,SSA,7,test,66.52,1,0.0,99.81
MHIST_cfd.png,SSA,7,train,65.66,0,30.96,87.18
MHIST_cfe.png,HP,1,train,85.31,0,59.02,90.88
MHIST_cff.png,HP,2,train,92.32,0,68.24,98.69
MHIST_cfg.png,SSA,7,train,65.13,2,0.0,99.9
MHIST_cfh.png,HP,0,train,73.56,0,15.21,99.97
MHIST_cfi.png,SSA,6,train,59.02,2,0.16,96.97
MHIST_cfj.png,HP,1,train,64.94,2,0.26,97.42
MHIST_cfk.png,SSA,6,train,58.23,3,0.0,98.85
MHIST_cfl.png,HP,0,train,55.35,4,0.0,96.91
MHIST_cfm.png,HP,0,train,84.54,0,23.09,99.14
MHIST_cfn.png,HP,3,test,54.98,4,0.03,97.7
MHIST_cfo.png,SSA,5,train,71.82,0,43.94,92.7
MHIST_cfp.png,HP,2,train,78.65,1,0.32,97.99
MHIST_cfq.png,HP,3,test,78.15,1,0.32,100.0
MHIST_cfr.png,HP,2,train,71.56,1,0.03,97.58
MHIST_cfs.png,HP,3,train,82.03,0,50.41,96.05
MHIST_cft.png,SSA,4,train,47.01,1,0.19,80.55
MHIST_cfu.png,HP,3,test,67.84,1,0.41,100.0
MHIST_cfv.png,HP,2,train,50.66,5,0.0,99.87
MHIST_cfw.png,HP,2,train,88.08,0,16.65,99.94
MHIST_cfx.png,SSA,6,train,50.76,5,0.0,99.01
MHIST_cfy.png,SSA,4,train,65.82,0,7.97,99.87
MHIST_cfz.png,SSA,4,train,85.49,0,67.09,98.37
MHIST_cga.png,HP,1,train,94.83,0,65.53,99.84
MHIST_cgb.png,SSA,7,test,84.57,1,4.3,100.0
MHIST_cgc.png,HP,3,train,92.13,0,78.51,99.94
MHIST_cgd.png,HP,3,test,65.82,2,0.0,97.39
MHIST_cge.png,HP,3,train,72.84,0,24.36,99.01
MHIST_cgf.png,SSA,7,train,44.95,4,0.0,96.49
MHIST_cgg.png,HP,1,train,49.49,3,4.3,99.14
MHIST_cgh.png,HP,1,train,56.47,1,0.0,98.57
MHIST_cgi.png,HP,1,test,65.75,0,23.31,90.75
MHIST_cgj.png,HP,0,train,65.02,0,17.32,87.47
MHIST_cgk.png,SSA,7,test,44.4,4,0.0,87.91
MHIST_cgl.png,HP,0,train,87.09,0,54.66,99.97
MHIST_cgm.png,HP,1,train,89.75,0,75.19,96.3
MHIST_cgn.png,HP,0,train,89.43,0,60.2,99.97
MHIST_cgo.png,SSA,6,test,68.36,1,3.57,99.94
MHIST_cgp.png,SSA,7,test,61.14,2,0.0,96.27
MHIST_cgq.png,HP,1,train,46.18,6,0.0,99.97
MHIST_cgr.png,HP,2,train,69.97,1,0.0,99.78
MHIST_cgs.png,SSA,7,test,76.61,2,0.0,100.0
MHIST_cgt.png,SSA,7,train,57.0,2,0.0,97.0
MHIST_cgu.png,SSA,7,test,41.6,5,0.0,89.67
MHIST_cgv.png,HP,3,train,68.61,2,0.1,98.82
MHIST_cgw.png,SSA,7,test,69.66,1,3.76,99.87
MHIST_cgx.png,SSA,7,train,48.91,3,0.0,99.74
MHIST_cgy.png,HP,1,train,94.82,0,92.16,97.86
MHIST_cgz.png,SSA,4,train,52.29,1,0.22,97.23
MHIST_cha.png,SSA,5,test,58.13,4,0.03,99.78
MHIST_chb.png,HP,0,train,51.03,5,0.03,98.88
MHIST_chc.png,HP,2,train,67.53,0,48.21,90.88
MHIST_chd.png,HP,0,test,64.42,1,2.49,100.0
MHIST_che.png,SSA,7,test,46.66,4,0.0,97.1
MHIST_chf.png,SSA,4,train,95.7,0,74.49,100.0
MHIST_chg.png,HP,1,test,44.2,6,0.0,100.0
MHIST_chh.png,HP,3,train,77.74,0,32.84,90.91
MHIST_chi.png,HP,2,train,88.3,0,65.75,98.5
MHIST_chj.png,HP,1,train,73.6,2,0.06,99.46
MHIST_chk.png,HP,3,train,61.37,2,0.19,98.31
MHIST_chl.png,HP,3,test,83.09,0,43.27,99.49
MHIST_chm.png,HP,3,train,53.88,1,1.28,94.55
MHIST_chn.png,SSA,4,train,61.06,1,0.0,97.74
MHIST_cho.png,HP,2,train,69.36,2,0.0,99.52
MHIST_chp.png,SSA,5,train,61.04,2,0.0,97.9
MHIST_chq.png,HP,2,train,86.23,0,48.15,100.0
MHIST_chr.png,SSA,7,test,41.58,5,0.0,97.7
MHIST_chs.png,SSA,7,train,78.23,0,41.49,99.08
MHIST_cht.png,HP,1,test,51.77,4,0.0,99.87
MHIST_chu.png,HP,2,train,52.45,3,0.0,98.44
MHIST_chv.png,SSA,7,test,81.5,0,16.77,100.0
MHIST_chw.png,HP,0,train,97.68,0,94.39,99.59
MHIST_chx.png,HP,1,train,95.3,0,88.39,99.52
MHIST_chy.png,HP,1,train,46.65,1,2.3,69.04
MHIST_chz.png,SSA,7,train,43.94,5,0.0,95.22
MHIST_cia.png,SSA,4,test,76.96,0,25.35,95.25
MHIST_cib.png,HP,0,train,95.56,0,83.0,100.0
MHIST_cic.png,SSA,6,train,63.09,2,0.06,98.31
MHIST_cid.png,HP,1,test,64.81,1,0.0,99.04
MHIST_cie.png,HP,1,test,49.02,4,0.06,92.47
MHIST_cif.png,HP,2,train,76.58,0,13.17,99.36
MHIST_cig.png,HP,0,train,64.36,1,3.67,99.84
MHIST_cih.png,HP,1,train,74.74,0,16.42,98.31
MHIST_cii.png,HP,1,train,60.1,3,0.0,97.64
MHIST_cij.png,HP,2,train,66.28,2,0.0,99.81
MHIST_cik.png,HP,3,train,59.5,3,0.16,96.27
MHIST_cil.png,HP,2,train,91.38,0,62.12,99.81
MHIST_cim.png,HP,1,test,81.07,0,10.01,96.4
MHIST_cin.png,HP,1,train,68.5,2,0.57,97.16
MHIST_cio.png,HP,2,test,52.91,1,0.57,80.04
MHIST_cip.png,HP,0,train,72.68,2,0.0,99.87
MHIST_ciq.png,HP,1,train,87.01,0,59.98,99.27
MHIST_cir.png,HP,1,train,90.56,0,68.18,99.97
MHIST_cis.png,HP,0,train,90.73,0,69.77,99.81
MHIST_cit.png,HP,2,train,86.34,0,68.11,94.77
MHIST_ciu.png,HP,1,test,37.57,8,0.0,98.12
MHIST_civ.png,HP,0,train,91.64,0,30.9,100.0
MHIST_ciw.png,HP,0,test,42.73,6,0.0,96.05
MHIST_cix.png,SSA,4,train,66.79,2,0.0,94.96
MHIST_ciy.png,HP,1,train,87.88,0,32.62,98.63
MHIST_ciz.png,HP,3,train,76.7,0,45.15,88.97
MHIST_cja.png,SSA,7,train,54.83,3,0.0,99.9
MHIST_cjb.png,HP,1,train,74.18,2,0.0,99.84
MHIST_cjc.png,SSA,7,train,74.21,0,25.22,98.15
MHIST_cjd.png,HP,1,train,67.5,2,0.19,98.72
MHIST_cje.png,SSA,7,test,54.26,2,0.0,95.95
MHIST_cjf.png,SSA,7,train,54.53,3,0.0,97.0
MHIST_cjg.png,HP,1,train,93.56,0,67.95,99.81
MHIST_cjh.png,HP,0,train,51.97,4,0.19,98.85
MHIST_cji.png,HP,1,test,89.47,0,68.72,100.0
MHIST_cjj.png,HP,1,train,79.53,0,23.63,94.87
MHIST_cjk.png,HP,1,test,69.34,0,46.27,90.62
MHIST_cjl.png,SSA,6,test,42.18,8,0.06,99.65
MHIST_cjm.png,HP,0,train,83.53,0,70.73,91.9
MHIST_cjn.png,HP,0,test,54.39,4,0.0,99.81
MHIST_cjo.png,SSA,7,train,83.46,0,14.64,99.49
MHIST_cjp.png,HP,1,train,94.47,0,80.01,99.08
MHIST_cjq.png,SSA,7,test,60.78,1,0.03,99.43
MHIST_cjr.png,HP,1,test,46.83,7,0.0,100.0
MHIST_cjs.png,HP,1,test,60.98,4,0.19,98.85
MHIST_cjt.png,HP,1,test,86.69,0,51.02,97.86
MHIST_cju.png,HP,1,train,49.11,4,0.0,99.59
MHIST_cjv.png,SSA,7,train,85.55,0,51.85,99.23
MHIST_cjw.png,HP,2,train,85.08,0,35.52,99.49
MHIST_cjx.png,SSA,4,train,85.33,0,48.34,100.0
MHIST_cjy.png,HP,0,train,59.51,5,0.0,99.94
MHIST_cjz.png,HP,0,train,73.13,2,0.0,98.79
MHIST_cka.png,HP,2,train,79.22,1,0.67,100.0
MHIST_ckb.png,HP,1,train,68.67,1,3.86,100.0
MHIST_ckc.png,SSA,7,train,92.07,0,53.51,99.65
MHIST_ckd.png,HP,1,train,50.11,0,7.3,99.52
MHIST_cke.png,HP,1,train,47.42,5,0.0,99.23
MHIST_ckf.png,SSA,4,test,40.7,5,0.0,97.13
MHIST_ckg.png,SSA,4,train,73.94,1,0.0,100.0
MHIST_ckh.png,HP,0,test,78.5,1,0.0,99.71
MHIST_cki.png,HP,0,test,52.24,2,0.03,94.2
MHIST_ckj.png,HP,0,train,92.75,0,88.49,97.29
MHIST_ckk.png,HP,1,train,67.76,0,7.43,94.26
MHIST_ckl.png,HP,1,test,48.7,4,0.0,99.3
MHIST_ckm.png,HP,0,train,74.68,0,44.71,99.36
MHIST_ckn.png,SSA,7,test,63.0,4,0.0,100.0
MHIST_cko.png,HP,0,train,75.88,0,21.01,99.65
MHIST_ckp.png,HP,1,train,72.88,0,12.72,98.05
MHIST_ckq.png,SSA,4,train,73.26,1,1.95,100.0
MHIST_ckr.png,HP,1,train,93.58,0,80.04,98.85
MHIST_cks.png,SSA,7,train,78.91,0,20.54,98.02
MHIST_ckt.png,HP,3,train,89.32,0,68.94,98.66
MHIST_cku.png,HP,1,test,68.88,0,5.39,98.85
MHIST_ckv.png,HP,2,train,75.27,1,0.92,96.91
MHIST_ckw.png,SSA,7,train,57.25,3,0.0,99.87
MHIST_ckx.png,HP,2,test,87.55,0,46.24,99.97
MHIST_cky.png,HP,2,train,58.69,0,11.48,94.8
MHIST_ckz.png,HP,0,train,40.54,8,0.0,98.88
MHIST_cla.png,SSA,5,test,48.11,3,0.0,98.57
MHIST_clb.png,HP,1,train,88.23,0,63.58,98.18
MHIST_clc.png,SSA,4,train,72.85,0,47.39,95.28
MHIST_cld.png,HP,0,test,94.32,0,81.38,99.49
MHIST_cle.png,HP,0,train,89.84,0,21.43,98.18
MHIST_clf.png,SSA,4,test,74.11,0,27.33,99.71
MHIST_clg.png,SSA,4,test,57.49,2,0.03,99.87
MHIST_clh.png,HP,3,test,44.36,7,0.0,99.81
MHIST_cli.png,HP,3,train,78.96,1,0.13,99.81
MHIST_clj.png,HP,3,train,55.14,4,0.0,99.71
MHIST_clk.png,HP,0,train,80.93,0,21.52,99.2
MHIST_cll.png,HP,1,test,50.95,3,0.0,88.42
MHIST_clm.png,HP,1,train,45.1,6,0.0,97.29
MHIST_cln.png,SSA,6,train,67.11,0,30.96,92.06
MHIST_clo.png,SSA,5,test,91.71,0,65.43,99.97
MHIST_clp.png,HP,2,train,76.9,0,55.42,91.17
MHIST_clq.png,HP,0,train,56.89,1,3.32,95.18
MHIST_clr.png,HP,1,train,41.14,6,0.0,96.56
MHIST_cls.png,HP,0,train,91.08,0,38.04,99.94
MHIST_clt.png,SSA,6,test,85.78,0,45.41,100.0
MHIST_clu.png,HP,1,train,34.24,7,0.0,84.82
MHIST_clv.png,HP,0,train,51.72,5,0.13,97.9
MHIST_clw.png,SSA,6,train,79.59,0,25.92,100.0
MHIST_clx.png,HP,1,test,53.72,3,0.0,91.93
MHIST_cly.png,HP,2,train,89.28,0,70.6,99.81
MHIST_clz.png,HP,0,test,89.49,0,83.23,93.72
MHIST_cma.png,SSA,5,train,70.63,0,12.66,100.0
MHIST_cmb.png,HP,0,train,59.74,1,0.57,96.62
MHIST_cmc.png,HP,1,test,75.07,1,2.84,98.28
MHIST_cmd.png,HP,3,test,55.72,2,0.03,95.06
MHIST_cme.png,HP,0,train,68.85,2,0.19,99.17
MHIST_cmf.png,SSA,6,test,60.43,2,0.03,99.23
MHIST_cmg.png,SSA,5,test,65.1,3,0.0,100.0
MHIST_cmh.png,SSA,6,test,57.78,1,3.92,97.42
MHIST_cmi.png,HP,1,test,85.14,0,27.58,98.72
MHIST_cmj.png,SSA,6,train,46.43,6,0.0,98.82
MHIST_cmk.png,HP,0,train,83.77,1,0.54,100.0
MHIST_cml.png,SSA,6,train,69.31,1,3.35,92.51
MHIST_cmm.png,HP,2,train,81.36,0,24.49,97.99
MHIST_cmn.png,HP,2,test,62.59,3,0.0,97.99
MHIST_cmo.png,HP,3,test,56.18,4,0.0,99.71
MHIST_cmp.png,SSA,4,train,71.57,2,0.0,100.0
MHIST_cmq.png,HP,2,train,70.13,1,4.66,99.39
MHIST_cmr.png,HP,3,train,66.03,0,22.93,97.93
MHIST_cms.png,SSA,5,train,48.11,4,0.0,97.64
MHIST_cmt.png,SSA,4,test,61.49,2,0.0,97.48
MHIST_cmu.png,HP,0,train,79.27,0,42.32,96.81
MHIST_cmv.png,HP,1,train,80.78,0,30.61,96.56
MHIST_cmw.png,HP,0,test,91.45,0,67.76,99.9
MHIST_cmx.png,HP,0,train,76.48,1,1.85,99.43
MHIST_cmy.png,HP,0,test,83.36,0,43.88,93.21
MHIST_cmz.png,SSA,7,train,63.18,1,0.0,98.79
MHIST_cna.png,HP,1,train,87.67,0,81.35,93.49
MHIST_cnb.png,SSA,7,train,56.19,2,0.0,97.42
MHIST_cnc.png,SSA,7,train,48.03,3,0.0,97.13
MHIST_cnd.png,HP,1,train,80.62,0,41.45,99.87
MHIST_cne.png,SSA,7,train,69.92,0,34.31,99.11
MHIST_cnf.png,HP,3,train,70.42,0,7.97,99.43
MHIST_cng.png,HP,0,test,59.55,2,0.77,98.21
MHIST_cnh.png,SSA,4,test,49.25,4,0.0,98.47
MHIST_cni.png,SSA,5,test,68.64,3,0.03,99.97
MHIST_cnj.png,HP,1,train,55.95,3,0.13,98.66
MHIST_cnk.png,HP,3,test,54.71,2,0.13,91.14
MHIST_cnl.png,HP,1,train,44.13,6,0.0,96.27
MHIST_cnm.png,HP,1,test,60.38,2,0.0,100.0
MHIST_cnn.png,HP,1,test,55.28,0,6.57,89.6
MHIST_cno.png,HP,1,train,69.73,0,10.78,99.94
MHIST_cnp.png,HP,2,test,80.66,0,41.87,99.52
MHIST_cnq.png,HP,1,train,76.1,1,2.74,99.49
MHIST_cnr.png,SSA,7,test,62.61,2,1.08,99.81
MHIST_cns.png,SSA,6,test,63.05,1,0.0,97.96
MHIST_cnt.png,SSA,4,test,73.14,0,8.77,99.62
MHIST_cnu.png,SSA,6,train,79.49,0,32.05,99.81
MHIST_cnv.png,SSA,5,train,82.07,0,26.88,98.95
MHIST_cnw.png,SSA,4,train,51.61,6,0.0,99.49
MHIST_cnx.png,HP,0,test,84.99,0,57.75,100.0
MHIST_cny.png,SSA,4,train,56.53,3,0.0,97.23
MHIST_cnz.png,SSA,6,train,70.65,0,35.59,92.7
MHIST_coa.png,HP,2,train,71.05,2,0.0,94.93
MHIST_cob.png,HP,2,train,43.78,6,0.0,96.97
MHIST_coc.png,SSA,7,train,59.33,1,0.06,100.0
MHIST_cod.png,SSA,7,train,82.89,0,5.87,99.97
MHIST_coe.png,HP,2,train,67.42,1,2.36,98.66
MHIST_cof.png,HP,0,train,46.24,5,0.03,96.94
MHIST_cog.png,HP,1,train,64.25,1,0.0,90.53
MHIST_coh.png,HP,0,test,58.14,2,0.06,93.65
MHIST_coi.png,HP,1,train,88.33,0,21.68,99.68
MHIST_coj.png,SSA,7,test,44.68,5,0.0,99.27
MHIST_cok.png,HP,0,test,54.11,5,0.0,98.12
MHIST_col.png,HP,0,train,77.67,0,12.53,98.12
MHIST_com.png,HP,0,train,78.83,0,28.51,99.78
MHIST_con.png,SSA,4,test,62.64,2,0.0,96.05
MHIST_coo.png,HP,1,train,57.59,4,0.0,100.0
MHIST_cop.png,HP,0,train,53.54,1,4.34,83.07
MHIST_coq.png,HP,1,test,74.35,1,0.0,100.0
MHIST_cor.png,SSA,5,train,60.13,3,0.0,98.28
MHIST_cos.png,HP,2,train,58.0,1,2.84,88.9
MHIST_cot.png,SSA,7,train,71.24,0,18.81,97.77
MHIST_cou.png,HP,0,train,42.5,6,0.1,96.72
MHIST_cov.png,HP,1,test,94.6,0,83.96,99.81
MHIST_cow.png,HP,0,train,84.62,0,30.2,99.97
MHIST_cox.png,SSA,4,test,40.32,7,0.0,99.71
MHIST_coy.png,HP,3,test,45.49,7,0.0,100.0
MHIST_coz.png,HP,0,train,80.66,0,10.3,100.0
MHIST_cpa.png,HP,2,train,62.97,1,0.61,98.88
MHIST_cpb.png,HP,2,train,91.18,0,74.94,97.35
MHIST_cpc.png,SSA,7,train,45.63,5,0.0,95.57
MHIST_cpd.png,SSA,7,test,62.78,1,4.08,95.89
MHIST_cpe.png,HP,1,test,48.26,4,0.03,92.32
MHIST_cpf.png,HP,3,train,60.05,0,9.57,97.86
MHIST_cpg.png,SSA,5,train,61.6,0,12.66,99.43
MHIST_cph.png,SSA,6,train,76.79,0,33.48,99.87
MHIST_cpi.png,HP,2,test,93.84,0,74.74,98.79
MHIST_cpj.png,HP,1,train,53.1,1,2.68,96.49
MHIST_cpk.png,SSA,6,test,59.72,3,0.0,99.33
MHIST_cpl.png,HP,3,train,76.24,0,21.65,99.87
MHIST_cpm.png,SSA,4,test,52.66,4,0.0,99.9
MHIST_cpn.png,SSA,7,train,74.03,0,28.48,95.85
MHIST_cpo.png,SSA,6,test,68.07,2,0.0,100.0
MHIST_cpp.png,HP,1,train,45.77,5,0.13,98.12
MHIST_cpq.png,HP,2,test,40.45,4,0.03,84.98
MHIST_cpr.png,SSA,4,test,62.11,2,0.0,95.98
MHIST_cps.png,SSA,7,test,56.64,2,0.0,93.78
MHIST_cpt.png,SSA,4,test,67.6,1,0.16,98.98
MHIST_cpu.png,SSA,6,train,63.87,1,1.4,98.31
MHIST_cpv.png,HP,2,train,36.72,6,0.16,94.01
MHIST_cpw.png,SSA,7,train,51.08,3,0.0,98.02
MHIST_cpx.png,SSA,5,train,77.91,0,7.27,98.25
MHIST_cpy.png,SSA,4,train,72.11,0,43.78,97.67
MHIST_cpz.png,SSA,4,test,63.21,2,0.0,95.63
MHIST_cqa.png,HP,0,test,49.54,3,0.06,96.05
MHIST_cqb.png,HP,2,test,76.59,0,37.09,95.79
MHIST_cqc.png,SSA,6,train,72.08,0,7.33,98.05
MHIST_cqd.png,HP,1,train,69.82,1,2.65,92.09
MHIST_cqe.png,HP,0,train,88.92,0,22.99,99.71
MHIST_cqf.png,SSA,4,train,84.36,0,17.67,98.37
MHIST_cqg.png,SSA,7,train,55.34,3,0.0,96.68
MHIST_cqh.png,HP,1,train,76.74,0,42.79,99.65
MHIST_cqi.png,HP,2,test,62.48,3,0.0,99.94
MHIST_cqj.png,HP,3,test,66.37,0,5.93,95.09
MHIST_cqk.png,HP,2,train,50.38,6,0.0,99.87
MHIST_cql.png,SSA,7,train,45.89,4,0.0,99.14
MHIST_cqm.png,HP,1,train,40.74,8,0.0,98.72
MHIST_cqn.png,SSA,7,train,51.05,5,0.0,99.87
MHIST_cqo.png,HP,1,train,36.97,7,0.35,89.73
MHIST_cqp.png,SSA,7,test,76.96,1,2.61,100.0
MHIST_cqq.png,SSA,4,test,77.97,1,0.03,98.53
MHIST_cqr.png,SSA,6,test,53.71,3,0.0,98.79
MHIST_cqs.png,SSA,5,test,91.69,0,28.06,100.0
MHIST_cqt.png,HP,0,test,95.03,0,85.49,99.3
MHIST_cqu.png,SSA,6,test,91.06,0,52.17,100.0
MHIST_cqv.png,HP,0,test,94.98,0,89.64,99.94
MHIST_cqw.png,SSA,4,test,82.79,0,14.73,99.97
MHIST_cqx.png,SSA,6,train,71.23,2,0.13,98.25
MHIST_cqy.png,SSA,7,train,62.36,0,9.15,99.17
MHIST_cqz.png,HP,2,test,52.31,3,0.0,93.27
MHIST_cra.png,HP,1,test,94.07,0,87.18,98.15
MHIST_crb.png,HP,2,train,57.32,2,0.0,96.75
MHIST_crc.png,SSA,5,train,55.46,0,7.97,93.59
MHIST_crd.png,HP,3,test,64.17,2,0.1,98.5
MHIST_cre.png,SSA,7,test,77.69,0,9.89,99.84
MHIST_crf.png,SSA,6,test,61.52,3,0.0,97.26
MHIST_crg.png,HP,3,train,77.76,0,15.4,97.39
MHIST_crh.png,HP,0,test,79.77,0,24.62,100.0
MHIST_cri.png,HP,1,train,52.99,4,0.0,98.44
MHIST_crj.png,HP,1,train,44.99,1,0.06,87.34
MHIST_crk.png,SSA,6,train,68.02,2,0.67,98.6
MHIST_crl.png,SSA,5,test,44.62,4,0.0,96.11
MHIST_crm.png,SSA,7,train,65.65,1,0.0,98.53
MHIST_crn.png,HP,2,train,62.35,4,0.0,99.74
MHIST_cro.png,HP,0,train,71.11,1,0.29,99.46
MHIST_crp.png,SSA,7,train,68.34,2,0.0,99.74
MHIST_crq.png,HP,2,train,79.38,1,2.23,94.39
MHIST_crr.png,HP,2,train,45.22,7,0.0,99.33
MHIST_crs.png,SSA,6,train,62.18,4,0.0,99.23
MHIST_crt.png,HP,1,test,59.28,3,0.0,98.31
MHIST_cru.png,HP,1,test,80.86,0,24.59,96.75
MHIST_crv.png,HP,2,train,66.86,1,0.0,99.46
MHIST_crw.png,HP,2,test,48.38,4,0.0,96.3
MHIST_crx.png,HP,1,test,66.56,2,0.06,99.62
MHIST_cry.png,HP,3,train,61.26,2,3.09,99.65
MHIST_crz.png,HP,1,train,69.9,0,15.47,99.62
MHIST_csa.png,HP,3,test,62.63,1,0.0,95.34
MHIST_csb.png,HP,2,test,78.94,0,43.97,99.49
MHIST_csc.png,SSA,7,train,71.2,0,8.1,99.74
MHIST_csd.png,SSA,7,test,56.48,3,0.0,99.59
MHIST_cse.png,SSA,7,train,76.73,1,1.18,99.71
MHIST_csf.png,HP,1,train,82.48,0,11.48,98.79
MHIST_csg.png,HP,3,train,50.1,5,0.0,93.62
MHIST_csh.png,SSA,6,test,94.71,0,81.63,100.0
MHIST_csi.png,HP,0,test,52.95,2,0.03,97.51
MHIST_csj.png,SSA,7,test,48.76,4,0.0,96.49
MHIST_csk.png,HP,0,test,74.65,0,5.26,93.24
MHIST_csl.png,HP,1,train,80.52,0,15.43,99.97
MHIST_csm.png,HP,1,train,86.04,0,44.36,99.9
MHIST_csn.png,SSA,7,test,54.05,4,0.0,94.8
MHIST_cso.png,SSA,7,train,87.37,0,39.86,99.97
MHIST_csp.png,HP,1,train,90.83,0,39.51,98.72
MHIST_csq.png,HP,1,test,93.63,0,86.42,100.0
MHIST_csr.png,SSA,4,train,60.14,2,0.0,94.8
MHIST_css.png,SSA,4,train,55.94,3,0.0,91.17
MHIST_cst.png,SSA,7,train,89.39,0,49.9,100.0
MHIST_csu.png,HP,1,train,88.04,0,69.64,98.82
MHIST_csv.png,HP,1,train,80.56,0,6.38,97.26
MHIST_csw.png,SSA,7,test,71.27,1,0.03,100.0
MHIST_csx.png,HP,1,train,83.64,0,55.45,98.6
MHIST_csy.png,SSA,4,train,72.92,2,0.0,97.03
MHIST_csz.png,HP,1,train,82.42,0,52.39,98.09
MHIST_cta.png,HP,0,train,72.54,2,0.32,98.41
MHIST_ctb.png,SSA,5,test,78.03,0,32.97,95.34
MHIST_ctc.png,SSA,5,test,72.83,1,0.0,99.2
MHIST_ctd.png,HP,1,train,86.36,0,15.18,99.52
MHIST_cte.png,HP,1,test,83.45,0,48.95,98.72
MHIST_ctf.png,SSA,4,train,76.33,0,5.1,99.74
MHIST_ctg.png,HP,1,test,69.4,3,0.0,99.97
MHIST_cth.png,HP,0,train,46.57,5,0.0,92.44
MHIST_cti.png,SSA,6,test,48.69,2,0.03,96.11
MHIST_ctj.png,HP,0,train,60.7,2,0.03,88.01
MHIST_ctk.png,HP,0,test,48.33,4,0.0,94.58
MHIST_ctl.png,HP,3,train,94.2,0,72.7,100.0
MHIST_ctm.png,HP,1,train,97.61,0,91.84,99.74
MHIST_ctn.png,HP,0,train,78.52,1,3.64,98.85
MHIST_cto.png,HP,0,test,56.99,3,0.0,96.46
MHIST_ctp.png,HP,2,train,78.09,0,55.42,91.17
MHIST_ctq.png,SSA,7,train,79.22,0,39.16,99.17
MHIST_ctr.png,HP,1,test,87.63,0,69.55,96.36
MHIST_cts.png,HP,1,test,46.98,5,0.0,99.23
MHIST_ctt.png,HP,1,test,80.92,0,31.63,97.64
MHIST_ctu.png,HP,0,train,64.6,2,0.0,99.78
MHIST_ctv.png,HP,0,train,53.7,5,0.0,99.71
MHIST_ctw.png,HP,1,test,58.3,3,0.0,98.53
MHIST_ctx.png,HP,3,test,67.27,1,0.0,99.39
MHIST_cty.png,SSA,7,train,92.21,0,47.23,100.0
MHIST_ctz.png,HP,0,train,70.44,2,0.0,95.95
MHIST_cua.png,SSA,7,train,52.3,4,0.0,98.53
MHIST_cub.png,HP,0,test,57.52,4,0.0,99.9
MHIST_cuc.png,HP,0,train,93.36,0,24.59,100.0
MHIST_cud.png,HP,1,train,81.8,0,28.35,94.87
MHIST_cue.png,HP,0,train,69.13,2,0.16,99.52
MHIST_cuf.png,HP,0,train,74.85,0,24.27,96.72
MHIST_cug.png,HP,0,train,92.47,0,32.97,99.17
MHIST_cuh.png,HP,0,train,75.1,1,4.3,99.23
MHIST_cui.png,SSA,7,train,61.97,2,0.0,99.17
MHIST_cuj.png,HP,1,train,76.32,1,0.0,95.7
MHIST_cuk.png,HP,0,train,88.52,0,29.34,99.08
MHIST_cul.png,HP,1,train,86.63,0,76.72,99.3
MHIST_cum.png,HP,0,train,76.17,1,0.0,96.68
MHIST_cun.png,HP,1,train,74.67,0,54.53,90.5
MHIST_cuo.png,HP,1,train,79.84,0,49.04,99.17
MHIST_cup.png,SSA,5,train,49.84,4,0.0,99.94
MHIST_cuq.png,SSA,7,test,64.95,3,0.0,99.97
MHIST_cur.png,HP,3,train,50.96,3,0.0,97.8
MHIST_cus.png,SSA,4,test,59.0,1,0.0,97.99
MHIST_cut.png,HP,0,train,45.07,6,0.0,99.68
MHIST_cuu.png,SSA,7,test,46.58,5,0.0,94.74
MHIST_cuv.png,SSA,5,train,68.6,3,0.0,99.9
MHIST_cuw.png,SSA,4,train,82.34,0,42.54,100.0
MHIST_cux.png,HP,0,train,58.16,3,0.0,99.65
MHIST_cuy.png,HP,0,test,79.2,1,1.02,99.08
MHIST_cuz.png,HP,2,train,57.45,4,0.0,99.11
MHIST_cva.png,HP,1,train,75.84,0,9.95,95.54
MHIST_cvb.png,HP,3,test,52.67,3,0.0,96.05
MHIST_cvc.png,HP,0,train,81.19,1,0.03,99.62
MHIST_cvd.png,HP,0,test,88.72,0,39.57,99.3
MHIST_cve.png,HP,3,test,62.9,2,0.0,95.25
MHIST_cvf.png,HP,0,train,43.49,2,0.0,99.84
MHIST_cvg.png,HP,0,train,84.93,0,19.99,99.94
MHIST_cvh.png,HP,2,train,67.42,1,1.15,93.18
MHIST_cvi.png,HP,1,train,40.05,7,0.0,95.89
MHIST_cvj.png,HP,1,train,57.11,4,0.1,97.8
MHIST_cvk.png,HP,3,train,72.63,0,58.16,98.63
MHIST_cvl.png,HP,2,train,70.76,1,0.13,98.92
MHIST_cvm.png,HP,2,train,83.36,0,40.56,99.14
MHIST_cvn.png,HP,2,test,83.16,1,3.79,99.78
MHIST_cvo.png,SSA,7,train,98.79,0,92.95,100.0
MHIST_cvp.png,SSA,7,test,65.32,1,0.0,100.0
MHIST_cvq.png,SSA,7,test,49.71,3,0.0,93.69
MHIST_cvr.png,HP,1,train,85.04,0,22.67,97.9
MHIST_cvs.png,HP,0,train,95.99,0,87.34,99.3
MHIST_cvt.png,SSA,7,train,72.16,1,1.56,99.65
MHIST_cvu.png,SSA,7,train,60.5,3,0.0,99.23
MHIST_cvv.png,HP,2,train,83.44,0,50.89,93.27
MHIST_cvw.png,HP,1,test,71.31,1,3.22,99.65
MHIST_cvx.png,SSA,5,train,64.74,2,0.0,99.78
MHIST_cvy.png,HP,0,train,47.48,4,0.1,98.44
MHIST_cvz.png,HP,3,test,85.04,0,26.43,98.57
MHIST_cwa.png,HP,3,train,83.86,0,43.18,99.3
MHIST_cwb.png,HP,2,test,53.12,4,0.0,90.34
MHIST_cwc.png,HP,0,train,62.6,4,0.0,100.0
MHIST_cwd.png,HP,3,train,66.82,0,26.18,99.71
MHIST_cwe.png,HP,2,train,64.61,2,0.0,98.28
MHIST_cwf.png,HP,1,test,67.88,1,0.0,94.64
MHIST_cwg.png,HP,0,train,95.44,0,79.43,99.84
MHIST_cwh.png,SSA,4,train,86.0,0,40.98,99.71
MHIST_cwi.png,HP,1,train,66.61,0,5.99,99.78
MHIST_cwj.png,HP,1,train,85.71,0,73.09,93.59
MHIST_cwk.png,HP,2,test,90.55,0,58.23,100.0
MHIST_cwl.png,HP,1,train,48.45,4,0.0,98.02
MHIST_cwm.png,HP,3,train,79.36,0,25.26,98.95
MHIST_cwn.png,SSA,7,test,65.31,2,0.19,99.65
MHIST_cwo.png,HP,2,train,67.22,0,11.35,86.73
MHIST_cwp.png,HP,0,train,84.34,0,72.26,96.49
MHIST_cwq.png,SSA,7,train,49.39,5,0.0,99.81
MHIST_cwr.png,SSA,7,train,69.82,0,11.93,96.46
MHIST_cws.png,SSA,6,train,79.57,0,43.27,98.44
MHIST_cwt.png,SSA,4,train,47.64,6,0.0,99.97
MHIST_cwu.png,HP,0,train,53.51,5,0.0,100.0
MHIST_cwv.png,HP,2,train,57.1,3,0.0,98.57
MHIST_cww.png,HP,2,test,73.14,0,6.86,99.59
MHIST_cwx.png,HP,2,train,63.6,2,0.0,98.95
MHIST_cwy.png,HP,0,train,45.16,6,0.0,99.62
MHIST_cwz.png,SSA,6,test,72.55,2,0.19,99.65
MHIST_cxa.png,HP,1,test,46.45,5,0.0,94.71
MHIST_cxb.png,HP,1,train,87.12,0,68.46,99.46
MHIST_cxc.png,HP,2,train,89.09,0,77.61,99.65
MHIST_cxd.png,HP,0,test,82.27,0,34.95,99.9
MHIST_cxe.png,HP,0,test,56.51,3,0.0,100.0
MHIST_cxf.png,SSA,7,train,65.67,1,0.67,99.23
MHIST_cxg.png,HP,1,train,53.43,4,0.0,99.52
MHIST_cxh.png,HP,0,train,57.9,4,0.13,95.57
MHIST_cxi.png,HP,0,train,39.66,7,0.0,97.13
MHIST_cxj.png,HP,1,test,70.57,1,0.0,97.99
MHIST_cxk.png,HP,0,train,48.81,5,0.0,99.81
MHIST_cxl.png,HP,2,train,95.56,0,85.08,100.0
MHIST_cxm.png,HP,0,train,62.39,3,0.0,97.54
MHIST_cxn.png,HP,0,train,89.54,0,24.94,100.0
MHIST_cxo.png,HP,0,train,84.42,0,21.14,96.21
MHIST_cxp.png,SSA,7,train,43.52,3,0.0,99.39
MHIST_cxq.png,HP,2,test,60.56,4,0.1,99.71
MHIST_cxr.png,HP,1,test,78.46,1,0.06,99.71
MHIST_cxs.png,HP,0,train,68.61,2,0.13,95.7
MHIST_cxt.png,HP,2,train,67.49,1,0.13,99.68
MHIST_cxu.png,HP,0,test,77.06,1,0.83,99.81
MHIST_cxv.png,HP,0,train,92.51,0,33.77,99.94
MHIST_cxw.png,SSA,7,train,73.61,0,28.0,99.08
MHIST_cxx.png,SSA,7,test,59.03,4,0.13,98.92
MHIST_cxy.png,SSA,4,train,83.51,0,13.49,99.46
MHIST_cxz.png,HP,0,train,96.73,0,93.78,98.79
MHIST_cya.png,HP,0,train,50.13,1,2.23,97.48
MHIST_cyb.png,HP,1,test,56.07,3,0.16,94.36
MHIST_cyc.png,HP,1,train,86.44,0,76.91,92.6
MHIST_cyd.png,HP,0,train,49.3,5,0.16,95.31
MHIST_cye.png,SSA,5,train,59.33,3,0.0,99.65
MHIST_cyf.png,HP,1,test,50.52,5,0.0,96.78
MHIST_cyg.png,HP,0,train,60.31,4,0.0,98.95
MHIST_cyh.png,HP,0,train,83.95,0,74.78,92.16
MHIST_cyi.png,HP,1,train,76.29,1,0.35,98.34
MHIST_cyj.png,HP,3,test,53.05,6,0.0,99.9
MHIST_cyk.png,SSA,7,test,71.95,0,21.88,99.23
MHIST_cyl.png,HP,2,test,60.78,1,0.0,97.42
MHIST_cym.png,HP,2,train,85.99,0,47.83,99.08
MHIST_cyn.png,SSA,7,test,41.08,5,0.0,97.23
MHIST_cyo.png,HP,3,train,67.26,2,0.0,99.59
MHIST_cyp.png,HP,0,train,90.71,0,54.4,99.97
MHIST_cyq.png,HP,1,train,71.84,1,0.67,99.49
MHIST_cyr.png,HP,2,train,71.53,0,10.3,97.35
MHIST_cys.png,HP,0,train,53.67,5,0.0,100.0
MHIST_cyt.png,SSA,4,train,57.25,2,0.0,98.41
MHIST_cyu.png,SSA,7,train,47.02,5,0.0,99.81
MHIST_cyv.png,HP,1,test,85.26,1,3.16,98.95
MHIST_cyw.png,SSA,4,train,61.62,4,0.0,99.78
MHIST_cyx.png,SSA,7,train,46.28,5,0.0,100.0
MHIST_cyy.png,HP,2,train,71.02,0,15.88,90.78
MHIST_cyz.png,HP,3,train,78.85,0,32.46,98.09
MHIST_cza.png,SSA,7,test,65.72,1,0.0,97.03
MHIST_czb.png,SSA,6,train,47.58,7,0.0,99.3
MHIST_czc.png,HP,1,test,82.22,0,64.09,96.05
MHIST_czd.png,HP,0,train,47.95,4,0.0,83.61
MHIST_cze.png,SSA,7,test,53.01,4,0.0,99.81
MHIST_czf.png,HP,2,train,64.19,1,4.94,96.75
MHIST_czg.png,SSA,7,train,42.98,6,0.0,98.18
MHIST_czh.png,HP,0,train,45.12,3,0.19,87.6
MHIST_czi.png,HP,2,train,57.35,1,0.19,89.16
MHIST_czj.png,HP,3,train,69.36,0,14.09,87.85
MHIST_czk.png,HP,2,train,76.62,0,26.85,99.01
MHIST_czl.png,HP,1,train,91.07,0,61.16,99.55
MHIST_czm.png,HP,2,train,65.49,1,3.28,98.88
MHIST_czn.png,SSA,7,train,53.66,4,0.0,99.43
MHIST_czo.png,HP,2,train,58.74,3,0.0,99.59
MHIST_czp.png,HP,0,train,91.45,0,30.96,99.74
MHIST_czq.png,HP,0,train,46.47,6,0.0,99.65
MHIST_czr.png,SSA,7,test,61.29,3,0.0,99.27
MHIST_czs.png,SSA,6,train,53.19,5,0.0,99.23
MHIST_czt.png,HP,0,train,88.04,0,23.98,99.59
MHIST_czu.png,HP,2,test,76.08,1,0.06,98.44
MHIST_czv.png,HP,1,train,61.92,0,19.64,99.84
MHIST_czw.png,HP,3,train,82.04,0,21.52,96.43
MHIST_czx.png,HP,2,train,89.69,0,82.43,95.38
MHIST_czy.png,HP,1,train,58.76,4,0.0,99.78
MHIST_czz.png,HP,1,train,61.35,1,0.0,92.73
MHIST_daa.png,HP,3,train,81.09,0,29.24,98.95
MHIST_dab.png,SSA,7,test,49.04,5,0.0,100.0
MHIST_dac.png,SSA,7,test,61.62,2,0.0,96.84
MHIST_dad.png,SSA,4,test,78.08,0,35.2,99.84
MHIST_dae.png,SSA,7,train,52.53,3,0.0,96.56
MHIST_daf.png,SSA,6,train,64.91,3,0.0,100.0
MHIST_dag.png,HP,2,train,75.98,1,1.4,96.11
MHIST_dah.png,HP,1,test,93.97,0,83.83,98.85
MHIST_dai.png,HP,1,train,85.65,0,30.55,99.71
MHIST_daj.png,HP,1,train,69.99,2,0.0,99.36
MHIST_dak.png,HP,1,test,41.37,6,0.0,99.97
MHIST_dal.png,HP,0,test,83.4,1,0.99,100.0
MHIST_dam.png,SSA,6,train,45.35,5,0.0,93.46
MHIST_dan.png,HP,0,test,95.67,0,92.06,98.76
MHIST_dao.png,SSA,7,train,87.17,0,70.98,98.18
MHIST_dap.png,HP,1,train,82.31,1,0.0,99.62
MHIST_daq.png,HP,1,test,91.54,0,64.48,97.51
MHIST_dar.png,HP,2,test,65.4,1,2.55,98.63
MHIST_das.png,HP,1,train,75.89,1,3.76,98.66
MHIST_dat.png,HP,1,train,41.13,6,0.06,96.4
MHIST_dau.png,HP,1,train,36.68,7,0.19,92.79
MHIST_dav.png,SSA,6,train,81.06,0,9.73,99.62
MHIST_daw.png,SSA,7,train,56.39,2,0.0,97.74
MHIST_dax.png,SSA,7,test,61.82,2,0.0,97.32
MHIST_day.png,HP,0,train,82.03,1,3.99,99.81
MHIST_daz.png,HP,0,train,63.81,3,0.22,93.34
MHIST_dba.png,HP,0,test,81.4,1,4.05,98.79
MHIST_dbb.png,HP,0,test,95.65,0,86.32,99.01
MHIST_dbc.png,SSA,6,train,57.95,4,0.0,99.71
MHIST_dbd.png,HP,3,train,72.6,0,7.3,90.75
MHIST_dbe.png,HP,3,test,48.42,4,0.0,97.42
MHIST_dbf.png,SSA,7,test,48.33,3,0.0,95.09
MHIST_dbg.png,HP,0,train,74.06,1,0.0,99.84
MHIST_dbh.png,HP,1,test,70.2,0,7.49,97.74
MHIST_dbi.png,SSA,5,train,88.44,0,74.04,97.77
MHIST_dbj.png,SSA,7,train,67.71,0,8.67,97.99
MHIST_dbk.png,SSA,6,train,84.0,0,47.48,100.0
MHIST_dbl.png,HP,3,test,75.01,0,55.39,91.49
MHIST_dbm.png,SSA,4,train,43.96,4,0.0,87.85
MHIST_dbn.png,HP,2,train,94.39,0,79.21,99.65
MHIST_dbo.png,HP,2,train,84.19,0,44.23,96.24
MHIST_dbp.png,HP,0,train,85.37,0,65.11,98.15
MHIST_dbq.png,HP,0,train,94.72,0,88.52,100.0
MHIST_dbr.png,HP,2,test,63.61,1,0.22,99.3
MHIST_dbs.png,SSA,5,train,80.73,0,24.04,99.52
MHIST_dbt.png,HP,0,train,75.63,0,21.81,99.81
MHIST_dbu.png,HP,1,test,73.05,1,0.0,99.27
MHIST_dbv.png,HP,0,train,54.47,2,1.72,93.27
MHIST_dbw.png,HP,2,train,81.37,0,53.92,94.2
MHIST_dbx.png,HP,1,train,52.04,4,0.0,99.2
MHIST_dby.png,HP,2,train,80.49,1,1.63,99.55
MHIST_dbz.png,SSA,5,train,50.72,3,0.0,99.43
MHIST_dca.png,HP,0,test,74.67,1,0.26,99.97
MHIST_dcb.png,HP,1,train,73.6,0,29.82,93.27
MHIST_dcc.png,SSA,7,train,80.98,1,0.03,100.0
MHIST_dcd.png,HP,1,train,61.34,4,0.0,94.99
MHIST_dce.png,HP,1,train,55.88,4,0.0,98.44
MHIST_dcf.png,HP,0,test,97.97,0,78.7,100.0
MHIST_dcg.png,SSA,7,test,60.28,5,0.0,100.0
MHIST_dch.png,HP,1,train,87.11,0,73.09,92.25
MHIST_dci.png,HP,3,train,57.05,2,0.0,99.3
MHIST_dcj.png,HP,2,train,71.85,1,3.6,100.0
MHIST_dck.png,HP,3,train,72.72,0,30.48,94.87
MHIST_dcl.png,HP,2,train,56.33,0,13.93,88.93
MHIST_dcm.png,SSA,6,train,53.41,4,0.0,97.26
MHIST_dcn.png,HP,2,train,51.13,4,0.0,99.23
MHIST_dco.png,SSA,4,train,84.33,0,56.38,99.43
MHIST_dcp.png,SSA,7,train,67.88,1,4.18,97.61
MHIST_dcq.png,HP,1,train,68.9,1,1.08,96.78
MHIST_dcr.png,HP,0,train,39.71,8,0.0,99.81
MHIST_dcs.png,HP,0,train,95.99,0,78.86,99.87
MHIST_dct.png,HP,0,train,73.59,0,27.81,98.76
MHIST_dcu.png,HP,0,train,80.28,0,30.23,95.76
MHIST_dcv.png,SSA,5,test,61.21,2,0.0,98.02
MHIST_dcw.png,HP,2,train,64.53,1,0.13,95.31
MHIST_dcx.png,SSA,7,train,53.92,4,0.0,100.0
MHIST_dcy.png,HP,2,train,70.92,2,0.0,99.49
MHIST_dcz.png,SSA,4,train,67.56,0,6.54,99.17
MHIST_dda.png,HP,1,train,73.34,0,30.29,98.63
MHIST_ddb.png,SSA,7,test,68.9,1,0.73,98.63
MHIST_ddc.png,HP,2,train,77.34,0,33.29,96.05
MHIST_ddd.png,HP,1,test,43.19,8,0.0,100.0
MHIST_dde.png,HP,1,train,99.37,0,97.13,100.0
MHIST_ddf.png,HP,1,test,87.61,0,39.92,99.97
MHIST_ddg.png,SSA,6,test,74.39,1,0.0,100.0
MHIST_ddh.png,HP,1,train,52.05,3,0.0,92.35
MHIST_ddi.png,HP,1,test,62.62,3,0.03,100.0
MHIST_ddj.png,SSA,7,train,77.11,0,9.02,100.0
MHIST_ddk.png,HP,1,test,56.7,3,0.0,96.62
MHIST_ddl.png,HP,0,train,83.34,0,5.96,99.49
MHIST_ddm.png,HP,1,train,76.54,0,55.42,85.08
MHIST_ddn.png,HP,3,test,92.3,0,85.2,99.2
MHIST_ddo.png,HP,1,test,85.81,0,55.93,93.08
MHIST_ddp.png,HP,0,train,42.68,5,0.0,99.14
MHIST_ddq.png,HP,1,train,86.3,0,63.78,99.55
MHIST_ddr.png,HP,0,test,87.7,0,31.12,100.0
MHIST_dds.png,HP,0,train,49.1,5,0.0,99.3
MHIST_ddt.png,HP,0,train,82.4,0,26.12,97.13
MHIST_ddu.png,SSA,7,train,77.32,0,13.81,99.97
MHIST_ddv.png,HP,3,train,45.66,5,0.0,98.5
MHIST_ddw.png,SSA,6,train,47.91,2,0.03,91.45
MHIST_ddx.png,HP,1,train,94.58,0,87.85,98.57
MHIST_ddy.png,SSA,4,train,56.47,3,0.0,99.94
MHIST_ddz.png,HP,2,train,74.42,0,25.26,98.47
MHIST_dea.png,HP,0,train,85.31,0,10.65,100.0
MHIST_deb.png,HP,0,train,56.37,3,0.19,90.43
MHIST_dec.png,HP,3,test,66.25,2,0.38,97.45
MHIST_ded.png,HP,3,train,54.53,3,0.0,94.71
MHIST_dee.png,HP,0,train,56.75,3,0.0,94.07
MHIST_def.png,HP,2,test,73.8,2,0.03,99.08
MHIST_deg.png,HP,3,train,54.36,4,0.03,99.3
MHIST_deh.png,SSA,7,train,71.83,2,0.0,99.49
MHIST_dei.png,SSA,7,train,71.53,0,30.96,88.01
MHIST_dej.png,HP,2,test,84.81,0,54.34,99.17
MHIST_dek.png,SSA,4,train,49.9,3,0.0,96.27
MHIST_del.png,HP,0,train,74.53,0,8.77,97.77
MHIST_dem.png,HP,0,train,50.39,4,0.0,97.13
MHIST_den.png,HP,3,test,48.35,2,0.0,96.49
MHIST_deo.png,HP,0,train,89.64,0,51.05,100.0
MHIST_dep.png,HP,0,train,97.53,0,94.61,99.9
MHIST_deq.png,SSA,7,train,44.1,5,0.0,96.49
MHIST_der.png,HP,0,test,94.0,0,84.02,98.66
MHIST_des.png,HP,1,train,81.94,0,20.57,99.01
MHIST_det.png,HP,0,train,70.18,0,11.45,99.14
MHIST_deu.png,HP,2,train,70.65,2,0.0,100.0
MHIST_dev.png,HP,2,test,80.52,0,39.73,99.9
MHIST_dew.png,SSA,7,train,67.21,1,0.32,98.85
MHIST_dex.png,SSA,4,train,96.2,0,84.38,100.0
MHIST_dey.png,HP,2,test,65.06,0,11.29,99.94
MHIST_dez.png,HP,0,train,42.47,4,0.45,94.36
MHIST_dfa.png,HP,0,train,51.13,4,0.16,87.53
MHIST_dfb.png,SSA,5,test,53.71,3,0.0,99.65
MHIST_dfc.png,HP,2,test,43.85,6,0.0,94.13
MHIST_dfd.png,HP,3,train,57.12,3,0.0,97.9
MHIST_dfe.png,SSA,4,test,65.58,3,0.0,99.36
MHIST_dff.png,HP,1,train,61.23,1,1.15,99.78
MHIST_dfg.png,SSA,4,train,70.09,2,0.0,99.27
MHIST_dfh.png,HP,1,train,51.28,5,0.0,98.31
MHIST_dfi.png,HP,2,test,85.47,0,70.06,95.95
MHIST_dfj.png,HP,0,train,98.25,0,82.43,100.0
MHIST_dfk.png,SSA,5,train,61.06,2,0.06,99.65
MHIST_dfl.png,HP,2,test,56.09,5,0.0,99.97
MHIST_dfm.png,HP,3,test,65.79,1,4.15,96.97
MHIST_dfn.png,SSA,5,test,52.31,2,0.0,100.0
MHIST_dfo.png,HP,0,train,47.33,7,0.0,99.46
MHIST_dfp.png,SSA,7,test,49.81,4,0.0,99.33
MHIST_dfq.png,HP,2,train,96.21,0,90.78,98.12
MHIST_dfr.png,HP,2,test,56.27,3,0.0,98.18
MHIST_dfs.png,HP,0,train,64.8,3,0.0,99.27
MHIST_dft.png,HP,1,train,58.14,5,0.0,100.0
MHIST_dfu.png,HP,1,train,76.29,0,53.73,92.25
MHIST_dfv.png,HP,2,test,58.8,4,0.0,99.46
MHIST_dfw.png,HP,3,train,82.84,0,11.26,99.84
MHIST_dfx.png,HP,1,train,42.64,6,0.29,95.31
MHIST_dfy.png,HP,1,test,41.06,3,1.15,95.15
MHIST_dfz.png,HP,3,test,74.11,1,2.01,99.59
MHIST_dga.png,HP,1,train,44.02,3,0.0,98.69
MHIST_dgb.png,HP,3,train,58.62,2,0.0,87.85
MHIST_dgc.png,SSA,7,train,54.86,3,0.03,99.11
MHIST_dgd.png,HP,0,train,82.82,0,27.49,94.13
MHIST_dge.png,HP,0,train,69.16,1,0.22,95.03
MHIST_dgf.png,HP,0,train,69.48,2,0.0,99.84
MHIST_dgg.png,HP,0,train,96.33,0,86.64,99.9
MHIST_dgh.png,HP,0,train,48.29,4,0.0,99.9
MHIST_dgi.png,SSA,6,train,65.51,2,0.0,99.23
MHIST_dgj.png,SSA,7,test,64.42,2,0.03,99.59
MHIST_dgk.png,HP,1,test,65.83,2,0.54,97.99
MHIST_dgl.png,HP,2,train,54.69,2,0.0,97.64
MHIST_dgm.png,HP,0,train,58.27,4,0.0,99.81
MHIST_dgn.png,HP,1,train,58.7,5,0.0,99.59
MHIST_dgo.png,HP,0,train,72.41,0,34.66,99.11
MHIST_dgp.png,HP,2,test,88.64,0,64.99,96.49
MHIST_dgq.png,HP,3,train,49.9,4,0.0,100.0
MHIST_dgr.png,HP,3,test,55.03,4,0.03,99.97
MHIST_dgs.png,SSA,5,train,76.45,1,0.13,96.81
MHIST_dgt.png,HP,1,train,71.14,1,3.6,99.23
MHIST_dgu.png,SSA,4,test,65.93,2,0.0,99.97
MHIST_dgv.png,HP,1,train,92.49,0,65.53,99.94
MHIST_dgw.png,HP,2,train,92.01,0,80.39,99.97
MHIST_dgx.png,HP,1,train,71.17,1,3.92,93.53
MHIST_dgy.png,HP,0,train,85.85,0,70.79,93.34
MHIST_dgz.png,HP,0,test,78.57,1,0.22,98.76
MHIST_dha.png,HP,1,test,85.03,0,62.28,99.81
MHIST_dhb.png,SSA,6,train,72.99,0,7.14,99.2
MHIST_dhc.png,SSA,7,test,75.3,1,0.0,100.0
MHIST_dhd.png,HP,2,train,82.72,0,22.74,99.65
MHIST_dhe.png,HP,0,train,49.89,4,0.0,99.97
MHIST_dhf.png,HP,0,test,44.76,4,0.16,98.72
MHIST_dhg.png,HP,2,test,73.47,1,4.15,96.78
MHIST_dhh.png,SSA,5,train,73.79,2,0.0,99.94
MHIST_dhi.png,HP,1,train,44.75,5,0.0,98.92
MHIST_dhj.png,HP,0,train,92.95,0,76.5,99.94
MHIST_dhk.png,HP,3,train,53.03,3,0.0,97.32
MHIST_dhl.png,HP,0,test,53.33,0,12.21,97.74
MHIST_dhm.png,HP,2,train,46.08,3,0.0,81.31
MHIST_dhn.png,HP,2,train,46.73,6,0.0,99.11
MHIST_dho.png,SSA,6,train,86.31,0,44.83,99.62
MHIST_dhp.png,HP,0,train,96.65,0,87.34,99.59
MHIST_dhq.png,HP,1,train,91.92,0,80.93,100.0
MHIST_dhr.png,SSA,7,train,66.1,2,0.0,98.37
MHIST_dhs.png,SSA,7,train,50.95,5,0.0,99.17
MHIST_dht.png,SSA,7,train,76.84,0,31.25,99.97
MHIST_dhu.png,SSA,6,train,85.71,0,53.76,99.3
MHIST_dhv.png,HP,0,train,96.15,0,89.45,99.94
MHIST_dhw.png,HP,2,test,95.87,0,88.58,99.94
MHIST_dhx.png,SSA,7,test,60.62,4,0.0,99.97
MHIST_dhy.png,HP,0,train,69.77,1,0.0,99.39
MHIST_dhz.png,SSA,4,test,74.01,0,22.23,98.31
MHIST_dia.png,SSA,6,train,78.41,0,61.42,96.14
MHIST_dib.png,SSA,6,test,55.87,2,0.0,97.07
MHIST_dic.png,HP,0,test,61.6,4,0.0,99.97
MHIST_did.png,HP,3,test,66.57,2,0.0,99.94
MHIST_die.png,HP,1,train,77.98,0,20.85,100.0
MHIST_dif.png,HP,0,train,76.19,0,51.82,96.46
MHIST_dig.png,HP,0,train,49.12,5,0.0,97.1
MHIST_dih.png,SSA,4,train,69.2,1,0.06,99.78
MHIST_dii.png,SSA,4,train,82.67,0,26.37,97.42
MHIST_dij.png,HP,2,test,54.99,4,0.0,94.9
MHIST_dik.png,SSA,7,train,58.92,1,4.43,96.56
MHIST_dil.png,HP,1,train,82.4,0,34.02,98.98
MHIST_dim.png,HP,1,train,91.27,0,85.91,98.66
MHIST_din.png,HP,0,train,42.72,6,0.0,96.56
MHIST_dio.png,SSA,6,test,71.49,0,5.45,96.27
MHIST_dip.png,HP,3,train,39.42,8,0.06,91.1
MHIST_diq.png,HP,1,test,53.79,4,0.0,98.53
MHIST_dir.png,HP,1,test,52.96,5,0.0,99.65
MHIST_dis.png,HP,1,train,66.01,2,0.03,93.91
MHIST_dit.png,HP,1,train,70.76,1,1.24,95.25
MHIST_diu.png,SSA,7,train,46.6,4,0.0,92.57
MHIST_div.png,HP,1,train,88.69,0,69.96,98.82
MHIST_diw.png,HP,0,train,90.52,0,69.67,99.04
MHIST_dix.png,SSA,5,test,77.14,0,9.66,99.97
MHIST_diy.png,SSA,6,train,76.8,1,0.06,97.26
MHIST_diz.png,SSA,7,test,64.03,1,0.0,93.69
MHIST_dja.png,HP,3,test,79.89,0,66.71,95.09
MHIST_djb.png,SSA,7,test,54.97,4,0.0,99.33
MHIST_djc.png,HP,0,test,53.86,2,0.06,99.68
MHIST_djd.png,SSA,4,test,60.95,2,0.0,99.97
MHIST_dje.png,SSA,4,test,59.2,5,0.06,99.65
MHIST_djf.png,HP,1,train,74.6,2,0.29,99.78
MHIST_djg.png,SSA,7,test,57.16,2,0.0,97.32
MHIST_djh.png,SSA,5,test,56.67,4,0.03,99.78
MHIST_dji.png,HP,1,test,70.64,1,0.0,99.78
MHIST_djj.png,SSA,7,train,56.88,2,0.0,99.68
MHIST_djk.png,SSA,4,train,70.21,1,0.0,100.0
MHIST_djl.png,HP,1,train,60.05,1,0.22,86.0
MHIST_djm.png,HP,0,train,75.52,1,0.22,93.97
MHIST_djn.png,SSA,7,train,74.09,0,9.89,99.97
MHIST_djo.png,HP,3,train,86.65,0,46.11,99.3
MHIST_djp.png,HP,0,test,72.15,1,0.0,97.03
MHIST_djq.png,HP,3,train,47.58,3,0.0,95.06
MHIST_djr.png,SSA,7,train,66.7,1,0.0,99.9
MHIST_djs.png,HP,3,train,61.52,1,0.03,93.14
MHIST_djt.png,HP,2,test,74.06,0,31.66,99.97
MHIST_dju.png,HP,1,train,60.16,2,0.16,95.15
MHIST_djv.png,HP,0,train,45.82,6,0.0,98.21
MHIST_djw.png,SSA,7,train,65.86,4,0.0,100.0
MHIST_djx.png,SSA,6,train,65.7,2,0.83,98.09
MHIST_djy.png,HP,2,train,56.46,3,0.0,98.92
MHIST_djz.png,HP,0,train,79.16,0,57.91,98.57
MHIST_dka.png,HP,2,train,70.4,1,0.67,98.28
MHIST_dkb.png,HP,3,train,78.32,1,0.1,97.99
MHIST_dkc.png,SSA,4,train,81.41,0,11.64,99.94
MHIST_dkd.png,SSA,4,train,91.93,0,70.79,99.97
MHIST_dke.png,HP,0,train,60.59,4,0.0,99.9
MHIST_dkf.png,SSA,7,train,74.2,0,35.68,98.76
MHIST_dkg.png,HP,1,train,58.02,2,1.31,90.66
MHIST_dkh.png,HP,0,test,76.8,0,12.34,100.0
MHIST_dki.png,SSA,5,train,54.93,2,0.06,95.25
MHIST_dkj.png,SSA,4,train,68.82,2,0.0,95.63
MHIST_dkk.png,SSA,6,test,66.73,1,0.0,100.0
MHIST_dkl.png,HP,2,test,82.22,0,5.58,98.63
MHIST_dkm.png,HP,1,train,76.23,0,25.32,96.24
MHIST_dkn.png,SSA,5,train,46.29,8,0.0,99.39
MHIST_dko.png,HP,2,test,89.1,0,63.55,99.43
MHIST_dkp.png,HP,1,train,58.65,1,0.86,93.69
MHIST_dkq.png,HP,0,train,58.6,3,0.0,99.62
MHIST_dkr.png,HP,2,train,48.56,4,0.0,86.16
MHIST_dks.png,HP,0,train,67.82,3,0.0,100.0
MHIST_dkt.png,SSA,6,train,63.83,3,0.0,100.0
MHIST_dku.png,HP,2,train,66.09,1,0.1,99.11
MHIST_dkv.png,HP,2,train,50.42,4,0.0,98.79
MHIST_dkw.png,HP,3,train,51.93,5,0.0,96.4
MHIST_dkx.png,SSA,6,train,47.98,6,0.0,97.64
MHIST_dky.png,HP,3,train,47.01,3,0.0,95.06
MHIST_dkz.png,HP,0,train,52.02,4,0.0,99.9
MHIST_dla.png,HP,1,train,77.66,0,7.4,99.74
MHIST_dlb.png,HP,1,train,94.93,0,88.17,98.09
MHIST_dlc.png,HP,1,train,71.29,1,0.0,95.63
MHIST_dld.png,SSA,4,train,42.19,7,0.0,98.63
MHIST_dle.png,HP,2,train,79.62,0,61.03,96.97
MHIST_dlf.png,SSA,7,train,53.36,4,0.0,99.74
MHIST_dlg.png,HP,1,test,51.26,5,0.0,100.0
MHIST_dlh.png,HP,0,train,50.01,5,0.1,99.59
MHIST_dli.png,HP,0,train,90.29,0,11.38,99.97
MHIST_dlj.png,SSA,7,test,42.06,4,0.0,93.37
MHIST_dlk.png,HP,0,train,94.69,0,76.85,100.0
MHIST_dll.png,HP,0,train,68.3,1,1.47,97.77
MHIST_dlm.png,SSA,5,train,47.79,3,0.0,99.46
MHIST_dln.png,HP,3,test,42.99,4,0.0,79.66
MHIST_dlo.png,HP,0,train,67.45,0,14.45,91.04
MHIST_dlp.png,SSA,7,test,52.89,3,0.0,100.0
MHIST_dlq.png,HP,1,test,49.9,4,0.13,95.03
MHIST_dlr.png,HP,1,train,97.46,0,84.82,99.9
MHIST_dls.png,HP,1,train,80.67,0,41.29,96.94
MHIST_dlt.png,SSA,7,test,79.34,0,34.15,98.6
MHIST_dlu.png,HP,1,train,94.73,0,42.63,100.0
MHIST_dlv.png,HP,2,train,44.85,7,0.0,99.94
MHIST_dlw.png,HP,1,train,61.32,4,0.0,95.44
MHIST_dlx.png,HP,0,train,55.92,5,0.0,99.46
MHIST_dly.png,HP,3,train,86.69,0,64.35,99.84
MHIST_dlz.png,HP,0,train,79.54,0,8.48,97.8
MHIST_dma.png,SSA,4,train,61.01,2,0.0,89.41
MHIST_dmb.png,HP,2,train,86.98,0,62.56,98.5
MHIST_dmc.png,HP,3,train,77.21,0,5.07,100.0
MHIST_dmd.png,HP,2,train,92.58,0,29.05,99.97
MHIST_dme.png,SSA,6,test,69.55,1,4.88,99.74
MHIST_dmf.png,HP,1,test,93.56,0,65.91,99.97
MHIST_dmg.png,SSA,7,train,49.26,4,0.0,98.31
MHIST_dmh.png,HP,0,test,89.83,0,64.16,99.23
MHIST_dmi.png,SSA,7,train,45.15,5,0.0,99.81
MHIST_dmj.png,SSA,5,train,64.06,3,0.0,95.06
MHIST_dmk.png,HP,0,train,69.95,1,0.06,97.61
MHIST_dml.png,HP,2,train,79.01,1,0.0,99.27
MHIST_dmm.png,HP,1,train,50.15,5,0.0,96.62
MHIST_dmn.png,HP,1,train,92.96,0,81.41,97.61
MHIST_dmo.png,HP,0,test,88.19,0,66.07,93.08
MHIST_dmp.png,HP,1,train,45.56,7,0.0,98.66
MHIST_dmq.png,SSA,7,test,55.69,2,0.1,100.0
MHIST_dmr.png,HP,2,test,61.78,2,0.0,98.12
MHIST_dms.png,SSA,6,train,94.19,0,66.74,100.0
MHIST_dmt.png,HP,1,train,71.45,0,17.38,96.62
MHIST_dmu.png,HP,1,train,90.51,0,60.36,99.9
MHIST_dmv.png,HP,3,train,57.64,4,0.0,99.68
MHIST_dmw.png,SSA,7,train,48.98,5,0.0,97.83
MHIST_dmx.png,HP,0,test,77.53,0,8.13,99.46
MHIST_dmy.png,HP,1,train,88.95,0,48.34,99.27
MHIST_dmz.png,HP,1,train,92.27,0,67.22,99.81
MHIST_dna.png,SSA,4,train,46.48,2,0.0,89.76
MHIST_dnb.png,HP,1,train,68.35,2,0.0,99.97
MHIST_dnc.png,HP,0,test,52.78,3,0.0,99.71
MHIST_dnd.png,SSA,7,test,72.47,0,14.0,93.4
MHIST_dne.png,HP,0,train,79.03,1,0.19,98.69
MHIST_dnf.png,HP,0,test,88.54,0,58.93,100.0
MHIST_dng.png,HP,3,test,39.1,7,0.0,98.18
MHIST_dnh.png,HP,3,train,55.84,1,0.0,96.05
MHIST_dni.png,SSA,7,train,56.88,3,0.1,98.66
MHIST_dnj.png,SSA,4,test,78.62,0,46.97,98.85
MHIST_dnk.png,HP,1,train,42.89,5,0.03,92.09
MHIST_dnl.png,HP,2,train,55.98,2,0.0,92.73
MHIST_dnm.png,HP,1,train,72.95,2,0.0,97.93
MHIST_dnn.png,HP,2,train,84.88,1,1.69,97.26
MHIST_dno.png,HP,3,train,54.39,4,0.0,99.78
MHIST_dnp.png,SSA,4,train,59.03,4,0.0,98.95
MHIST_dnq.png,HP,1,test,61.59,3,0.0,99.01
MHIST_dnr.png,HP,0,test,38.77,6,0.0,98.95
MHIST_dns.png,HP,2,test,51.33,1,0.0,90.11
MHIST_dnt.png,HP,0,train,88.37,0,75.54,96.49
MHIST_dnu.png,HP,0,train,92.37,0,84.28,98.82
MHIST_dnv.png,HP,0,train,77.91,0,10.08,96.49
MHIST_dnw.png,HP,0,train,71.75,2,0.0,99.68
MHIST_dnx.png,HP,1,train,87.77,0,64.35,99.3
MHIST_dny.png,HP,1,train,82.17,0,52.04,93.18
MHIST_dnz.png,HP,3,train,66.56,2,0.0,96.21
MHIST_doa.png,HP,0,train,55.63,2,1.12,99.97
MHIST_dob.png,SSA,7,test,66.66,1,0.0,99.81
MHIST_doc.png,HP,3,train,75.39,0,44.04,89.03
MHIST_dod.png,HP,1,test,56.88,5,0.0,96.49
MHIST_doe.png,HP,0,train,53.98,3,0.03,97.96
MHIST_dof.png,HP,1,train,54.5,0,14.35,77.9
MHIST_dog.png,SSA,7,train,71.93,0,18.78,99.74
MHIST_doh.png,SSA,5,train,59.66,2,0.0,95.15
MHIST_doi.png,HP,1,test,72.65,0,25.73,91.1
MHIST_doj.png,SSA,6,test,44.23,5,0.0,96.3
MHIST_dok.png,SSA,4,train,85.61,0,41.55,99.52
MHIST_dol.png,SSA,6,train,83.59,0,9.53,100.0
MHIST_dom.png,SSA,4,train,85.68,0,35.46,99.81
MHIST_don.png,SSA,5,test,58.01,5,0.0,100.0
MHIST_doo.png,HP,3,test,49.64,5,0.0,99.23
MHIST_dop.png,SSA,6,test,65.38,1,0.0,99.97
MHIST_doq.png,HP,1,train,69.76,1,0.26,97.07
MHIST_dor.png,HP,1,train,68.94,1,0.0,99.55
MHIST_dos.png,HP,1,train,97.88,0,81.95,100.0
MHIST_dot.png,HP,1,train,93.78,0,40.82,99.9
MHIST_dou.png,HP,0,test,75.3,0,11.07,94.83
MHIST_dov.png,HP,1,test,56.0,2,0.19,97.0
MHIST_dow.png,HP,1,test,92.14,0,77.2,99.9
MHIST_dox.png,HP,2,train,58.47,3,0.03,92.54
MHIST_doy.png,SSA,4,train,62.28,4,0.0,98.44
MHIST_doz.png,HP,3,test,66.3,0,9.28,91.29
MHIST_dpa.png,HP,1,test,60.04,2,0.0,97.19
MHIST_dpb.png,SSA,4,train,76.78,1,0.0,98.98
MHIST_dpc.png,HP,0,test,40.36,7,0.0,92.6
MHIST_dpd.png,HP,1,test,52.13,3,0.0,96.05
MHIST_dpe.png,HP,1,train,45.5,4,0.0,94.32
MHIST_dpf.png,HP,0,train,69.98,1,0.41,96.27
MHIST_dpg.png,SSA,4,test,76.64,1,0.03,98.02
MHIST_dph.png,HP,2,train,85.81,0,21.72,99.94
MHIST_dpi.png,HP,1,test,51.68,4,0.0,97.7
MHIST_dpj.png,SSA,4,train,51.84,4,0.0,93.85
MHIST_dpk.png,HP,1,train,65.3,3,0.0,99.36
MHIST_dpl.png,SSA,4,train,81.85,1,0.61,99.9
MHIST_dpm.png,HP,0,train,88.29,0,20.6,98.92
MHIST_dpn.png,SSA,7,train,80.43,1,0.0,100.0
MHIST_dpo.png,SSA,6,train,73.51,0,32.78,100.0
MHIST_dpp.png,SSA,4,train,77.78,0,44.2,95.09
MHIST_dpq.png,HP,1,train,39.06,5,0.29,97.0
MHIST_dpr.png,HP,1,train,60.79,3,0.0,99.27
MHIST_dps.png,HP,0,train,89.06,0,42.67,97.8
MHIST_dpt.png,SSA,4,train,63.08,2,0.0,98.82
MHIST_dpu.png,HP,1,train,90.47,0,61.13,99.59
MHIST_dpv.png,HP,0,train,40.01,7,0.0,95.95
MHIST_dpw.png,HP,0,train,63.36,2,0.03,99.74
MHIST_dpx.png,HP,0,test,55.07,3,0.0,98.76
MHIST_dpy.png,SSA,5,test,73.75,1,0.0,99.55
MHIST_dpz.png,HP,1,train,74.41,0,9.31,97.26
MHIST_dqa.png,HP,0,train,81.29,0,48.53,99.87
MHIST_dqb.png,HP,0,train,55.04,4,0.0,95.63
MHIST_dqc.png,HP,0,train,60.81,3,0.0,95.22
MHIST_dqd.png,HP,0,train,54.39,3,0.06,99.74
MHIST_dqe.png,HP,0,train,91.53,0,54.82,99.97
MHIST_dqf.png,HP,0,train,40.39,7,0.0,99.87
MHIST_dqg.png,HP,1,train,98.03,0,92.92,99.94
MHIST_dqh.png,SSA,7,train,86.15,0,58.71,99.3
MHIST_dqi.png,HP,0,train,62.78,3,0.0,95.79
MHIST_dqj.png,HP,2,train,77.43,1,0.06,98.66
MHIST_dqk.png,HP,1,test,61.01,4,0.0,99.46
MHIST_dql.png,HP,1,train,76.41,0,39.19,92.47
MHIST_dqm.png,HP,3,train,47.93,3,0.0,97.42
MHIST_dqn.png,HP,3,test,66.25,0,14.45,99.78
MHIST_dqo.png,HP,1,train,98.09,0,94.77,99.97
MHIST_dqp.png,HP,0,train,96.87,0,89.99,99.97
MHIST_dqq.png,SSA,7,train,86.41,0,25.26,100.0
MHIST_dqr.png,SSA,4,train,88.67,0,48.34,100.0
MHIST_dqs.png,SSA,7,test,75.09,2,0.0,99.97
MHIST_dqt.png,SSA,4,train,53.89,4,0.0,99.43
MHIST_dqu.png,HP,0,train,67.22,1,0.96,98.02
MHIST_dqv.png,HP,0,test,67.26,1,0.92,99.3
MHIST_dqw.png,HP,2,train,78.37,0,11.99,99.14
MHIST_dqx.png,HP,1,train,71.61,1,0.06,97.51
MHIST_dqy.png,SSA,5,test,59.05,3,0.1,99.84
MHIST_dqz.png,HP,0,train,47.98,5,0.0,94.39
MHIST_dra.png,HP,2,train,52.39,4,0.0,98.09
MHIST_drb.png,SSA,7,train,54.91,4,0.38,96.56
MHIST_drc.png,SSA,7,test,47.47,5,0.0,100.0
MHIST_drd.png,HP,0,train,81.2,1,0.32,99.78
MHIST_dre.png,SSA,7,train,48.3,5,0.0,99.68
MHIST_drf.png,SSA,6,train,60.03,2,0.0,94.36
MHIST_drg.png,HP,0,train,79.81,0,60.62,94.9
MHIST_drh.png,SSA,7,train,66.36,1,0.0,99.9
MHIST_dri.png,HP,0,train,60.34,1,1.37,95.82
MHIST_drj.png,HP,1,train,66.56,3,0.16,99.52
MHIST_drk.png,HP,2,train,48.01,2,0.0,100.0
MHIST_drl.png,HP,1,test,40.61,7,0.0,92.95
MHIST_drm.png,HP,1,test,62.08,3,0.26,99.84
MHIST_drn.png,HP,2,train,50.78,3,0.0,99.87
MHIST_dro.png,HP,2,train,89.36,0,63.55,100.0
MHIST_drp.png,HP,0,test,90.88,0,54.5,98.85
MHIST_drq.png,HP,1,test,85.68,0,71.27,98.69
MHIST_drr.png,HP,0,train,35.93,7,0.1,91.33
MHIST_drs.png,SSA,4,test,49.58,1,0.03,100.0
MHIST_drt.png,SSA,7,train,90.57,0,22.42,100.0
MHIST_dru.png,HP,1,test,91.5,0,53.35,99.84
MHIST_drv.png,SSA,7,train,41.68,7,0.0,99.17
MHIST_drw.png,HP,0,train,63.3,1,0.0,99.84
MHIST_drx.png,HP,0,train,42.78,3,0.0,90.21
MHIST_dry.png,HP,2,train,59.51,2,0.06,99.74
MHIST_drz.png,HP,1,train,63.76,2,0.13,98.34
MHIST_dsa.png,SSA,7,train,75.58,1,0.19,97.26
MHIST_dsb.png,HP,1,test,75.05,0,5.26,99.46
MHIST_dsc.png,SSA,7,train,72.57,1,0.0,99.71
MHIST_dsd.png,SSA,7,train,67.1,0,6.22,100.0
MHIST_dse.png,SSA,7,train,93.18,0,11.83,100.0
MHIST_dsf.png,HP,3,train,58.31,1,0.0,90.59
MHIST_dsg.png,HP,3,test,72.28,1,0.06,99.2
MHIST_dsh.png,HP,2,train,75.13,0,6.41,96.59
MHIST_dsi.png,SSA,4,train,78.02,0,5.17,100.0
MHIST_dsj.png,HP,0,train,63.22,2,0.22,97.23
MHIST_dsk.png,SSA,4,train,63.4,3,0.0,99.2
MHIST_dsl.png,SSA,7,test,83.14,1,0.0,99.94
MHIST_dsm.png,SSA,4,train,76.11,0,30.48,94.87
MHIST_dsn.png,HP,1,train,65.53,1,3.64,99.94
MHIST_dso.png,SSA,6,train,68.57,2,1.28,100.0
MHIST_dsp.png,HP,1,train,57.32,3,0.03,89.83
MHIST_dsq.png,HP,3,train,52.76,4,0.0,97.96
MHIST_dsr.png,HP,1,train,92.8,0,70.73,100.0
MHIST_dss.png,HP,2,test,97.33,0,82.88,100.0
MHIST_dst.png,HP,0,train,86.22,0,47.64,95.85
MHIST_dsu.png,HP,1,train,90.21,0,63.36,99.94
MHIST_dsv.png,HP,1,train,83.28,0,15.88,98.82
MHIST_dsw.png,HP,1,train,52.9,3,0.51,95.7
MHIST_dsx.png,HP,0,train,73.45,2,0.03,99.81
MHIST_dsy.png,SSA,7,test,87.29,0,39.64,99.97
MHIST_dsz.png,HP,2,train,83.4,1,1.63,99.9
MHIST_dta.png,HP,1,test,92.58,0,66.2,99.97
MHIST_dtb.png,HP,3,train,60.56,3,0.13,99.97
MHIST_dtc.png,HP,1,test,73.08,1,0.0,99.55
MHIST_dtd.png,HP,2,train,97.62,0,94.55,99.71
MHIST_dte.png,SSA,7,train,61.08,3,0.0,99.97
MHIST_dtf.png,HP,3,train,85.95,1,4.08,100.0
MHIST_dtg.png,SSA,7,train,97.13,0,81.57,100.0
MHIST_dth.png,HP,0,train,70.33,1,0.03,99.97
MHIST_dti.png,HP,0,train,99.53,0,98.21,100.0
MHIST_dtj.png,HP,0,test,43.87,8,0.0,99.97
MHIST_dtk.png,HP,0,train,76.62,0,8.32,99.97
MHIST_dtl.png,SSA,7,train,38.58,5,0.0,96.17
MHIST_dtm.png,HP,2,test,79.16,0,5.55,99.94
MHIST_dtn.png,SSA,7,train,63.99,1,0.1,99.14
MHIST_dto.png,HP,1,test,67.57,3,0.0,99.2
MHIST_dtp.png,HP,2,train,57.44,0,14.06,99.87
MHIST_dtq.png,SSA,7,test,83.82,0,63.52,97.93
MHIST_dtr.png,HP,1,train,57.11,4,0.0,99.71
MHIST_dts.png,SSA,5,train,80.54,0,48.15,98.66
MHIST_dtt.png,SSA,7,train,72.85,1,0.0,99.3
MHIST_dtu.png,SSA,5,train,49.8,3,0.0,99.62
MHIST_dtv.png,SSA,6,train,97.13,0,83.42,100.0
MHIST_dtw.png,HP,1,train,42.63,4,0.26,95.34
MHIST_dtx.png,SSA,7,test,63.28,2,0.16,100.0
MHIST_dty.png,SSA,7,train,68.56,1,0.0,99.71
MHIST_dtz.png,HP,0,test,62.17,0,10.59,96.4
MHIST_dua.png,SSA,7,train,50.98,4,0.0,98.02
MHIST_dub.png,HP,3,test,87.24,0,31.98,100.0
MHIST_duc.png,HP,1,train,94.68,0,84.57,99.01
MHIST_dud.png,HP,3,train,77.74,0,52.58,98.09
MHIST_due.png,SSA,4,train,78.84,0,14.64,99.3
MHIST_duf.png,SSA,7,train,83.17,0,11.64,100.0
MHIST_dug.png,HP,1,test,58.93,3,0.03,99.97
MHIST_duh.png,HP,1,test,64.37,4,0.0,99.3
MHIST_dui.png,SSA,5,train,88.6,0,64.57,99.68
MHIST_duj.png,HP,3,train,88.49,0,73.63,99.65
MHIST_duk.png,HP,3,train,72.74,0,47.19,98.63
MHIST_dul.png,HP,3,test,83.81,0,58.13,99.94
MHIST_dum.png,HP,1,test,67.78,2,0.03,99.81
MHIST_dun.png,HP,0,test,78.15,0,13.55,99.49
MHIST_duo.png,HP,3,test,44.94,5,0.0,99.2
MHIST_dup.png,SSA,6,train,89.16,0,73.79,98.21
MHIST_duq.png,SSA,4,train,42.65,6,0.0,98.53
MHIST_dur.png,HP,1,test,92.95,0,88.33,99.14
MHIST_dus.png,HP,1,test,59.0,5,0.0,100.0
MHIST_dut.png,HP,3,test,83.86,0,50.7,95.22
MHIST_duu.png,HP,1,train,61.34,4,0.0,99.08
MHIST_duv.png,HP,3,test,75.24,0,21.97,97.86
MHIST_duw.png,SSA,6,test,76.05,0,6.76,96.27
MHIST_dux.png,HP,0,test,87.39,0,77.52,95.41
MHIST_duy.png,SSA,5,test,59.47,2,0.0,99.84
MHIST_duz.png,SSA,5,train,61.72,3,0.0,100.0
MHIST_dva.png,SSA,7,test,64.88,2,0.0,100.0
MHIST_dvb.png,HP,0,train,74.66,1,0.8,97.96
MHIST_dvc.png,HP,0,train,71.05,3,0.0,99.97
MHIST_dvd.png,HP,2,test,49.8,3,0.0,95.79
MHIST_dve.png,HP,3,test,65.37,3,0.0,99.9
MHIST_dvf.png,HP,1,train,82.76,0,48.79,94.9
MHIST_dvg.png,SSA,7,train,96.93,0,85.01,100.0
MHIST_dvh.png,HP,1,train,95.99,0,92.03,99.08
MHIST_dvi.png,HP,3,test,89.64,0,77.97,100.0
MHIST_dvj.png,SSA,7,train,87.53,0,65.21,100.0
MHIST_dvk.png,SSA,5,train,75.92,1,4.02,98.98
MHIST_dvl.png,HP,2,test,71.43,1,0.0,99.11
MHIST_dvm.png,HP,2,train,88.88,0,25.99,100.0
MHIST_dvn.png,HP,2,train,49.64,5,0.0,97.48
MHIST_dvo.png,HP,1,train,66.69,3,0.0,97.9
MHIST_dvp.png,HP,0,train,54.92,4,0.06,93.88
MHIST_dvq.png,HP,0,test,88.16,0,63.65,99.23
MHIST_dvr.png,SSA,6,train,59.1,3,0.0,97.48
MHIST_dvs.png,HP,0,test,71.11,1,0.0,99.97
MHIST_dvt.png,HP,0,test,81.68,1,0.06,99.74
MHIST_dvu.png,HP,0,train,44.77,4,0.0,98.92
MHIST_dvv.png,HP,2,test,40.24,3,0.22,93.3
MHIST_dvw.png,HP,3,train,74.72,1,0.06,99.08
MHIST_dvx.png,HP,2,train,73.57,0,53.83,94.32
MHIST_dvy.png,SSA,6,test,76.85,0,45.41,100.0
MHIST_dvz.png,SSA,7,test,53.73,3,0.0,97.13
MHIST_dwa.png,SSA,7,train,44.17,5,0.0,96.49
MHIST_dwb.png,HP,1,train,77.85,0,21.68,99.97
MHIST_dwc.png,SSA,6,train,82.91,0,9.82,99.97
MHIST_dwd.png,HP,0,train,97.44,0,88.65,99.87
MHIST_dwe.png,HP,1,train,46.77,6,0.0,99.97
MHIST_dwf.png,SSA,5,test,89.5,0,53.03,100.0
MHIST_dwg.png,HP,0,test,63.63,1,4.18,97.32
MHIST_dwh.png,HP,2,test,63.63,2,0.35,99.78
MHIST_dwi.png,SSA,7,train,67.15,1,0.19,98.72
MHIST_dwj.png,HP,2,train,61.43,2,0.19,94.99
MHIST_dwk.png,HP,1,train,46.03,2,0.03,99.39
MHIST_dwl.png,HP,3,train,68.19,2,0.32,98.79
MHIST_dwm.png,HP,1,train,50.92,4,0.0,97.54
MHIST_dwn.png,HP,1,test,86.95,0,64.25,99.3
MHIST_dwo.png,HP,2,train,92.72,0,84.38,97.96
MHIST_dwp.png,SSA,7,train,78.55,0,47.48,100.0
MHIST_dwq.png,SSA,6,train,66.15,0,26.72,94.36
MHIST_dwr.png,HP,1,train,43.5,5,0.0,99.46
MHIST_dws.png,SSA,7,test,52.98,3,0.0,99.27
MHIST_dwt.png,HP,2,test,89.93,0,52.97,99.59
MHIST_dwu.png,SSA,6,train,66.19,2,0.86,99.97
MHIST_dwv.png,HP,0,train,64.63,3,0.32,99.39
MHIST_dww.png,HP,1,train,40.22,5,0.0,97.7
MHIST_dwx.png,HP,1,train,49.72,4,0.0,99.08
MHIST_dwy.png,HP,1,train,84.43,0,6.06,97.9
MHIST_dwz.png,HP,2,train,69.98,0,27.14,99.84
MHIST_dxa.png,SSA,7,train,78.22,1,0.0,99.23
MHIST_dxb.png,HP,3,train,78.34,1,0.16,99.33
MHIST_dxc.png,SSA,4,test,69.36,1,0.16,99.84
MHIST_dxd.png,HP,3,train,77.42,0,13.07,96.17
MHIST_dxe.png,SSA,5,train,56.92,3,0.0,94.87
MHIST_dxf.png,HP,3,train,45.52,8,0.0,100.0
MHIST_dxg.png,HP,1,train,90.7,0,75.54,97.74
MHIST_dxh.png,HP,1,train,67.36,0,16.84,96.14
MHIST_dxi.png,HP,2,test,69.14,3,0.0,99.9
MHIST_dxj.png,SSA,5,test,50.01,3,0.0,97.7
MHIST_dxk.png,SSA,7,train,48.35,3,0.0,96.49
MHIST_dxl.png,SSA,6,test,75.75,0,18.88,99.49
MHIST_dxm.png,SSA,5,train,64.4,2,0.0,99.74
MHIST_dxn.png,HP,1,train,52.54,5,0.03,99.87
MHIST_dxo.png,SSA,4,test,40.03,5,0.0,93.02
MHIST_dxp.png,HP,3,train,64.82,0,11.0,91.07
MHIST_dxq.png,HP,2,train,40.16,5,0.0,77.46
MHIST_dxr.png,SSA,6,train,83.62,0,17.7,99.97
MHIST_dxs.png,SSA,7,train,59.44,3,0.0,98.66
MHIST_dxt.png,SSA,5,test,54.83,4,0.0,98.02
MHIST_dxu.png,HP,1,test,64.95,0,15.66,84.15
MHIST_dxv.png,HP,2,test,63.31,0,15.27,88.58
MHIST_dxw.png,HP,1,train,58.69,0,25.64,97.0
MHIST_dxx.png,HP,0,train,51.58,5,0.26,98.88
MHIST_dxy.png,HP,2,train,54.05,2,0.0,97.61
MHIST_dxz.png,HP,2,train,73.49,1,0.0,96.91
MHIST_dya.png,HP,2,train,63.31,1,0.0,98.92
MHIST_dyb.png,HP,1,train,44.18,5,0.0,99.71
MHIST_dyc.png,HP,1,train,69.56,2,0.0,99.94
MHIST_dyd.png,HP,1,test,52.04,4,0.06,99.52
MHIST_dye.png,HP,2,test,61.15,1,4.24,97.74
MHIST_dyf.png,HP,2,train,85.41,0,53.73,99.84
MHIST_dyg.png,HP,3,train,63.88,4,0.0,97.26
MHIST_dyh.png,HP,0,train,68.2,1,0.0,99.97
MHIST_dyi.png,HP,2,train,90.44,0,65.66,99.43
MHIST_dyj.png,HP,0,train,88.37,0,68.62,94.93
MHIST_dyk.png,HP,0,test,70.32,1,1.31,100.0
MHIST_dyl.png,HP,0,train,87.27,0,58.99,100.0
MHIST_dym.png,HP,2,train,69.77,1,0.92,99.81
MHIST_dyn.png,HP,0,test,85.65,1,3.51,98.66
MHIST_dyo.png,HP,0,test,98.19,0,95.12,100.0
MHIST_dyp.png,HP,1,test,84.02,1,0.16,99.49
MHIST_dyq.png,SSA,7,train,72.29,0,28.48,98.47
MHIST_dyr.png,HP,1,train,92.35,0,30.77,100.0
MHIST_dys.png,HP,3,train,80.28,0,37.47,100.0
MHIST_dyt.png,HP,1,train,58.41,3,0.0,99.17
MHIST_dyu.png,HP,1,train,38.28,6,0.0,97.77
MHIST_dyv.png,HP,2,test,85.95,0,32.68,98.44
MHIST_dyw.png,SSA,7,train,51.17,4,0.0,97.93
MHIST_dyx.png,HP,0,train,75.53,1,3.57,99.65
MHIST_dyy.png,SSA,7,train,65.21,2,0.03,98.95
MHIST_dyz.png,SSA,6,train,71.48,0,12.98,99.01
MHIST_dza.png,HP,1,test,93.41,0,63.68,100.0
MHIST_dzb.png,SSA,7,train,62.05,4,0.03,98.47
MHIST_dzc.png,HP,3,test,42.74,4,0.0,90.98
MHIST_dzd.png,HP,1,test,62.39,2,0.0,99.59
MHIST_dze.png,HP,1,test,74.29,1,0.0,98.88
MHIST_dzf.png,HP,1,train,83.1,0,58.42,97.0
MHIST_dzg.png,HP,0,train,86.23,1,4.75,99.62
MHIST_dzh.png,HP,1,train,62.38,1,0.0,95.41
MHIST_dzi.png,HP,1,train,68.73,3,0.0,99.97
MHIST_dzj.png,HP,2,train,41.42,8,0.0,98.21
MHIST_dzk.png,SSA,4,train,52.68,4,0.0,90.5
MHIST_dzl.png,HP,1,test,79.34,0,26.53,96.88
MHIST_dzm.png,HP,3,test,71.78,0,8.0,99.39
MHIST_dzn.png,HP,1,train,90.24,0,23.18,97.77
MHIST_dzo.png,HP,1,train,75.18,0,28.28,99.68
MHIST_dzp.png,HP,1,train,71.13,1,1.28,99.36
MHIST_dzq.png,HP,0,test,86.25,0,68.49,99.78
MHIST_dzr.png,HP,2,train,70.94,0,19.87,90.75
MHIST_dzs.png,HP,2,test,58.92,2,0.0,97.58
MHIST_dzt.png,SSA,7,train,55.21,5,0.0,99.94
MHIST_dzu.png,HP,3,test,83.1,1,0.06,99.59
MHIST_dzv.png,HP,2,train,84.08,0,29.21,99.71
MHIST_dzw.png,HP,1,test,73.27,1,0.67,98.05
MHIST_dzx.png,HP,2,test,91.04,0,67.51,100.0
MHIST_dzy.png,HP,1,train,47.76,5,0.0,92.09
MHIST_dzz.png,SSA,7,train,70.71,1,0.06,96.56
MHIST_eaa.png,HP,1,train,53.01,2,0.1,95.5
MHIST_eab.png,SSA,4,train,64.88,3,0.0,100.0
MHIST_eac.png,HP,1,test,86.98,0,32.3,100.0
MHIST_ead.png,HP,0,train,60.62,4,0.0,100.0
MHIST_eae.png,HP,3,train,64.44,0,8.51,95.85
MHIST_eaf.png,HP,0,test,61.91,4,0.0,100.0
MHIST_eag.png,HP,0,test,58.88,3,0.0,95.79
MHIST_eah.png,HP,2,test,73.67,1,0.0,99.78
MHIST_eai.png,HP,3,test,65.81,0,7.72,94.32
MHIST_eaj.png,SSA,4,train,80.09,0,36.16,98.37
MHIST_eak.png,HP,0,test,64.31,4,0.0,99.71
MHIST_eal.png,HP,2,train,52.35,5,0.0,99.97
MHIST_eam.png,HP,3,test,62.36,2,0.0,100.0
MHIST_ean.png,HP,2,train,79.1,0,50.96,95.63
MHIST_eao.png,SSA,7,test,48.85,6,0.0,99.87
MHIST_eap.png,SSA,7,test,48.91,2,0.03,96.11
MHIST_eaq.png,HP,2,train,76.74,0,44.9,98.31
MHIST_ear.png,HP,1,train,61.54,3,0.0,100.0
MHIST_eas.png,HP,0,train,95.76,0,86.45,99.97
MHIST_eat.png,HP,1,train,86.57,0,75.8,98.57
MHIST_eau.png,SSA,4,train,69.32,2,0.0,96.62
MHIST_eav.png,SSA,7,train,56.41,3,0.83,98.66
MHIST_eaw.png,HP,0,train,56.04,4,0.38,99.14
MHIST_eax.png,HP,1,train,68.95,2,0.13,96.36
MHIST_eay.png,HP,1,train,38.54,7,0.16,94.99
MHIST_eaz.png,HP,3,train,80.69,0,10.87,98.05
MHIST_eba.png,HP,2,train,46.73,5,0.06,98.6
MHIST_ebb.png,HP,2,train,71.59,2,0.0,99.04
MHIST_ebc.png,HP,2,test,80.22,0,10.52,100.0
MHIST_ebd.png,SSA,7,train,50.36,2,0.03,97.77
MHIST_ebe.png,HP,0,train,56.64,4,0.16,99.43
MHIST_ebf.png,HP,0,train,98.39,0,94.16,99.97
MHIST_ebg.png,HP,1,train,80.19,0,19.8,99.81
MHIST_ebh.png,SSA,5,test,51.69,3,0.0,99.49
MHIST_ebi.png,HP,3,train,59.97,2,0.64,99.94
MHIST_ebj.png,HP,0,train,96.92,0,91.93,98.95
MHIST_ebk.png,SSA,7,test,66.25,1,0.06,97.0
MHIST_ebl.png,SSA,7,test,78.61,0,11.29,99.97
MHIST_ebm.png,HP,2,train,73.97,1,0.0,99.71
MHIST_ebn.png,HP,1,train,63.61,3,0.03,98.69
MHIST_ebo.png,HP,1,train,46.09,5,0.0,99.3
MHIST_ebp.png,SSA,7,train,56.42,5,0.0,97.26
MHIST_ebq.png,HP,1,train,78.92,0,40.5,94.77
MHIST_ebr.png,HP,2,train,65.95,1,1.69,99.36
MHIST_ebs.png,HP,2,train,64.4,0,27.71,99.49
MHIST_ebt.png,SSA,7,train,74.85,1,0.73,99.94
MHIST_ebu.png,SSA,6,test,52.49,4,0.03,98.85
MHIST_ebv.png,HP,3,train,74.69,0,49.14,91.74
MHIST_ebw.png,HP,2,train,41.88,5,0.0,94.13
MHIST_ebx.png,HP,2,train,57.46,2,0.06,92.95
MHIST_eby.png,SSA,7,train,65.1,0,7.4,94.77
MHIST_ebz.png,SSA,5,train,60.3,0,6.92,99.84
MHIST_eca.png,HP,3,train,44.66,2,0.0,89.76
MHIST_ecb.png,HP,3,train,61.78,3,0.0,98.76
MHIST_ecc.png,SSA,6,test,54.09,2,0.0,99.62
MHIST_ecd.png,SSA,5,train,71.21,2,0.06,99.43
MHIST_ece.png,HP,2,test,61.69,4,0.0,99.84
MHIST_ecf.png,HP,0,train,70.78,1,2.39,100.0
MHIST_ecg.png,HP,1,train,76.6,1,0.0,95.31
MHIST_ech.png,HP,0,test,88.11,0,60.65,97.74
MHIST_eci.png,HP,0,train,86.8,0,64.22,92.73
MHIST_ecj.png,SSA,7,train,66.45,0,17.41,97.86
MHIST_eck.png,SSA,7,train,98.87,0,87.82,100.0
MHIST_ecl.png,SSA,7,test,59.7,2,0.0,99.11
MHIST_ecm.png,HP,1,train,89.94,0,48.37,99.94
MHIST_ecn.png,SSA,7,train,64.19,2,0.0,98.37
MHIST_eco.png,HP,2,test,72.42,1,0.96,99.71
MHIST_ecp.png,SSA,4,train,62.09,1,0.06,95.25
MHIST_ecq.png,HP,3,train,52.15,4,0.03,100.0
MHIST_ecr.png,HP,3,test,55.66,3,0.0,96.3
MHIST_ecs.png,HP,0,train,75.81,0,38.68,98.21
MHIST_ect.png,HP,0,train,64.88,0,9.22,99.94
MHIST_ecu.png,HP,1,train,39.46,8,0.0,98.79
MHIST_ecv.png,HP,2,train,48.3,5,0.0,99.74
MHIST_ecw.png,HP,0,train,55.2,4,0.0,99.2
MHIST_ecx.png,HP,1,test,67.32,1,0.06,99.49
MHIST_ecy.png,SSA,4,train,80.1,0,35.91,98.63
MHIST_ecz.png,HP,1,test,65.02,2,2.14,100.0
MHIST_eda.png,SSA,7,test,51.66,3,0.0,93.97
MHIST_edb.png,HP,0,train,85.76,0,15.34,99.52
MHIST_edc.png,HP,3,train,85.59,1,0.19,99.94
MHIST_edd.png,HP,0,test,47.97,0,6.79,99.97
MHIST_ede.png,SSA,5,train,75.32,0,20.66,99.71
MHIST_edf.png,SSA,5,test,65.66,2,0.0,99.94
MHIST_edg.png,HP,0,test,83.89,1,1.47,98.15
MHIST_edh.png,HP,1,test,46.62,5,0.0,96.59
MHIST_edi.png,SSA,7,test,54.74,3,0.0,97.86
MHIST_edj.png,SSA,4,test,59.47,2,0.0,97.32
MHIST_edk.png,HP,2,train,75.1,0,27.74,98.53
MHIST_edl.png,SSA,5,train,53.43,3,0.0,96.4
MHIST_edm.png,SSA,7,test,64.53,3,0.0,98.92
MHIST_edn.png,HP,2,test,82.34,1,0.73,99.81
MHIST_edo.png,SSA,7,train,48.17,3,0.0,97.13
MHIST_edp.png,SSA,7,train,70.14,1,1.47,99.94
MHIST_edq.png,HP,0,train,53.44,1,0.0,97.07
MHIST_edr.png,HP,3,train,55.71,1,0.0,98.28
MHIST_eds.png,SSA,4,test,69.65,2,0.03,99.78
MHIST_edt.png,HP,0,train,59.4,0,10.78,97.0
MHIST_edu.png,HP,0,train,71.7,2,0.13,100.0
MHIST_edv.png,HP,1,train,51.92,4,0.0,95.7
MHIST_edw.png,HP,0,train,40.68,8,0.0,99.9
MHIST_edx.png,HP,1,train,70.05,2,0.0,98.21
MHIST_edy.png,HP,1,train,98.75,0,96.91,99.78
MHIST_edz.png,HP,1,train,36.09,5,0.1,89.64
MHIST_eea.png,HP,0,train,89.67,0,22.35,99.65
MHIST_eeb.png,HP,0,train,92.49,0,56.7,98.79
MHIST_eec.png,SSA,7,train,67.99,1,0.1,99.43
MHIST_eed.png,HP,0,train,87.81,0,12.63,99.23
MHIST_eee.png,SSA,5,train,82.98,0,66.07,99.87
MHIST_eef.png,SSA,5,train,42.69,7,0.0,99.9
MHIST_eeg.png,HP,3,train,68.01,0,28.28,94.87
MHIST_eeh.png,SSA,7,train,61.63,4,0.0,97.99
MHIST_eei.png,HP,1,train,95.41,0,90.62,99.01
MHIST_eej.png,HP,2,train,73.26,0,33.16,99.3
MHIST_eek.png,SSA,5,train,83.35,0,11.16,99.94
MHIST_eel.png,HP,3,train,86.02,0,37.28,98.53
MHIST_eem.png,HP,1,train,98.83,0,92.57,100.0
MHIST_een.png,SSA,5,train,81.38,0,39.45,99.62
MHIST_eeo.png,SSA,7,test,59.68,2,0.0,97.96
MHIST_eep.png,HP,1,train,54.52,1,0.1,98.88
MHIST_eeq.png,SSA,6,test,81.09,1,0.19,99.74
MHIST_eer.png,HP,3,train,82.86,0,21.56,98.28
MHIST_ees.png,HP,1,train,94.67,0,83.8,99.3
MHIST_eet.png,HP,1,train,92.11,0,80.52,99.74
MHIST_eeu.png,HP,2,train,60.04,4,0.0,89.64
MHIST_eev.png,HP,0,train,64.88,2,0.0,96.17
MHIST_eew.png,HP,0,train,47.99,3,0.0,93.18
MHIST_eex.png,SSA,4,train,80.29,0,45.92,99.2
MHIST_eey.png,SSA,7,test,64.05,2,0.0,99.65
MHIST_eez.png,HP,2,train,78.62,0,43.18,99.33
MHIST_efa.png,SSA,6,train,68.7,1,0.64,97.26
MHIST_efb.png,SSA,7,train,79.14,0,6.76,98.72
MHIST_efc.png,HP,1,train,64.49,4,0.0,99.01
MHIST_efd.png,HP,2,test,77.58,0,42.54,100.0
MHIST_efe.png,SSA,4,train,54.93,3,0.06,99.08
MHIST_eff.png,HP,1,test,91.76,0,84.98,98.76
MHIST_efg.png,HP,1,train,79.78,1,1.28,98.31
MHIST_efh.png,SSA,6,test,62.41,1,0.0,96.3
MHIST_efi.png,HP,0,train,83.88,0,15.5,99.3
MHIST_efj.png,HP,0,train,98.8,0,93.49,100.0
MHIST_efk.png,HP,3,train,60.83,3,0.0,99.11
MHIST_efl.png,SSA,7,train,75.53,1,0.0,100.0
MHIST_efm.png,HP,1,train,70.53,2,2.33,98.12
MHIST_efn.png,HP,2,train,65.99,2,0.0,98.44
MHIST_efo.png,SSA,5,train,43.88,6,0.0,98.28
MHIST_efp.png,HP,3,train,67.62,0,22.29,99.43
MHIST_efq.png,HP,3,train,77.65,0,7.27,99.78
MHIST_efr.png,HP,3,test,69.9,1,0.0,99.97
MHIST_efs.png,HP,1,test,75.1,0,30.87,93.27
MHIST_eft.png,HP,1,train,54.96,4,0.0,97.29
MHIST_efu.png,SSA,7,train,43.45,3,0.0,96.52
MHIST_efv.png,HP,3,test,59.59,3,0.0,97.1
MHIST_efw.png,SSA,7,test,46.77,4,0.0,99.3
MHIST_efx.png,HP,1,train,89.83,0,72.26,99.68
MHIST_efy.png,HP,0,test,76.03,0,6.95,99.59
MHIST_efz.png,SSA,7,test,52.37,4,0.0,99.11
MHIST_ega.png,HP,1,train,50.32,6,0.0,99.78
MHIST_egb.png,SSA,5,test,61.61,1,3.73,95.44
MHIST_egc.png,HP,1,train,72.72,1,0.0,98.6
MHIST_egd.png,SSA,7,train,49.41,4,0.0,98.02
MHIST_ege.png,HP,2,test,82.46,0,64.09,96.05
MHIST_egf.png,SSA,7,test,54.76,4,0.0,99.14
MHIST_egg.png,HP,3,train,53.77,5,0.0,99.65
MHIST_egh.png,SSA,4,train,77.15,0,51.69,91.33
MHIST_egi.png,SSA,7,test,60.75,1,0.0,96.91
MHIST_egj.png,HP,0,train,61.02,3,0.0,98.66
MHIST_egk.png,SSA,6,train,63.7,0,6.03,98.47
MHIST_egl.png,HP,0,train,96.14,0,85.4,99.11
MHIST_egm.png,HP,0,train,86.78,0,29.43,99.78
MHIST_egn.png,SSA,5,train,64.18,2,0.0,97.9
MHIST_ego.png,HP,0,train,73.9,0,30.77,99.94
MHIST_egp.png,SSA,4,train,70.45,0,9.79,98.6
MHIST_egq.png,HP,1,train,77.11,0,30.64,99.97
MHIST_egr.png,HP,3,train,72.09,2,0.0,99.46
MHIST_egs.png,HP,3,train,56.76,3,0.0,99.11
MHIST_egt.png,HP,1,train,73.67,1,0.0,99.97
MHIST_egu.png,HP,2,train,96.42,0,91.23,99.33
MHIST_egv.png,HP,3,train,48.26,3,0.0,97.93
MHIST_egw.png,SSA,5,train,43.14,6,0.0,97.9
MHIST_egx.png,HP,2,train,78.26,0,61.29,97.48
MHIST_egy.png,HP,2,train,61.33,0,6.31,98.69
MHIST_egz.png,SSA,6,test,40.53,6,0.0,99.71
MHIST_eha.png,SSA,7,test,62.34,3,0.06,100.0
MHIST_ehb.png,HP,3,test,60.98,1,0.06,99.55
MHIST_ehc.png,SSA,7,train,62.86,1,0.0,97.83
MHIST_ehd.png,SSA,6,test,76.54,0,11.51,99.68
MHIST_ehe.png,HP,0,train,64.83,1,0.0,97.61
MHIST_ehf.png,HP,0,train,59.71,3,0.0,99.78
MHIST_ehg.png,HP,1,test,53.47,3,0.0,91.07
MHIST_ehh.png,HP,3,test,53.35,5,0.0,99.9
MHIST_ehi.png,HP,1,train,96.24,0,52.58,100.0
MHIST_ehj.png,HP,1,train,99.25,0,92.83,100.0
MHIST_ehk.png,SSA,7,train,60.4,2,0.0,97.0
MHIST_ehl.png,HP,2,train,86.87,0,76.24,96.91
MHIST_ehm.png,SSA,5,test,50.28,6,0.0,99.01
MHIST_ehn.png,SSA,6,train,83.45,0,5.74,100.0
MHIST_eho.png,HP,3,test,85.99,0,47.8,99.74
MHIST_ehp.png,HP,0,train,98.54,0,90.88,100.0
MHIST_ehq.png,HP,0,train,62.97,0,24.68,99.84
MHIST_ehr.png,SSA,5,train,83.95,0,46.94,100.0
MHIST_ehs.png,SSA,7,test,43.75,5,0.0,99.33
MHIST_eht.png,HP,0,train,99.56,0,96.14,100.0
MHIST_ehu.png,HP,0,train,82.85,0,24.3,100.0
MHIST_ehv.png,HP,0,train,46.9,4,0.03,91.52
MHIST_ehw.png,HP,0,test,59.83,3,0.06,96.97
MHIST_ehx.png,HP,2,train,69.37,2,0.1,99.74
MHIST_ehy.png,HP,1,train,50.65,2,0.0,99.97
MHIST_ehz.png,SSA,7,test,56.49,4,0.0,98.63
MHIST_eia.png,HP,1,train,87.95,0,67.19,97.32
MHIST_eib.png,HP,3,test,77.1,0,25.35,100.0
MHIST_eic.png,SSA,7,train,63.94,0,10.91,99.87
MHIST_eid.png,HP,0,train,74.43,2,1.72,99.9
MHIST_eie.png,HP,3,test,67.56,1,0.26,95.6
MHIST_eif.png,HP,0,train,90.88,0,60.94,97.42
MHIST_eig.png,HP,1,train,90.19,0,60.52,99.94
MHIST_eih.png,HP,3,train,85.35,0,9.38,99.84
MHIST_eii.png,SSA,7,train,92.11,0,11.1,100.0
MHIST_eij.png,HP,2,train,53.13,2,0.0,84.09
MHIST_eik.png,HP,1,train,54.91,1,0.0,98.21
MHIST_eil.png,SSA,7,train,54.05,3,0.0,100.0
MHIST_eim.png,HP,1,train,45.74,6,0.03,96.49
MHIST_ein.png,HP,2,train,90.0,0,38.71,99.17
MHIST_eio.png,HP,1,test,56.32,3,0.03,93.14
MHIST_eip.png,HP,0,train,88.89,0,46.65,99.62
MHIST_eiq.png,SSA,5,train,85.16,0,44.83,99.62
MHIST_eir.png,SSA,5,test,73.41,1,1.05,99.94
MHIST_eis.png,HP,2,train,96.74,0,87.37,99.97
MHIST_eit.png,SSA,4,train,64.62,3,0.0,99.52
MHIST_eiu.png,SSA,5,train,96.33,0,88.65,100.0
MHIST_eiv.png,SSA,6,train,47.22,4,0.0,95.38
MHIST_eiw.png,HP,0,train,40.84,5,0.0,94.9
MHIST_eix.png,HP,1,train,66.82,1,2.2,99.81
MHIST_eiy.png,SSA,5,test,62.49,1,2.49,100.0
MHIST_eiz.png,HP,1,train,45.99,5,0.03,99.04
MHIST_eja.png,HP,3,train,56.3,1,0.0,90.72
MHIST_ejb.png,HP,2,train,81.98,0,57.97,99.74
MHIST_ejc.png,HP,1,train,45.39,8,0.0,99.9
MHIST_ejd.png,HP,1,test,42.63,7,0.0,99.84
MHIST_eje.png,HP,1,train,41.64,4,0.0,99.49
MHIST_ejf.png,SSA,7,train,82.24,0,34.5,99.46
MHIST_ejg.png,HP,1,train,33.21,6,0.0,80.84
MHIST_ejh.png,SSA,6,train,59.98,3,0.0,99.87
MHIST_eji.png,HP,0,train,89.45,0,71.43,95.28
MHIST_ejj.png,HP,0,train,54.25,5,0.0,98.85
MHIST_ejk.png,HP,1,train,93.63,0,74.55,99.62
MHIST_ejl.png,HP,0,train,47.53,5,0.0,95.82
MHIST_ejm.png,HP,2,test,78.19,0,46.97,95.54
MHIST_ejn.png,SSA,5,train,55.66,3,0.0,98.66
MHIST_ejo.png,HP,2,test,85.92,0,25.22,100.0
MHIST_ejp.png,HP,3,train,70.72,2,0.06,98.12
MHIST_ejq.png,HP,3,train,77.03,0,55.42,89.45
MHIST_ejr.png,HP,2,test,94.02,0,75.38,99.65
MHIST_ejs.png,SSA,4,train,72.43,0,13.68,99.3
MHIST_ejt.png,HP,3,train,70.24,1,0.03,100.0
MHIST_eju.png,HP,1,train,42.03,1,0.29,87.09
MHIST_ejv.png,SSA,4,train,70.85,1,0.99,100.0
MHIST_ejw.png,HP,3,train,89.41,0,16.58,99.97
MHIST_ejx.png,HP,0,train,57.3,2,0.0,99.81
MHIST_ejy.png,HP,1,train,91.69,0,69.16,100.0
MHIST_ejz.png,HP,2,train,44.27,5,0.35,90.72
MHIST_eka.png,HP,2,train,74.37,1,3.32,99.97
MHIST_ekb.png,HP,1,train,89.46,0,60.55,99.9
MHIST_ekc.png,HP,2,test,40.56,7,0.0,99.78
MHIST_ekd.png,HP,2,train,83.41,0,36.0,95.09
MHIST_eke.png,SSA,4,test,91.71,0,70.89,98.95
MHIST_ekf.png,SSA,7,train,67.21,4,0.0,100.0
MHIST_ekg.png,SSA,4,test,68.8,2,0.03,97.26
MHIST_ekh.png,SSA,6,test,54.81,3,0.0,98.79
MHIST_eki.png,HP,3,train,84.55,0,38.11,99.14
MHIST_ekj.png,SSA,7,test,71.44,0,24.27,97.13
MHIST_ekk.png,HP,1,train,78.44,0,47.42,95.31
MHIST_ekl.png,HP,1,train,58.78,4,0.16,99.97
MHIST_ekm.png,SSA,4,test,56.82,4,0.0,99.94
MHIST_ekn.png,HP,3,test,73.55,1,0.0,100.0
MHIST_eko.png,HP,2,train,76.22,0,63.36,87.95
MHIST_ekp.png,HP,1,train,91.69,0,74.62,98.85
MHIST_ekq.png,SSA,4,train,66.89,3,1.28,99.97
MHIST_ekr.png,HP,3,train,64.76,2,0.0,96.81
MHIST_eks.png,HP,2,train,81.56,0,67.06,93.24
MHIST_ekt.png,HP,1,train,69.87,3,0.0,99.39
MHIST_eku.png,HP,1,train,88.41,0,29.18,99.04
MHIST_ekv.png,HP,1,train,68.38,1,0.0,100.0
MHIST_ekw.png,HP,1,train,53.54,1,0.86,95.31
MHIST_ekx.png,SSA,7,train,82.67,0,44.77,100.0
MHIST_eky.png,SSA,7,train,45.67,5,0.0,98.02
MHIST_ekz.png,HP,1,train,74.64,1,0.0,99.97
MHIST_ela.png,HP,0,test,90.56,0,25.32,98.09
MHIST_elb.png,SSA,6,test,44.68,4,0.19,93.37
MHIST_elc.png,HP,0,train,78.41,1,3.44,99.84
MHIST_eld.png,SSA,4,train,57.58,0,10.97,97.9
MHIST_ele.png,HP,1,test,41.89,7,0.0,99.65
MHIST_elf.png,SSA,4,train,76.21,2,0.0,100.0
MHIST_elg.png,HP,0,train,84.06,0,16.52,98.41
MHIST_elh.png,HP,0,test,61.5,4,0.0,99.17
MHIST_eli.png,HP,0,test,49.91,6,0.0,100.0
MHIST_elj.png,HP,1,test,51.7,4,0.0,99.9
MHIST_elk.png,HP,0,test,98.69,0,91.71,99.9
MHIST_ell.png,HP,1,test,59.61,1,0.0,97.99
MHIST_elm.png,HP,0,train,74.44,2,0.16,99.97
MHIST_eln.png,HP,3,train,73.21,1,0.29,98.79
MHIST_elo.png,SSA,4,test,76.43,1,0.0,99.94
MHIST_elp.png,HP,0,train,61.69,3,0.06,97.19
MHIST_elq.png,HP,0,train,62.91,2,0.0,98.31
MHIST_elr.png,HP,1,train,83.88,0,53.7,99.97
MHIST_els.png,HP,1,test,54.52,5,0.0,99.3
MHIST_elt.png,HP,0,test,66.46,3,0.0,98.15
MHIST_elu.png,SSA,4,test,66.23,1,0.0,97.64
MHIST_elv.png,SSA,7,train,84.11,0,48.02,100.0
MHIST_elw.png,SSA,7,train,53.66,3,0.0,99.68
MHIST_elx.png,SSA,7,test,56.14,2,0.0,99.71
MHIST_ely.png,HP,0,train,42.93,7,0.0,99.94
MHIST_elz.png,HP,0,train,94.03,0,84.34,99.62
MHIST_ema.png,SSA,5,train,61.56,3,0.0,99.78
MHIST_emb.png,HP,0,train,53.36,3,0.0,99.3
MHIST_emc.png,SSA,4,train,90.88,0,70.73,99.11
MHIST_emd.png,HP,1,train,61.94,2,0.0,96.24
MHIST_eme.png,HP,1,train,55.01,2,0.26,99.01
MHIST_emf.png,SSA,5,test,71.88,2,0.0,99.23
MHIST_emg.png,SSA,5,train,95.65,0,68.94,100.0
MHIST_emh.png,HP,0,train,90.86,0,26.28,98.37
MHIST_emi.png,HP,0,train,43.61,6,0.0,99.9
MHIST_emj.png,HP,1,train,93.85,0,63.14,100.0
MHIST_emk.png,HP,3,train,56.17,1,1.5,97.54
MHIST_eml.png,HP,0,train,59.81,3,0.13,95.06
MHIST_emm.png,HP,0,train,98.76,0,96.84,99.9
MHIST_emn.png,HP,0,train,82.53,0,29.3,99.36
MHIST_emo.png,HP,0,train,66.69,3,0.0,98.28
MHIST_emp.png,HP,1,test,81.91,1,1.98,99.74
MHIST_emq.png,HP,2,test,71.95,1,0.03,98.53
MHIST_emr.png,HP,0,test,94.25,0,64.67,99.17
MHIST_ems.png,SSA,7,test,59.81,3,0.0,100.0
MHIST_emt.png,HP,3,train,81.29,0,52.74,98.5
MHIST_emu.png,SSA,7,test,56.07,3,0.0,100.0
MHIST_emv.png,SSA,7,train,78.38,0,46.75,99.97
MHIST_emw.png,SSA,4,train,52.47,5,0.0,99.39
MHIST_emx.png,SSA,6,test,49.04,2,0.0,98.57
MHIST_emy.png,SSA,5,test,57.39,1,1.08,97.7
MHIST_emz.png,HP,1,train,89.08,0,12.4,99.97
MHIST_ena.png,HP,2,test,63.43,2,0.22,99.27
MHIST_enb.png,HP,0,train,70.13,1,2.07,98.82
MHIST_enc.png,HP,1,test,58.37,3,0.0,92.19
MHIST_end.png,SSA,7,test,56.29,3,0.0,97.03
MHIST_ene.png,HP,1,test,77.9,0,21.81,95.66
MHIST_enf.png,HP,0,train,66.98,3,0.0,99.97
MHIST_eng.png,HP,0,train,62.43,4,0.0,99.39
MHIST_enh.png,HP,0,train,73.08,1,0.13,98.88
MHIST_eni.png,HP,1,train,60.99,3,0.0,99.3
MHIST_enj.png,HP,1,train,96.28,0,88.84,99.68
MHIST_enk.png,SSA,7,train,67.32,0,10.84,95.31
MHIST_enl.png,SSA,7,test,55.43,4,0.0,99.27
MHIST_enm.png,SSA,7,test,50.24,3,0.0,99.27
MHIST_enn.png,HP,0,train,84.9,0,16.9,99.59
MHIST_eno.png,HP,0,train,88.08,0,56.76,99.52
MHIST_enp.png,HP,2,train,60.53,2,0.03,97.7
MHIST_enq.png,SSA,6,test,50.3,4,0.0,96.49
MHIST_enr.png,SSA,6,test,52.31,1,0.0,98.44
MHIST_ens.png,HP,3,train,54.8,3,0.0,98.72
MHIST_ent.png,HP,2,train,70.28,0,18.59,99.84
MHIST_enu.png,SSA,4,test,72.68,0,35.52,97.67
MHIST_env.png,SSA,7,test,53.42,2,0.0,97.23
MHIST_enw.png,HP,1,train,81.07,0,11.64,99.87
MHIST_enx.png,SSA,6,test,55.25,3,0.0,93.02
MHIST_eny.png,HP,1,test,86.05,0,61.35,99.62
MHIST_enz.png,HP,2,test,90.84,0,80.52,97.77
MHIST_eoa.png,HP,0,train,47.63,6,0.0,98.6
MHIST_eob.png,HP,0,train,85.14,0,8.99,99.43
MHIST_eoc.png,HP,1,test,70.36,2,0.1,98.18
MHIST_eod.png,HP,0,test,89.59,0,81.76,95.66
MHIST_eoe.png,SSA,5,train,83.42,0,8.07,99.97
MHIST_eof.png,HP,0,train,85.79,0,7.53,99.04
MHIST_eog.png,HP,0,train,83.41,0,55.74,93.59
MHIST_eoh.png,SSA,7,train,74.15,0,32.33,98.31
MHIST_eoi.png,HP,1,train,90.02,0,66.68,99.3
MHIST_eoj.png,HP,1,train,81.49,0,10.78,99.2
MHIST_eok.png,HP,0,train,68.43,0,11.22,91.68
MHIST_eol.png,HP,0,test,87.67,0,30.45,99.84
MHIST_eom.png,HP,0,train,63.89,1,0.0,97.26
MHIST_eon.png,HP,0,train,77.92,0,33.83,99.49
MHIST_eoo.png,HP,1,train,39.69,7,0.0,96.43
MHIST_eop.png,HP,0,test,39.9,6,0.0,97.54
MHIST_eoq.png,HP,1,test,41.29,7,0.03,92.63
MHIST_eor.png,SSA,6,train,79.63,0,25.92,100.0
MHIST_eos.png,HP,0,train,64.59,1,1.28,98.69
MHIST_eot.png,HP,0,train,80.27,0,16.39,99.74
MHIST_eou.png,HP,1,train,94.29,0,84.73,99.08
MHIST_eov.png,SSA,7,train,71.96,1,0.13,99.97
MHIST_eow.png,SSA,7,test,65.23,0,7.24,93.78
MHIST_eox.png,SSA,5,train,55.06,2,0.0,99.94
MHIST_eoy.png,HP,0,train,84.99,0,30.26,92.47
MHIST_eoz.png,HP,0,train,87.0,0,9.69,99.23
MHIST_epa.png,HP,0,train,71.55,3,0.13,99.78
MHIST_epb.png,HP,0,train,98.27,0,95.76,99.59
MHIST_epc.png,HP,1,train,96.22,0,88.04,99.94
MHIST_epd.png,HP,0,train,74.05,1,0.0,99.2
MHIST_epe.png,HP,0,train,39.19,8,0.0,99.9
MHIST_epf.png,HP,0,test,61.54,2,0.0,98.92
MHIST_epg.png,HP,2,train,64.48,2,0.06,96.65
MHIST_eph.png,SSA,4,train,52.28,4,0.0,96.81
MHIST_epi.png,HP,2,train,76.96,1,0.0,100.0
MHIST_epj.png,HP,1,test,97.69,0,90.18,99.94
MHIST_epk.png,HP,1,test,64.34,3,0.0,99.9
MHIST_epl.png,HP,1,test,87.44,0,64.76,99.23
MHIST_epm.png,SSA,5,train,78.11,0,13.33,99.14
MHIST_epn.png,SSA,6,train,61.51,3,0.1,99.59
MHIST_epo.png,HP,2,test,55.76,4,0.0,97.48
MHIST_epp.png,HP,0,test,62.82,1,1.59,99.81
MHIST_epq.png,HP,0,train,64.24,2,0.0,99.27
MHIST_epr.png,SSA,5,train,66.94,2,0.0,100.0
MHIST_eps.png,HP,1,test,41.35,8,0.0,99.39
MHIST_ept.png,HP,0,test,80.76,0,28.92,99.01
MHIST_epu.png,HP,0,train,84.07,1,1.63,98.37
MHIST_epv.png,HP,0,train,79.73,0,38.84,91.96
MHIST_epw.png,HP,0,train,45.38,3,0.0,97.35
MHIST_epx.png,SSA,5,test,46.43,4,0.0,98.85
MHIST_epy.png,SSA,7,train,81.72,0,17.16,99.71
MHIST_epz.png,HP,3,train,57.1,2,0.03,93.24
MHIST_eqa.png,SSA,7,train,65.89,2,0.0,99.27
MHIST_eqb.png,HP,0,train,78.54,1,1.69,98.37
MHIST_eqc.png,HP,1,test,42.89,7,0.0,98.79
MHIST_eqd.png,HP,0,train,58.49,4,0.0,99.27
MHIST_eqe.png,HP,1,test,79.9,1,4.78,99.71
MHIST_eqf.png,HP,1,train,69.53,1,0.06,99.94
MHIST_eqg.png,HP,3,test,65.71,3,0.0,100.0
MHIST_eqh.png,HP,3,train,65.11,2,0.0,100.0
MHIST_eqi.png,HP,1,test,83.61,0,62.4,93.4
MHIST_eqj.png,SSA,6,test,43.96,6,0.0,98.63
MHIST_eqk.png,HP,1,train,93.92,0,70.73,99.08
MHIST_eql.png,HP,2,train,75.38,0,22.32,99.33
MHIST_eqm.png,SSA,4,train,80.61,0,46.91,100.0
MHIST_eqn.png,HP,1,train,54.88,5,0.0,97.83
MHIST_eqo.png,SSA,6,train,60.22,3,0.0,98.41
MHIST_eqp.png,SSA,7,train,48.1,1,0.0,89.99
MHIST_eqq.png,HP,0,train,72.47,0,23.47,99.97
MHIST_eqr.png,HP,1,train,81.03,0,16.96,100.0
MHIST_eqs.png,HP,2,train,74.14,0,50.51,91.07
MHIST_eqt.png,HP,3,test,89.77,0,48.5,99.14
MHIST_equ.png,HP,2,test,62.6,2,0.0,95.25
MHIST_eqv.png,HP,0,test,68.21,2,0.67,95.73
MHIST_eqw.png,SSA,4,train,74.71,1,0.0,99.97
MHIST_eqx.png,SSA,7,train,46.24,4,0.0,95.38
MHIST_eqy.png,SSA,7,train,52.8,2,0.0,91.01
MHIST_eqz.png,SSA,7,test,47.14,4,0.0,93.97
MHIST_era.png,HP,2,train,69.78,0,6.79,99.01
MHIST_erb.png,HP,2,train,61.21,3,0.0,97.32
MHIST_erc.png,SSA,6,train,49.49,3,0.0,94.87
MHIST_erd.png,SSA,4,test,63.29,1,0.67,98.41
MHIST_ere.png,HP,1,train,84.3,0,7.94,99.36
MHIST_erf.png,HP,1,train,68.76,1,0.03,97.26
